Верхний зуб 1,Верхний зуб 2,Верхний зуб 3,Верхний зуб 4,Верхний зуб 5,Верхний зуб 6,Нижний зуб 1,Нижний зуб 2,Нижний зуб 3,Нижний зуб 4,Нижний зуб 5,Нижний зуб 6,Индекс 1
2.41,1.68,1.02,3.46,2.93,7.42,6.41,8.93,7.49,4.09,0.82,6.87,54.666
5.17,5.7,7.12,4.69,6.39,0.91,7.95,5.79,4.54,8.6,4.14,4.68,83.978
7.18,1.99,5.15,0.34,9.77,7.97,5.54,4.81,0.07,8.78,2.63,3.75,126.661
4.02,3.03,7.74,8.29,7.15,3.28,1.34,7.45,8.83,4.91,1.45,4.98,115.711
9.82,9.84,2.46,0.28,3.39,5.63,8.43,9.66,7.71,4.44,7.62,1.02,80.813
1.65,8.12,0.61,8.94,6.74,6.1,2.73,9.42,9.49,9.12,9.33,3.62,73.576
8.43,1.16,7.51,0.01,2.22,3.44,0.13,3.84,2.74,4.36,8.49,3.17,100.176
5.92,9.77,4.43,3.25,2.61,7.84,2.94,6.4,1.94,3.23,3.31,5.54,144.777
6.8,1.52,5.43,5.38,3.66,3.39,7.8,0.57,2.44,6.01,6.39,1.47,106.078
8.3,3.69,0.2,8.51,5.59,1.57,3.4,9.73,2.8,4.56,2.06,9.0,88.304
3.09,8.36,0.03,2.79,7.42,2.24,9.07,4.82,6.58,4.61,0.46,4.77,78.951
4.71,4.67,0.56,9.11,9.68,0.93,0.13,7.64,7.43,0.11,0.95,5.36,137.188
6.58,8.86,5.76,5.98,3.82,4.98,4.62,7.36,7.73,2.69,6.68,3.05,111.983
1.49,1.97,2.0,0.72,3.51,1.67,2.39,8.55,2.86,7.11,3.82,3.19,40.688
6.2,7.06,6.85,7.05,9.73,7.6,4.6,7.42,1.88,7.74,0.35,1.22,191.685
8.07,1.54,4.12,5.33,3.63,0.3,9.99,6.71,6.03,5.22,5.51,1.21,66.311
2.6,3.4,0.08,8.62,2.19,3.68,3.92,9.25,6.76,4.03,7.94,7.38,52.368
7.93,8.76,7.09,7.15,1.06,0.55,0.7,1.05,5.4,3.41,8.72,1.54,156.292
3.95,9.64,1.09,0.03,2.23,4.14,4.55,1.64,6.82,8.45,3.64,2.8,75.556
3.07,4.29,3.15,4.73,7.71,5.82,9.34,5.55,6.55,3.46,2.5,6.5,84.867
1.12,5.13,0.7,9.26,7.5,4.72,4.55,7.41,1.07,1.76,4.29,2.77,130.114
6.84,5.13,9.88,3.88,2.39,0.94,7.87,4.24,0.3,9.61,9.76,5.47,78.013
3.84,9.33,7.75,9.89,7.18,5.02,4.54,0.92,6.92,2.45,4.07,9.33,152.356
1.27,2.83,5.46,3.75,6.77,4.56,5.73,5.0,9.09,6.32,10.0,5.37,59.359
8.32,5.31,1.02,4.0,0.81,3.22,5.53,9.18,0.13,5.37,0.7,6.18,83.721
6.45,0.82,2.6,1.82,7.47,8.91,7.95,5.64,0.13,0.55,2.11,9.95,106.608
2.81,7.21,6.27,9.66,3.31,6.09,3.06,4.97,2.71,2.19,3.07,4.8,169.952
6.62,7.24,2.51,5.29,6.08,5.44,9.81,8.11,6.68,2.68,2.77,5.49,93.360
7.74,7.43,9.41,8.54,3.25,8.83,9.21,5.38,9.65,1.4,4.58,5.7,125.835
7.24,7.08,1.3,1.48,8.66,3.01,9.42,5.44,1.31,7.0,5.66,4.96,85.144
5.97,9.63,3.5,8.99,1.0,9.85,9.19,2.1,4.97,2.58,0.73,5.36,156.197
0.14,4.65,7.28,0.77,7.55,7.42,4.35,2.53,2.02,1.01,1.35,5.84,162.632
4.92,9.04,7.02,4.72,5.59,2.8,8.86,4.38,8.63,8.15,5.95,1.46,91.077
1.5,1.67,0.39,6.82,0.12,0.24,9.77,1.79,2.63,4.36,8.08,1.54,38.126
6.86,6.39,1.58,0.82,9.56,8.43,2.94,3.16,3.82,8.52,1.16,4.0,142.542
5.63,9.91,2.93,7.84,8.75,3.47,9.41,8.7,8.96,8.49,5.18,7.41,80.021
5.2,1.47,3.64,1.16,8.0,9.0,9.55,2.33,1.68,3.35,5.51,5.37,102.447
5.62,9.23,4.26,2.29,9.76,3.74,2.52,4.17,4.98,2.57,7.97,8.92,112.111
7.53,3.58,3.74,0.18,4.02,0.32,6.12,3.29,0.42,5.47,1.99,2.57,97.533
6.69,9.24,5.72,7.64,0.21,0.39,7.82,0.77,1.26,3.64,7.1,9.1,100.674
5.83,4.72,9.29,1.06,8.94,8.06,2.87,2.55,5.71,2.43,9.0,1.78,155.711
0.42,7.47,6.81,8.6,9.13,9.5,4.77,9.02,6.47,1.27,8.94,5.76,115.733
8.38,1.25,9.07,1.94,7.85,5.99,6.92,9.55,8.12,9.23,1.87,9.09,76.999
0.85,7.24,5.39,0.69,2.89,7.3,2.33,8.79,4.2,4.67,6.12,5.13,77.977
0.24,0.54,6.26,8.01,4.57,5.9,8.52,7.05,7.79,6.34,0.97,5.06,71.425
9.63,4.64,4.21,8.41,3.35,4.18,7.27,2.48,4.07,8.6,3.82,1.58,123.724
1.87,7.66,0.22,0.58,7.14,5.51,6.38,5.22,6.86,2.24,7.7,0.22,80.294
7.66,5.91,6.66,7.09,1.8,7.11,0.44,0.27,2.81,8.98,3.11,3.65,188.110
5.84,7.32,3.61,1.75,4.81,2.21,4.65,3.66,4.19,6.93,0.07,3.56,110.755
7.13,3.82,9.28,6.02,8.13,8.99,5.51,1.08,2.33,5.07,0.36,6.95,203.615
2.37,6.53,2.19,7.79,7.75,7.01,0.64,0.61,3.32,2.2,7.09,1.55,218.300
9.27,5.63,0.11,9.35,4.41,1.94,8.43,3.96,2.8,4.76,3.8,8.86,94.174
4.81,3.28,1.61,4.45,9.25,9.19,2.92,8.25,7.49,6.06,3.16,7.11,93.141
0.71,6.72,2.7,3.97,8.22,5.01,8.82,4.84,1.3,5.77,0.02,4.47,108.366
4.01,8.16,1.21,0.07,5.33,0.98,5.38,2.58,9.25,9.49,1.89,9.94,51.285
8.13,2.03,1.39,5.49,4.6,0.23,9.82,0.04,3.6,9.81,2.93,5.29,69.451
8.38,7.73,8.12,3.9,1.48,8.66,2.26,2.93,2.85,7.31,7.91,6.98,126.554
7.3,5.58,5.74,2.52,2.3,4.89,6.18,4.7,2.34,2.19,2.1,0.45,157.739
0.18,4.96,2.87,8.87,7.02,2.77,8.64,5.19,9.84,6.01,5.2,1.67,72.969
2.95,7.37,2.45,4.98,7.28,0.06,5.63,7.03,9.4,8.66,9.07,0.24,62.678
3.08,6.05,5.17,2.21,8.33,8.76,1.23,7.32,0.09,7.57,6.99,2.52,130.638
1.15,1.54,4.02,8.1,4.64,3.11,2.04,5.03,6.79,9.04,7.31,3.81,66.314
9.01,4.82,6.77,1.05,2.38,2.1,1.04,9.17,6.0,3.73,3.02,0.63,110.767
6.72,1.84,8.73,0.89,6.91,9.59,1.56,6.17,7.51,3.58,6.06,2.0,129.018
5.81,6.14,4.92,7.09,1.71,0.2,7.94,3.7,6.72,3.72,2.33,4.11,90.708
6.29,7.35,1.24,8.11,6.75,4.75,2.39,4.84,8.88,6.02,4.82,5.77,105.410
6.71,7.53,6.09,1.08,3.07,5.4,9.49,1.86,0.25,7.51,6.06,3.93,102.680
5.15,7.84,4.19,7.32,2.37,9.38,1.83,8.75,8.35,5.23,3.04,4.66,113.779
4.79,1.94,9.6,4.32,2.89,7.47,4.41,4.49,4.91,3.57,8.87,1.69,110.988
2.5,8.12,5.29,7.09,5.71,9.06,5.93,2.9,4.51,1.1,6.33,2.44,162.732
3.95,6.12,9.82,5.82,1.02,2.32,8.1,0.43,4.45,2.38,4.04,3.4,127.412
1.62,2.33,5.04,4.62,6.3,8.36,9.3,6.59,4.92,2.47,0.58,2.69,106.478
7.47,3.72,0.99,9.74,3.64,7.99,5.78,1.07,5.69,9.27,2.18,0.5,136.995
0.27,3.91,6.09,6.29,7.24,4.48,0.91,4.19,5.92,1.69,1.03,2.33,175.980
0.08,8.75,3.49,1.8,9.85,0.72,9.6,2.25,8.15,8.4,9.51,9.95,51.588
2.89,8.45,0.44,7.77,5.41,3.17,1.46,3.79,4.04,9.85,6.21,2.65,100.464
1.15,3.24,6.26,5.11,0.35,2.43,3.06,1.79,2.26,7.23,9.6,9.24,55.877
8.33,8.83,4.34,7.56,8.9,1.47,4.45,6.26,4.23,6.09,6.92,3.03,127.276
8.71,3.46,5.19,2.49,7.29,6.26,4.81,0.03,9.71,8.81,9.76,4.81,88.057
9.43,6.88,1.92,9.56,9.02,0.74,0.67,3.91,8.95,2.13,4.93,3.19,157.906
1.32,2.47,0.23,0.71,3.74,2.26,6.75,4.5,9.83,1.87,5.7,8.5,28.883
0.55,7.05,5.95,6.93,8.57,3.41,4.92,4.55,5.67,1.26,0.31,1.23,180.936
4.75,8.33,6.87,4.94,2.55,4.83,1.52,1.01,1.48,5.58,4.84,0.16,221.179
2.87,9.6,0.61,7.32,3.18,8.05,2.08,5.0,7.9,5.0,0.89,7.47,111.609
2.82,0.75,1.62,2.61,2.37,6.21,4.36,6.67,6.69,1.38,8.89,9.21,44.032
6.67,4.86,1.53,7.76,1.57,1.48,1.11,7.96,4.0,0.47,3.94,2.59,118.934
2.27,8.8,9.57,2.47,4.96,8.44,0.13,9.0,0.91,1.79,9.03,5.26,139.778
0.12,6.56,7.8,9.91,0.21,1.15,2.87,8.66,7.59,2.01,7.07,7.99,71.152
1.89,9.63,7.35,7.88,6.55,6.69,3.65,1.99,1.4,7.22,5.53,4.07,167.603
7.87,9.28,7.11,2.55,2.15,1.45,1.59,7.9,3.1,6.46,2.79,7.69,102.980
7.53,0.05,9.84,1.22,1.52,0.26,9.2,6.66,5.56,0.73,8.15,4.3,59.017
1.21,7.58,4.11,1.57,2.69,3.25,8.85,3.15,9.78,7.8,4.42,2.29,56.241
3.47,8.2,5.95,7.61,6.26,7.4,1.75,1.43,4.17,1.39,5.21,7.09,184.838
4.98,3.48,4.77,2.5,5.99,6.9,0.95,2.95,0.05,6.4,5.89,6.74,124.543
5.45,4.69,4.14,0.47,3.42,1.25,3.33,8.3,1.51,8.81,0.7,3.25,74.981
3.39,8.68,6.13,1.79,3.92,8.95,6.48,2.78,0.38,6.86,6.72,4.94,116.690
2.14,3.77,6.37,4.81,7.21,9.78,8.29,0.95,0.68,6.51,9.11,2.4,121.976
8.58,9.95,7.06,1.44,9.78,9.62,8.93,3.49,3.53,6.16,6.28,7.18,130.531
3.19,4.49,7.6,9.45,6.92,1.87,8.5,1.84,1.46,9.52,9.47,7.42,87.726
6.89,7.99,2.58,7.71,2.04,6.66,8.16,7.17,6.28,2.07,1.55,7.67,102.948
0.32,0.59,2.74,3.14,5.79,5.93,1.63,5.91,8.65,5.08,4.71,8.6,53.528
7.35,9.06,3.6,7.53,8.8,9.75,9.52,6.21,8.01,3.03,2.73,4.35,136.160
6.13,8.73,7.69,5.88,0.05,2.96,8.08,1.6,8.66,6.67,6.01,7.82,80.947
4.99,6.63,0.77,0.81,1.17,7.92,3.84,7.16,3.88,8.37,2.33,9.23,64.033
8.7,1.8,7.87,6.9,7.69,5.39,9.85,8.64,2.99,1.1,4.8,2.22,129.561
1.24,6.7,4.66,6.15,6.14,4.68,1.16,9.28,5.26,1.36,7.69,0.46,117.295
0.77,8.35,6.49,3.34,8.95,1.1,6.17,6.68,0.26,6.04,1.6,5.41,110.856
8.2,9.15,1.35,2.65,5.41,8.95,6.48,0.9,7.47,2.84,6.79,7.2,112.721
0.03,0.65,8.84,9.45,6.45,4.64,8.49,1.96,2.51,6.8,8.67,9.66,78.918
8.51,5.11,8.46,2.68,9.07,0.97,9.19,3.08,9.8,9.34,0.36,2.87,100.462
2.34,6.88,9.83,0.13,9.28,5.21,6.12,9.22,4.3,0.97,0.49,3.31,137.935
6.51,0.82,3.79,5.23,5.84,4.82,1.83,7.88,0.3,9.95,3.14,0.17,116.072
2.98,2.83,7.95,4.95,9.91,5.25,0.66,4.06,6.52,7.87,7.77,1.41,119.724
7.18,4.4,5.65,9.07,8.14,1.31,7.73,8.82,7.57,5.02,0.22,1.9,114.363
7.08,3.6,4.87,9.22,5.27,1.99,3.63,8.42,9.27,1.56,6.39,3.23,98.554
9.38,2.05,3.75,9.63,1.99,2.93,6.33,0.62,3.72,1.07,6.15,0.5,161.664
1.53,3.82,7.61,0.27,3.7,8.3,3.46,1.47,8.72,5.34,7.84,6.39,75.948
7.86,5.64,3.02,6.34,9.32,7.94,0.96,9.8,6.15,8.42,8.8,6.4,98.988
6.88,9.85,8.97,3.24,3.88,1.37,7.68,7.47,2.78,8.6,8.83,5.15,84.399
7.48,2.18,1.92,2.31,3.37,9.47,9.4,9.47,3.24,1.08,3.3,9.71,73.840
9.11,4.97,1.06,9.37,4.22,7.22,5.78,1.63,5.67,0.42,5.4,2.1,171.190
9.72,7.07,3.38,6.93,8.25,1.85,4.79,1.59,8.69,0.15,1.43,1.25,207.821
7.37,0.56,7.45,1.53,5.47,2.65,7.4,1.24,6.03,7.46,3.85,6.08,78.072
2.72,0.69,5.57,4.16,2.99,6.93,3.92,6.4,6.34,7.86,0.94,0.31,89.484
9.14,0.56,6.69,5.59,2.29,7.36,2.69,4.92,3.27,3.95,0.34,0.62,200.317
8.82,9.93,7.16,2.12,5.02,6.83,7.98,1.28,9.91,5.54,8.17,7.0,100.000
8.75,1.13,9.12,8.61,8.3,4.99,4.79,2.14,2.18,2.46,2.9,2.61,239.461
5.01,7.06,6.95,1.34,6.45,2.2,4.25,7.99,9.16,5.12,5.64,1.76,85.525
7.91,8.03,0.69,9.76,0.63,5.21,8.47,9.74,2.74,1.13,7.01,8.38,86.015
6.26,7.05,8.05,7.41,7.57,9.18,7.48,0.82,6.62,6.39,2.91,2.17,172.490
0.69,4.06,1.61,6.07,3.73,4.98,4.4,0.59,2.37,4.82,7.29,8.35,75.988
1.67,3.49,9.65,1.49,1.34,7.25,1.0,1.61,5.04,7.28,5.65,7.49,88.671
0.47,4.65,5.34,2.18,8.34,6.96,0.5,1.6,0.52,1.22,8.87,4.41,163.201
3.12,1.04,6.69,2.44,4.5,7.6,1.86,9.29,3.5,7.26,9.19,9.31,62.831
6.62,9.29,7.43,4.22,9.17,0.16,4.68,5.55,7.14,0.95,0.96,6.46,143.318
5.97,1.76,9.11,7.0,7.57,6.83,7.92,5.31,9.41,6.44,7.59,1.04,101.405
4.97,3.23,1.97,3.92,6.51,3.84,1.2,9.68,4.28,6.18,0.86,3.48,95.171
8.8,3.74,3.79,0.7,8.09,6.27,6.27,3.18,4.62,7.87,3.85,1.31,115.830
7.87,3.83,5.77,2.16,5.37,1.3,0.31,4.57,6.59,0.42,3.36,8.67,109.950
5.06,2.31,4.79,1.09,4.25,1.64,2.83,0.96,4.1,1.11,5.32,4.02,104.362
7.39,4.95,7.85,0.71,7.13,8.81,8.24,6.52,0.64,5.66,4.21,7.46,112.557
6.78,8.13,9.96,5.1,1.99,2.6,2.04,5.03,3.2,3.71,5.63,8.59,122.553
9.28,9.36,4.49,0.37,0.69,1.76,3.8,2.1,5.97,6.74,2.63,4.37,101.328
5.96,8.61,8.07,0.51,0.15,6.32,8.95,4.68,6.8,5.06,3.57,5.0,86.964
9.23,9.59,1.12,4.26,9.86,8.28,9.42,2.83,3.97,6.19,2.66,4.0,145.648
3.16,4.61,8.17,4.36,5.45,4.82,1.73,1.65,6.94,3.88,4.54,2.85,141.593
7.88,6.16,4.52,0.83,4.26,8.49,6.93,9.73,8.03,5.33,5.1,1.26,88.345
0.61,2.31,8.66,1.97,0.09,4.64,4.63,1.87,2.96,6.13,0.26,8.68,74.521
1.88,2.12,6.53,6.6,4.51,3.26,0.18,3.1,2.56,1.57,9.24,2.64,129.082
2.59,2.0,4.46,8.26,1.45,8.64,8.11,3.9,5.66,1.31,6.97,9.41,77.489
8.55,7.49,0.58,2.8,3.33,8.4,7.59,4.22,6.77,2.48,1.62,4.54,114.438
3.19,1.94,3.31,2.56,1.37,1.83,8.26,4.91,4.13,0.52,5.77,4.14,51.208
8.48,1.05,8.96,6.45,3.44,0.69,1.84,2.94,5.01,4.95,8.66,9.75,87.692
4.98,8.17,0.12,8.69,2.15,5.86,3.22,7.11,3.8,9.92,1.6,6.21,94.068
3.2,3.06,1.27,2.73,5.0,0.9,0.36,0.75,1.5,7.84,6.45,9.12,62.106
7.42,0.16,4.11,6.6,9.63,2.86,8.23,2.86,3.5,6.65,7.47,8.44,82.853
9.25,4.41,8.83,0.38,0.53,7.76,5.06,4.0,9.53,0.8,5.52,1.19,119.387
7.72,8.53,8.79,2.87,8.56,5.49,4.54,9.55,5.85,6.53,7.62,2.57,114.457
3.87,7.78,9.04,3.8,5.4,3.11,1.83,0.97,2.22,8.29,6.04,9.26,115.344
3.12,8.36,5.75,6.6,7.11,0.38,9.6,8.84,1.46,3.73,6.23,9.65,79.271
5.07,0.03,4.72,1.99,8.63,6.7,0.51,0.43,4.1,8.12,8.5,4.36,104.304
4.64,8.12,2.57,3.71,9.89,5.79,0.27,7.0,4.82,2.06,9.38,2.71,132.317
0.97,9.44,5.5,8.07,8.59,4.77,7.13,9.65,0.44,1.47,3.93,1.79,152.970
1.97,7.87,0.1,9.02,8.89,1.61,2.33,7.77,4.43,5.29,7.78,9.03,80.426
9.69,9.33,8.51,2.11,5.39,2.18,2.32,4.98,3.52,6.25,5.86,0.91,156.082
9.92,7.55,8.34,9.22,9.64,2.82,7.05,0.56,7.32,0.54,5.73,5.69,176.608
2.75,2.76,3.93,9.47,8.76,5.05,7.24,2.31,0.97,7.93,1.74,1.32,152.115
7.01,3.61,9.75,6.21,1.78,9.14,7.6,0.49,7.54,8.07,8.64,3.2,105.515
2.03,6.03,7.97,5.89,8.95,0.31,9.42,2.48,6.79,5.65,0.68,5.84,101.037
5.7,3.4,8.29,2.5,9.48,6.39,8.56,0.81,2.78,9.77,5.76,5.9,106.492
3.11,1.62,6.39,3.04,5.53,3.3,1.72,5.86,9.86,6.1,2.54,7.67,68.119
2.68,9.57,4.45,0.81,2.12,0.27,1.16,1.87,7.37,3.98,7.86,2.88,79.220
9.32,8.11,7.25,2.38,9.19,1.5,0.17,4.66,5.0,2.32,6.55,3.75,168.151
5.93,5.2,4.39,3.77,2.85,4.07,4.95,4.29,5.15,3.98,3.95,6.78,90.069
2.0,4.81,3.23,9.54,6.97,5.35,2.27,9.6,6.02,5.81,9.35,1.29,92.895
6.92,4.5,2.79,4.36,6.31,2.19,9.33,3.05,4.7,3.59,0.6,6.6,97.130
2.53,4.6,5.05,3.85,5.94,4.91,3.82,4.55,7.64,4.17,3.34,1.8,106.161
6.3,0.17,3.1,2.06,5.21,9.52,8.94,7.78,6.06,3.27,1.72,8.07,73.549
7.35,9.76,0.71,6.84,9.82,4.84,0.7,7.36,0.04,5.27,0.85,3.93,216.639
6.36,3.65,9.01,6.67,8.59,9.08,3.28,7.65,8.04,8.17,8.58,7.84,99.541
9.24,2.51,5.03,5.51,7.6,7.78,5.46,1.54,0.34,7.92,9.95,4.71,125.902
7.18,4.61,6.62,4.99,7.87,8.79,4.86,7.8,8.76,9.58,9.09,3.22,92.496
6.72,4.91,9.69,5.45,4.19,5.82,3.28,7.77,5.92,2.94,1.79,3.7,144.803
1.36,0.58,9.65,2.0,0.15,1.64,2.2,8.06,7.91,1.28,3.64,7.58,50.147
7.48,9.62,6.86,5.88,0.24,8.61,2.37,9.18,6.74,4.97,9.03,7.78,96.556
3.24,4.05,0.98,7.07,5.68,2.3,8.11,7.16,5.11,4.28,6.28,7.15,61.223
4.9,5.2,2.79,0.3,8.07,9.86,3.46,3.38,1.88,6.84,6.91,7.08,105.313
1.3,8.67,1.56,9.93,8.46,7.61,2.67,8.12,5.28,1.29,3.54,5.26,143.463
9.21,4.27,8.13,5.45,6.15,5.2,3.67,1.77,2.38,8.5,5.65,4.26,146.435
8.77,5.82,2.43,5.4,0.39,7.92,8.65,1.12,5.3,6.05,6.1,6.58,90.917
9.34,5.0,6.96,7.68,1.65,7.03,9.11,3.34,8.03,9.26,3.72,2.69,104.177
6.69,0.73,9.18,2.01,7.45,7.79,1.82,5.89,6.69,4.85,1.57,9.93,110.081
3.07,9.74,3.74,7.04,4.97,3.75,5.43,0.26,7.81,6.32,3.0,9.98,98.506
3.0,8.7,1.96,8.67,8.75,9.2,4.59,1.8,5.04,0.25,9.32,3.66,163.341
8.9,2.51,1.54,8.68,1.17,1.18,2.66,5.03,4.92,5.09,0.56,1.86,119.185
5.1,1.75,0.28,3.5,5.67,7.38,0.38,7.73,5.54,8.57,1.56,9.82,70.476
4.14,4.62,0.54,0.77,4.45,2.32,0.29,6.79,1.46,0.72,1.75,0.78,142.833
9.24,9.47,8.81,6.06,8.7,1.18,6.21,6.37,5.02,0.24,4.54,4.85,159.603
9.09,2.67,3.12,3.46,0.2,6.79,7.98,8.73,9.1,0.82,0.55,3.68,82.080
1.7,9.85,7.15,9.76,6.0,7.8,0.79,4.19,9.94,7.3,3.56,9.73,119.009
2.1,4.21,8.94,3.13,0.88,7.33,3.47,0.51,9.14,7.28,7.02,5.66,80.381
1.47,5.27,5.43,1.86,9.84,3.03,6.15,6.34,0.06,5.07,7.11,1.26,103.501
4.84,0.25,5.94,5.65,8.97,7.59,6.05,1.1,2.2,1.66,9.61,3.87,135.729
9.11,1.61,2.86,6.12,9.72,0.12,5.98,2.59,9.12,3.77,0.23,8.29,98.532
9.48,5.47,6.78,5.21,3.58,6.31,1.61,2.09,8.91,6.68,1.47,4.76,144.318
3.4,4.73,6.87,5.77,8.92,3.9,6.08,2.42,3.06,4.6,1.21,6.68,139.667
6.19,1.42,3.31,9.56,8.34,0.93,6.45,3.86,6.06,9.59,5.96,3.29,84.493
1.12,3.82,6.13,7.03,5.48,5.27,1.43,2.98,5.05,0.93,8.41,3.3,130.543
5.67,7.28,2.64,4.28,9.94,8.38,3.93,5.49,2.8,8.52,4.11,0.95,148.023
5.96,7.16,1.51,7.55,0.33,3.01,0.63,4.03,9.21,8.44,4.67,7.07,74.949
5.87,3.41,8.68,6.33,3.26,8.9,7.37,2.81,3.33,3.77,3.2,6.25,136.364
3.55,6.97,9.61,7.12,7.97,7.89,0.6,2.26,1.07,2.53,9.03,6.0,200.605
7.05,1.46,2.28,3.79,3.06,9.73,5.36,5.76,3.91,9.57,3.22,7.5,77.492
8.99,4.69,6.27,3.22,4.31,6.41,2.94,7.67,9.71,3.8,9.96,9.41,77.926
9.82,2.78,3.59,1.63,2.13,4.78,4.59,8.92,1.33,3.71,5.83,6.24,80.764
8.06,3.05,8.41,4.43,7.28,0.84,5.32,7.62,6.86,4.0,8.49,1.06,96.162
9.56,9.23,3.58,7.94,4.76,0.3,4.45,3.29,0.08,9.71,6.68,6.39,115.588
3.3,2.09,4.94,4.32,2.3,6.38,8.34,6.52,6.92,1.83,3.32,6.5,69.788
4.01,2.91,9.07,7.16,6.23,4.91,6.88,1.32,8.11,5.17,9.52,5.66,93.535
1.96,0.15,2.27,9.86,8.47,3.67,9.91,9.2,4.86,8.34,1.54,3.56,70.516
9.14,0.32,9.89,9.67,1.65,8.99,1.81,9.1,8.86,2.98,2.39,8.73,117.095
0.77,0.92,9.21,8.88,4.27,4.02,0.6,7.53,2.97,9.22,9.22,5.27,80.638
2.45,3.97,3.86,7.15,7.91,6.57,4.09,4.23,3.1,0.74,6.19,8.21,120.143
5.61,8.87,5.95,0.94,2.81,3.75,8.2,2.25,8.17,0.3,1.2,7.85,99.857
1.63,0.38,6.63,1.71,3.5,7.74,4.27,8.46,4.17,3.64,4.21,4.85,72.939
3.54,5.43,1.63,3.07,0.7,9.5,2.31,5.75,5.22,4.05,6.64,3.22,87.790
0.68,7.32,4.98,6.05,9.3,5.14,4.75,9.14,1.51,3.6,7.72,5.4,104.203
8.22,1.27,4.48,4.39,4.06,5.11,2.96,4.19,0.03,9.4,1.83,5.15,116.851
10.0,4.67,2.1,8.76,0.08,3.68,8.75,6.92,6.49,10.0,3.24,0.91,80.666
4.83,4.07,2.25,1.79,3.13,8.67,2.52,1.35,5.2,2.73,0.77,8.76,115.987
6.1,8.12,8.34,3.18,7.16,9.66,8.44,8.33,9.18,9.64,9.94,6.25,82.194
5.52,7.77,1.89,2.92,0.75,4.24,7.18,3.47,7.19,2.31,0.62,9.83,75.458
5.12,6.94,7.28,3.92,2.92,8.29,4.47,5.47,1.49,5.66,1.15,6.8,137.660
3.3,1.07,3.79,8.0,3.74,6.25,6.56,4.93,1.35,7.33,7.96,6.57,75.360
3.56,9.94,4.94,7.1,0.06,3.96,0.59,2.15,7.71,9.44,4.75,4.65,100.922
3.86,7.01,4.86,1.24,6.86,3.73,7.72,9.52,8.88,5.58,0.44,0.05,85.617
2.18,3.27,5.92,4.62,5.0,5.82,4.02,7.66,2.27,3.17,1.5,7.64,102.094
2.34,6.16,4.28,3.75,7.27,3.18,6.53,5.63,4.37,8.39,1.57,4.12,88.141
1.26,8.08,2.16,6.97,4.99,4.28,0.37,7.97,0.12,7.15,9.73,7.36,84.832
2.92,2.86,2.56,6.98,7.82,3.34,6.63,4.25,2.18,2.94,1.85,0.6,143.523
4.49,5.07,5.18,2.77,0.39,5.82,8.99,9.03,2.87,0.71,7.42,3.07,73.917
2.64,1.74,5.53,7.87,6.28,2.39,0.86,7.03,5.6,4.54,9.09,4.28,84.236
0.83,1.55,1.2,0.76,6.52,6.1,1.8,8.16,9.96,6.89,6.52,1.66,48.471
1.37,1.65,6.11,9.79,9.25,8.49,8.38,4.11,2.99,2.94,8.42,6.62,109.564
0.29,9.98,7.21,1.6,2.01,7.77,4.65,0.09,7.47,1.3,3.3,6.67,122.913
6.75,1.71,9.02,5.92,8.41,1.02,7.35,0.28,1.99,3.72,5.2,0.41,173.245
1.65,2.76,4.07,5.14,9.59,6.04,4.83,4.44,5.87,0.68,4.97,5.53,111.132
6.11,9.69,4.15,3.53,5.99,3.95,1.71,0.99,2.48,4.23,2.18,9.67,157.197
5.29,1.23,6.69,9.89,1.67,6.29,1.91,6.36,5.56,1.83,0.82,9.89,117.785
7.56,0.73,2.13,5.4,7.98,4.81,4.7,7.78,1.83,5.69,7.3,4.81,89.100
2.07,7.72,7.23,1.37,1.68,0.43,6.75,5.13,7.74,4.9,5.22,1.51,65.600
8.57,4.5,9.27,9.33,4.09,3.45,2.39,4.89,4.39,9.07,2.46,4.9,139.537
6.19,2.95,0.68,8.58,8.45,0.57,0.75,5.27,0.56,8.37,7.27,4.98,100.809
9.87,3.15,1.87,1.3,1.27,5.33,8.16,7.84,0.4,8.33,2.13,0.12,84.470
5.85,2.33,7.97,1.89,3.46,9.48,5.01,9.45,3.23,5.49,0.36,9.71,93.173
5.96,2.89,5.26,5.11,8.44,3.82,9.12,8.95,8.93,1.93,6.99,3.6,79.656
7.14,9.15,6.44,3.49,8.74,9.65,4.04,4.84,0.11,0.44,5.72,4.71,224.622
9.26,2.65,4.34,8.75,7.12,4.07,7.95,9.66,8.79,7.22,4.82,4.54,84.202
2.24,4.08,5.1,2.01,6.9,1.51,8.99,7.08,4.77,7.64,8.06,3.7,54.274
8.61,2.76,6.26,8.07,5.7,8.3,6.63,1.85,8.08,3.95,9.2,3.92,118.049
1.76,0.32,5.2,4.0,7.18,5.08,6.48,5.24,9.32,6.27,4.35,5.93,62.623
4.52,1.68,7.28,2.44,6.53,9.98,4.45,2.69,4.27,3.22,5.71,8.04,114.271
8.87,3.95,9.34,9.27,9.95,1.33,7.81,1.32,9.29,3.93,6.89,3.18,131.740
5.14,2.56,7.82,8.65,4.51,9.62,9.31,5.17,8.01,6.9,1.45,4.81,107.433
6.05,8.88,9.24,9.47,7.79,6.83,1.98,2.84,7.65,0.44,2.54,5.54,229.919
5.24,5.73,9.87,0.26,1.41,2.67,0.48,1.32,3.06,2.64,7.39,4.74,128.273
9.6,0.9,3.4,9.33,6.39,6.05,7.23,6.11,8.4,4.24,6.76,4.2,96.562
0.87,0.88,1.72,6.8,8.21,0.67,4.0,4.28,9.68,5.32,8.43,4.91,52.294
2.45,1.15,0.33,7.43,6.41,2.33,5.33,6.51,3.64,7.98,4.41,5.53,60.180
1.73,2.34,1.87,8.07,0.35,9.12,0.84,4.76,1.45,4.98,7.53,9.45,80.938
4.67,5.41,2.98,6.12,8.71,1.79,6.81,9.6,9.27,0.17,3.22,8.68,78.623
5.58,9.22,9.02,5.14,2.95,2.78,7.13,7.14,3.08,1.59,6.94,5.52,110.478
7.94,8.64,4.44,8.33,9.63,6.89,7.45,3.11,0.9,2.86,3.76,4.17,206.157
8.66,8.67,3.08,3.41,0.62,7.71,4.45,5.21,5.84,0.39,6.22,5.45,116.655
1.35,6.78,7.15,8.4,5.89,7.22,6.73,9.87,7.16,5.66,6.67,4.05,91.654
7.08,8.25,3.02,9.8,4.58,6.68,6.27,5.17,2.21,2.08,2.8,3.61,178.004
7.33,0.61,2.84,4.16,3.51,3.72,8.66,5.43,4.81,8.37,3.2,3.13,65.982
0.34,6.91,6.92,9.13,4.11,7.96,5.04,1.33,8.46,6.55,8.51,3.41,106.216
7.1,7.7,6.56,4.97,4.16,8.44,9.63,1.27,9.31,2.03,1.56,7.55,124.179
8.56,2.43,7.76,6.14,2.27,3.61,5.06,3.44,2.8,5.73,1.61,3.63,138.168
6.49,3.66,1.58,2.64,6.65,0.3,5.89,1.68,2.49,6.2,1.46,1.56,110.581
7.16,6.51,2.68,1.41,8.84,6.14,9.98,1.26,2.7,0.82,7.99,3.42,125.105
7.82,2.73,7.22,3.8,5.48,4.3,0.25,6.79,3.26,0.58,4.78,8.08,132.056
8.53,0.75,6.18,7.64,7.15,5.89,8.58,3.1,7.94,8.39,0.78,6.09,103.612
0.3,4.23,6.94,9.01,5.34,4.3,1.21,9.65,9.21,8.0,7.67,2.61,78.540
7.27,9.04,0.59,0.08,8.28,2.0,4.5,3.45,6.31,2.77,2.99,6.89,101.301
2.09,1.08,4.62,9.29,0.34,1.32,0.64,0.39,2.6,3.04,1.39,9.78,105.045
8.01,0.87,9.85,4.54,3.49,3.12,8.94,3.32,9.8,6.21,8.2,1.77,78.138
8.62,6.86,4.59,0.11,9.46,8.11,4.65,8.78,6.08,0.82,6.33,5.32,118.043
8.92,0.07,3.39,5.95,2.88,5.09,9.51,4.3,4.83,3.57,4.63,3.53,86.599
3.98,6.1,1.1,1.85,4.77,3.38,0.68,2.74,4.08,3.43,8.24,7.21,80.288
4.87,4.71,5.96,2.16,9.49,8.39,0.99,0.57,5.92,8.29,9.18,3.28,126.036
1.31,9.75,0.3,0.9,2.33,1.8,7.5,7.6,8.74,1.75,3.92,9.89,41.599
6.79,1.14,4.79,5.04,9.05,7.11,8.42,7.12,9.42,9.51,0.98,8.81,76.638
5.16,9.75,2.24,3.44,4.11,0.82,9.12,1.42,1.0,9.04,5.28,2.84,88.920
8.69,4.67,4.33,5.78,2.39,8.28,5.64,0.07,0.88,9.4,8.08,3.88,122.147
1.23,2.56,3.72,8.54,3.14,2.33,2.82,1.95,8.19,9.76,6.26,5.64,62.161
8.61,8.89,7.64,9.76,3.6,9.0,3.42,7.93,6.07,5.53,6.21,6.43,133.464
3.13,1.58,1.56,1.08,3.86,9.49,0.54,2.12,9.65,1.17,8.05,1.81,88.689
0.94,6.62,2.83,8.56,4.72,1.78,5.03,7.91,9.19,8.48,0.74,7.65,65.256
6.27,9.59,4.37,4.49,7.08,7.66,6.73,4.21,1.62,8.58,2.99,3.95,140.527
0.72,3.14,8.23,4.15,1.41,8.67,8.47,5.59,9.84,3.85,0.92,0.53,90.137
5.42,2.37,1.07,3.42,5.3,7.71,7.87,2.79,6.62,4.23,3.66,3.98,86.758
3.37,9.56,4.52,8.64,9.14,4.27,8.98,3.31,6.65,9.62,2.39,6.75,104.775
0.46,0.91,0.18,8.71,5.51,9.89,8.18,4.01,4.71,0.66,8.85,5.96,79.271
0.01,3.92,5.8,8.82,4.17,5.55,8.97,6.76,2.53,8.31,1.43,6.57,81.776
4.65,8.96,0.99,0.18,7.94,3.04,2.1,8.82,9.49,9.87,1.88,7.77,64.513
1.24,0.47,9.35,9.16,5.72,1.38,9.03,6.89,1.59,2.53,9.46,0.82,90.106
4.23,4.85,0.96,3.79,5.55,7.61,4.4,6.08,2.28,5.33,9.29,2.88,89.194
8.59,9.69,9.12,7.52,3.42,9.45,1.12,2.84,8.2,3.79,2.05,7.6,186.680
5.16,6.94,7.02,4.51,3.64,5.36,4.42,5.34,4.75,1.1,8.09,4.05,117.586
2.16,7.8,1.73,5.69,2.87,5.68,2.85,9.26,7.3,4.47,6.55,1.79,80.478
6.15,7.66,4.32,9.62,1.93,3.39,0.94,5.85,7.44,5.94,1.38,3.91,129.890
5.67,0.83,4.85,8.13,0.27,0.15,9.98,7.56,5.75,7.27,2.12,3.08,55.649
9.24,5.41,3.05,7.82,0.33,8.18,8.07,4.12,3.5,1.92,2.18,3.47,146.303
1.46,4.15,6.14,6.1,2.02,5.09,6.4,5.88,8.14,1.5,3.05,7.95,75.820
5.67,8.82,5.99,1.23,2.61,0.82,1.42,0.21,1.45,5.0,1.42,8.23,141.794
0.89,7.59,2.98,3.15,7.9,1.98,5.71,3.35,2.27,6.22,2.96,4.08,99.593
0.31,8.45,3.39,2.99,5.92,4.87,9.51,3.17,6.19,8.81,7.76,4.06,65.646
7.8,3.81,6.07,0.63,0.99,5.14,4.95,1.94,9.03,0.96,5.89,1.18,102.046
8.57,8.11,5.68,9.13,9.12,7.89,0.28,3.39,2.74,8.99,3.18,6.14,196.197
4.98,1.45,4.79,6.79,4.75,6.13,3.78,9.36,3.27,4.95,0.51,1.69,122.623
2.46,2.11,5.16,5.27,2.92,3.42,7.27,4.91,7.92,7.63,1.16,5.74,61.623
8.42,5.95,2.25,7.1,5.42,2.26,6.71,5.57,8.22,9.82,7.05,7.63,69.778
3.97,4.21,7.39,3.08,5.95,7.35,2.75,7.01,1.99,7.39,1.65,1.36,144.244
5.24,2.29,6.05,1.48,1.5,4.57,2.61,9.28,2.58,7.89,8.78,9.75,51.675
1.11,6.23,2.33,5.79,4.11,5.94,9.61,9.18,2.36,7.98,8.64,5.07,59.547
3.15,4.61,6.48,6.65,7.39,6.06,8.23,1.95,0.33,9.35,5.31,6.28,109.189
6.15,9.53,7.04,5.68,0.8,5.49,0.49,2.0,7.24,3.04,1.07,4.37,190.500
5.79,7.89,8.93,3.59,5.88,0.09,0.83,0.59,7.33,8.28,5.78,8.19,103.774
2.72,2.51,6.61,1.37,9.05,8.59,6.73,7.42,3.49,9.48,3.31,7.48,81.377
8.15,1.17,2.51,6.15,2.01,7.57,4.46,7.22,2.15,4.28,9.07,4.64,86.612
5.12,9.1,0.28,1.72,1.1,9.36,7.56,1.49,9.5,6.95,3.24,2.91,84.297
2.29,6.59,3.44,5.12,4.78,2.96,3.93,8.63,3.83,6.45,8.8,5.2,68.350
3.49,7.02,5.7,2.39,8.58,0.32,5.21,9.48,2.0,9.71,2.04,0.07,96.457
9.72,5.11,2.83,2.0,3.02,3.91,4.98,4.42,9.58,8.77,3.04,2.39,80.139
5.37,3.77,8.0,4.71,5.92,3.8,0.78,2.24,2.25,4.09,3.19,3.73,193.919
1.82,5.52,2.61,2.15,6.62,5.95,8.6,8.97,3.03,1.8,9.54,2.75,71.116
5.98,5.9,4.87,0.39,2.12,0.91,9.7,9.19,1.09,4.23,1.62,9.17,57.629
9.95,6.6,3.87,4.03,6.45,2.9,5.46,1.44,7.49,6.28,2.23,1.15,140.541
1.65,6.9,1.33,0.31,9.46,8.74,6.27,0.78,4.22,7.96,5.1,0.08,116.305
7.4,4.4,4.73,1.9,5.57,6.53,8.13,4.41,9.08,8.55,1.89,8.31,75.625
2.16,9.87,5.76,3.63,6.71,2.75,0.01,7.39,7.85,7.06,8.67,3.05,90.743
4.54,3.73,8.1,3.97,3.08,9.22,7.25,9.18,7.44,9.51,5.61,3.34,77.108
8.06,6.92,1.11,3.76,7.81,0.47,4.66,4.81,5.79,7.93,0.09,8.22,89.302
9.72,2.93,4.49,3.76,1.03,0.89,2.06,7.33,5.61,6.82,1.93,8.38,71.024
7.78,9.97,4.09,3.79,9.73,3.84,0.64,4.43,8.17,3.52,4.39,3.66,158.001
9.51,7.63,9.4,5.29,2.7,3.23,0.92,9.35,7.46,1.65,0.02,7.92,138.214
5.08,2.48,8.53,3.7,4.81,7.39,3.12,6.18,7.98,7.25,1.74,4.0,105.682
3.15,3.67,0.31,9.68,4.55,9.17,8.47,4.66,9.27,3.51,0.19,7.07,92.041
4.77,2.52,6.47,1.04,5.78,2.95,0.41,0.1,1.77,0.23,3.76,6.48,184.549
4.01,9.08,4.41,4.25,7.48,5.45,8.73,3.48,0.36,4.28,7.43,7.18,110.235
3.33,1.85,6.55,5.11,6.73,1.79,1.07,8.8,2.66,2.63,8.19,3.72,93.683
6.4,0.18,5.17,2.09,0.07,8.32,9.21,4.94,2.91,8.3,6.87,5.76,58.515
9.09,9.75,9.57,6.08,2.44,2.79,0.83,2.62,2.33,5.59,6.92,1.27,203.067
8.78,0.38,3.54,5.96,7.28,6.27,4.63,9.59,4.11,4.59,9.99,7.21,80.284
3.66,3.73,4.59,0.68,7.02,1.07,7.99,0.4,8.65,0.6,4.27,2.12,86.350
0.14,0.95,9.7,8.69,2.44,0.14,3.3,6.16,5.52,4.23,9.77,2.65,69.744
3.39,9.48,7.81,1.29,3.85,3.01,2.32,7.53,6.02,9.89,7.64,5.58,73.961
6.07,2.24,9.09,8.95,4.46,7.04,2.94,2.65,6.14,0.16,3.41,8.35,160.042
0.71,4.91,9.35,5.33,7.28,2.06,5.92,8.73,4.65,1.49,8.38,2.47,93.679
9.64,7.87,6.28,2.56,9.37,3.85,0.63,0.72,8.35,7.16,8.8,3.85,134.090
8.18,3.48,5.09,4.19,6.16,9.86,2.93,7.63,0.21,8.82,1.01,9.39,123.241
8.13,2.59,8.48,8.6,7.68,3.23,0.1,6.92,2.3,9.15,9.21,7.41,110.316
2.4,0.22,5.03,0.78,6.85,3.49,9.97,1.96,5.18,9.93,0.75,9.11,50.867
9.54,8.53,4.48,8.4,5.51,8.49,6.67,6.89,1.82,3.74,7.69,6.65,134.340
8.7,5.24,7.49,8.21,7.27,7.12,5.09,8.4,7.58,4.82,9.45,9.36,98.501
8.76,9.55,8.11,9.85,7.42,2.18,8.34,6.02,2.31,9.98,5.88,4.08,125.294
0.85,6.57,6.92,2.59,5.23,0.58,7.01,4.85,0.85,4.27,9.56,0.77,83.266
6.74,2.85,7.29,5.41,8.46,8.4,5.04,7.33,8.9,8.34,2.68,2.22,113.445
8.23,9.67,0.7,9.94,4.96,6.2,9.36,7.38,3.16,2.54,5.43,6.24,116.388
1.61,6.68,7.38,5.49,8.87,8.14,0.65,5.8,2.89,3.83,0.57,4.35,211.001
5.25,6.67,3.32,1.13,8.38,7.17,3.51,1.52,1.33,0.58,4.83,2.91,217.439
2.67,7.07,3.8,4.16,4.38,5.22,5.63,0.81,2.59,2.92,2.73,6.19,130.810
8.26,4.56,3.43,7.33,3.22,9.32,2.21,0.82,9.57,0.13,1.49,7.42,166.913
6.45,9.9,7.45,6.07,8.94,5.14,1.36,9.47,0.9,2.73,7.83,1.28,186.466
1.45,9.07,5.64,3.6,1.83,7.02,1.77,8.5,6.5,6.62,1.61,6.89,89.715
1.57,8.04,7.45,8.43,0.88,7.87,1.08,2.78,5.2,5.15,7.71,1.5,146.200
7.4,0.92,8.55,1.02,5.3,8.79,4.53,0.95,2.75,5.64,3.45,0.67,177.765
6.55,1.22,2.87,4.01,5.2,8.72,5.04,3.91,5.95,6.65,0.3,6.35,101.312
3.62,6.17,3.07,1.37,3.47,4.47,0.79,0.56,6.74,8.23,1.55,2.67,107.936
2.24,6.47,5.98,6.56,7.42,2.02,2.41,5.0,8.62,5.77,1.57,4.62,109.646
7.58,9.65,1.84,6.13,9.57,9.33,4.81,0.22,8.1,7.07,8.31,4.47,133.717
8.19,0.82,6.51,8.21,1.82,6.46,6.75,2.35,7.22,8.4,9.7,1.99,87.915
6.7,5.36,8.27,1.86,7.48,6.08,9.75,6.61,2.24,9.71,8.2,7.55,81.139
8.92,5.11,6.38,9.26,2.74,8.14,3.41,1.67,1.01,5.61,2.85,0.78,264.514
1.26,2.75,1.23,9.23,0.94,4.08,8.28,8.79,0.32,2.7,7.73,0.9,67.862
6.48,4.17,5.14,3.48,5.02,7.21,1.55,8.03,6.02,7.71,0.83,9.43,93.834
7.85,3.38,1.97,5.17,5.93,8.19,4.38,8.41,9.81,7.57,0.89,6.2,87.198
7.94,0.1,9.59,6.82,6.47,4.25,7.85,0.21,8.97,6.64,7.18,0.72,111.403
2.19,1.9,5.45,1.67,1.84,8.59,5.38,0.16,7.99,2.67,2.13,8.83,79.676
7.85,5.14,5.93,9.93,2.06,7.96,4.76,9.64,9.87,8.3,6.47,8.48,81.797
5.3,4.35,5.85,6.7,5.89,4.61,4.9,1.84,8.84,0.13,2.04,7.54,129.300
6.78,9.09,5.21,2.56,0.24,4.65,2.29,3.24,7.28,6.48,2.07,6.04,104.124
0.37,3.15,5.34,4.3,6.72,4.84,8.2,5.4,4.12,5.59,7.97,4.46,69.166
8.21,2.95,5.89,7.54,4.93,2.15,7.8,7.31,9.73,0.6,7.31,5.56,82.668
8.58,2.54,3.15,5.37,7.0,8.6,9.53,2.04,0.18,1.03,1.79,0.43,234.933
7.85,3.55,6.73,8.2,8.37,2.47,0.32,6.46,9.66,4.16,2.46,2.81,143.680
3.24,8.84,7.71,7.83,8.3,8.08,1.23,7.38,0.61,6.89,4.33,4.05,179.665
5.47,6.33,2.22,0.59,5.55,4.54,1.07,2.72,5.33,9.64,0.04,1.14,123.872
2.61,9.14,7.28,0.13,7.64,3.83,8.15,8.06,9.99,4.45,4.0,2.31,82.873
1.45,9.17,6.55,1.12,7.98,8.12,3.65,0.44,6.76,0.44,6.5,4.78,152.370
6.19,7.8,1.56,0.67,5.0,4.73,0.77,9.09,3.29,6.28,6.74,4.78,83.845
7.19,3.74,2.72,6.66,9.95,7.59,7.8,3.06,2.71,8.86,1.16,1.7,149.664
9.7,8.32,4.36,5.21,0.35,9.28,4.62,4.62,3.0,9.84,5.59,7.25,106.586
3.2,7.08,9.73,9.05,2.59,3.94,4.8,6.63,3.77,6.91,1.82,5.85,119.510
0.51,9.46,1.71,9.88,1.15,5.72,1.33,7.71,7.69,8.31,5.98,2.28,85.375
4.85,6.26,0.31,3.51,3.21,8.03,7.27,4.72,1.18,4.57,0.22,6.96,105.016
1.39,5.95,1.0,1.88,7.39,5.79,4.83,2.0,8.02,2.15,1.34,7.14,91.837
5.02,3.57,3.66,9.29,3.63,9.33,4.86,1.47,7.8,8.03,4.27,5.15,109.246
1.09,0.73,5.48,7.42,7.98,1.69,3.43,9.29,5.73,4.77,0.97,2.53,91.280
4.03,8.96,3.65,6.24,3.25,5.26,7.93,3.85,5.48,1.75,5.41,8.22,96.170
7.04,2.97,3.13,6.86,0.09,3.15,0.19,8.43,5.44,8.74,9.3,4.68,63.187
4.75,4.28,0.46,2.35,8.71,5.86,5.85,4.6,9.29,6.32,1.93,1.62,89.193
8.79,5.44,0.03,6.64,4.06,8.2,2.54,7.45,3.38,6.3,3.84,7.56,106.727
7.32,1.11,5.21,8.69,8.13,8.72,2.72,1.97,5.91,7.48,8.17,4.06,129.264
2.59,1.01,6.76,4.15,4.43,4.47,0.45,6.83,4.99,6.01,7.08,5.81,75.104
0.25,9.63,7.8,2.23,0.16,8.48,0.68,9.41,2.74,1.12,2.8,3.14,143.539
2.28,2.98,9.84,2.18,3.17,4.03,8.7,6.7,8.2,0.82,9.03,5.08,63.535
0.1,6.66,3.84,7.09,2.56,1.71,4.58,1.78,9.11,6.06,7.64,2.16,70.093
0.36,4.66,8.7,4.15,2.32,8.82,6.74,1.31,4.86,3.28,2.79,0.86,146.220
4.1,7.2,7.84,0.5,6.11,0.08,1.64,5.94,9.28,7.97,2.54,1.88,88.308
3.77,0.34,8.4,3.51,4.44,5.29,6.38,5.27,9.07,3.92,7.36,7.79,64.715
1.71,9.0,1.43,0.01,4.45,3.31,5.89,2.77,8.05,0.22,9.48,2.67,68.466
0.81,6.53,4.18,2.06,6.53,1.08,2.9,0.96,6.0,5.39,1.28,7.27,89.034
2.31,4.76,0.38,8.35,1.95,9.37,2.62,9.8,8.97,2.51,2.64,8.35,77.730
2.83,5.16,9.41,4.65,4.05,4.66,7.22,7.15,4.59,6.14,0.74,6.4,95.409
5.82,7.05,3.38,3.99,3.98,4.88,4.93,1.6,7.7,1.26,5.4,9.81,94.788
3.35,9.88,3.67,7.55,5.57,5.62,5.55,9.5,6.69,9.69,6.6,6.3,80.397
2.05,5.26,1.74,4.75,4.93,5.35,7.5,1.83,2.64,9.44,9.36,9.92,59.179
3.71,1.04,1.41,9.18,3.26,8.33,4.03,2.45,2.56,1.8,8.82,2.91,119.318
1.09,6.56,4.63,4.94,4.45,1.5,3.1,9.86,9.72,1.05,2.42,3.13,79.133
4.56,8.28,9.32,9.58,3.81,4.65,8.47,2.65,9.23,2.13,2.15,0.35,160.929
7.86,8.16,8.13,4.22,8.79,4.55,3.83,4.21,1.39,8.49,8.42,9.53,116.281
8.84,4.81,9.92,0.74,9.79,1.36,7.13,6.19,6.41,4.09,5.56,0.29,119.515
6.22,8.05,5.87,7.59,1.12,5.49,7.01,6.31,4.08,1.79,2.78,1.48,146.439
6.58,4.24,1.25,4.93,4.04,6.35,8.79,8.19,7.33,0.59,5.15,8.9,70.321
5.29,1.41,7.18,3.7,1.81,5.62,0.75,9.91,4.43,1.42,0.93,2.31,126.633
3.91,9.01,9.75,5.09,2.32,9.58,2.8,3.53,1.23,8.29,8.22,5.68,133.311
5.11,3.39,4.39,0.66,3.12,1.66,6.67,0.21,5.57,9.99,9.57,2.98,52.386
6.47,2.61,6.31,7.87,4.86,4.44,2.94,1.88,9.22,1.02,4.81,4.08,135.950
6.59,2.46,1.57,1.52,6.59,8.96,3.09,3.05,7.54,2.52,8.66,5.76,90.431
7.71,7.5,0.86,1.86,2.93,9.14,5.13,6.35,1.85,5.81,1.25,2.22,132.685
7.51,6.06,3.82,1.69,4.82,0.28,2.14,1.85,7.28,0.75,4.96,2.14,126.464
4.45,8.7,7.14,8.23,8.48,3.7,7.33,5.62,3.28,1.56,1.81,1.35,194.272
4.71,2.87,5.97,7.28,7.45,4.0,0.14,8.34,6.54,5.68,5.27,7.98,95.081
6.59,2.3,6.36,1.77,9.2,1.86,5.4,3.57,7.78,5.33,9.57,3.01,81.016
9.8,9.88,5.33,4.08,4.39,5.04,1.99,8.34,7.25,6.83,0.49,1.4,146.464
5.13,4.16,6.4,7.28,3.39,9.68,0.27,7.28,8.51,6.6,4.08,2.88,121.675
7.86,0.77,9.12,5.63,0.76,3.39,5.36,6.24,5.51,4.11,9.06,1.06,87.843
0.04,6.04,4.43,2.83,6.09,3.55,0.23,9.98,8.18,7.87,7.53,0.57,66.880
5.53,8.01,7.65,0.22,2.41,5.74,5.59,3.53,7.34,4.95,8.03,2.22,93.367
3.41,8.16,4.78,3.94,8.31,4.86,8.43,8.83,8.1,9.61,6.09,0.45,80.607
2.88,9.71,2.65,1.11,9.3,4.97,8.11,8.93,3.94,7.9,4.06,8.18,74.465
0.39,6.12,3.76,6.97,5.39,4.73,5.08,1.22,9.91,5.03,9.83,9.27,67.824
8.47,0.41,7.76,9.44,2.8,8.7,6.72,6.92,2.54,0.53,6.92,3.12,140.486
3.89,9.5,7.7,9.76,5.51,8.19,4.97,4.85,1.75,8.74,1.64,4.14,170.755
2.2,6.87,7.66,6.85,2.51,8.92,5.34,8.83,8.18,4.69,5.4,7.75,87.111
8.68,6.83,0.13,2.22,7.99,9.88,6.01,9.62,0.28,9.3,7.94,2.93,99.030
8.52,2.26,8.43,3.27,1.27,8.64,6.35,1.18,4.5,8.31,3.4,3.03,120.994
7.94,9.53,2.27,4.27,0.83,0.67,9.25,9.26,5.61,7.97,6.26,8.41,54.555
9.58,9.48,0.76,2.9,0.73,8.54,8.72,9.88,6.3,5.19,4.76,10.0,71.327
4.7,7.67,9.62,3.44,1.4,6.72,6.77,1.09,1.76,9.96,0.98,8.62,114.976
4.1,9.19,4.98,6.71,0.68,0.88,4.36,6.16,5.33,2.75,8.26,6.45,79.676
7.98,0.54,1.94,3.52,1.38,0.77,9.1,6.44,9.38,4.12,5.87,7.74,37.819
6.78,7.12,8.21,1.13,0.33,1.13,5.47,4.78,6.74,2.53,0.64,7.65,88.817
5.81,7.25,3.68,0.25,0.08,8.47,2.04,3.52,5.87,4.86,6.89,9.3,78.633
8.21,9.18,3.16,9.13,2.13,9.33,6.62,6.62,7.82,3.41,7.87,0.28,126.119
4.16,9.88,0.5,2.05,3.45,0.62,0.95,9.92,2.58,2.76,5.83,7.89,69.028
3.28,3.32,6.11,6.43,5.71,6.37,4.59,4.29,4.61,2.0,8.04,3.45,115.715
1.2,6.87,2.01,9.58,1.3,6.69,9.33,0.77,2.85,9.07,8.26,9.78,69.021
4.92,6.04,1.3,4.14,9.94,0.69,8.69,1.15,9.72,5.59,9.72,0.54,76.334
9.87,5.99,6.4,4.11,4.46,8.32,3.0,2.38,9.48,5.8,1.77,6.15,136.984
0.62,2.85,7.15,4.41,1.6,9.88,1.2,6.98,0.51,6.86,7.59,9.46,81.319
6.77,2.19,9.24,8.24,3.53,7.74,1.83,2.75,9.31,6.61,7.43,6.96,108.083
4.28,3.01,7.42,4.92,6.15,3.85,3.72,3.07,2.27,3.97,3.74,2.37,154.807
1.97,9.58,8.54,0.15,1.42,2.02,5.01,3.39,4.19,6.87,7.49,4.94,74.255
1.72,5.45,0.14,0.12,3.14,6.79,2.77,7.81,3.56,6.06,9.58,6.71,47.575
9.34,3.09,4.65,3.91,1.05,0.82,4.46,1.82,3.69,2.01,2.76,3.2,127.425
1.71,3.47,8.43,0.88,7.46,2.4,7.0,1.37,3.97,3.17,8.3,6.37,80.683
1.05,1.95,2.25,0.31,9.83,8.68,7.37,6.96,3.8,2.36,7.28,0.45,85.294
3.63,8.81,3.94,9.55,2.36,5.24,0.67,0.47,1.26,3.03,4.01,6.07,216.183
2.75,5.44,8.32,4.68,6.4,3.34,7.91,0.71,7.33,4.06,9.01,2.25,98.913
2.04,9.79,7.19,6.7,3.39,9.24,1.76,5.15,5.33,0.55,3.77,4.01,186.437
4.95,0.13,7.08,2.89,1.66,0.35,3.43,5.2,5.12,4.39,3.14,3.7,68.295
3.48,1.22,1.87,6.31,9.94,3.76,6.78,1.18,7.73,1.51,8.55,2.62,93.691
7.41,7.63,1.76,8.06,3.42,3.88,9.96,5.19,5.91,2.96,2.31,7.93,93.870
8.43,4.2,2.98,2.93,8.3,0.26,2.83,0.02,8.95,3.81,8.4,8.17,84.214
4.36,2.85,2.95,2.9,0.71,0.42,7.87,1.57,6.6,6.74,7.96,0.34,45.656
4.11,6.83,1.49,4.54,6.59,2.87,4.04,3.71,1.23,8.71,4.37,0.52,117.050
8.99,7.94,0.23,4.11,3.71,6.72,1.13,9.61,9.3,7.78,6.31,8.5,74.361
1.81,0.34,1.49,5.16,1.25,0.3,2.9,2.2,5.79,0.09,3.25,0.95,68.182
4.18,4.15,3.36,4.82,5.85,6.61,4.05,7.28,0.27,1.45,7.95,8.92,96.825
1.85,8.62,3.04,1.53,6.97,5.76,3.19,2.76,3.93,3.38,2.05,9.08,113.858
5.49,6.16,9.21,2.52,9.1,7.81,7.37,1.59,4.33,9.12,9.75,4.24,110.687
9.27,1.49,6.19,7.85,0.96,0.53,9.3,9.65,8.79,5.62,0.24,1.93,73.994
7.03,2.07,4.07,0.83,9.33,7.85,5.74,0.45,2.6,9.19,5.07,0.72,131.174
3.87,3.41,5.43,4.58,7.27,0.95,4.39,1.35,3.21,1.58,5.57,9.78,98.570
0.63,7.88,0.3,2.99,6.91,1.71,9.43,8.15,6.21,2.9,8.99,5.05,50.135
1.8,2.76,1.95,7.93,2.01,8.4,9.74,6.42,9.05,3.08,5.05,6.41,62.516
4.83,0.31,1.97,0.83,0.33,7.5,1.74,0.6,0.01,4.93,9.18,4.81,74.142
0.94,1.42,0.95,1.55,5.98,2.16,0.96,8.77,3.44,7.19,3.46,7.16,41.963
3.54,0.94,5.07,7.51,5.0,4.8,9.82,3.46,5.39,5.3,7.3,9.5,65.882
1.64,2.08,2.98,7.01,2.33,2.16,2.68,7.26,2.33,3.96,0.16,6.9,78.145
8.31,1.93,2.57,2.45,5.78,7.01,0.2,3.78,1.57,7.3,2.56,2.71,154.801
7.47,1.0,7.85,9.79,3.28,7.56,6.8,5.56,1.47,9.27,5.66,7.52,101.847
9.56,3.02,5.56,7.5,7.32,0.64,6.22,9.1,9.11,4.32,7.6,5.17,80.925
9.78,4.02,7.42,4.35,1.35,4.48,1.02,1.4,6.83,2.36,1.05,7.36,156.843
3.14,1.3,7.51,3.76,9.3,8.1,6.38,7.03,7.78,6.25,0.17,4.06,104.547
7.64,2.91,7.12,8.05,1.58,6.05,5.37,1.06,9.51,1.19,9.08,5.98,103.604
7.64,3.02,8.49,1.6,9.0,9.03,2.93,1.45,8.22,2.62,2.57,6.36,160.580
3.67,4.89,6.44,6.39,3.66,0.4,7.9,5.5,9.46,0.33,3.09,4.88,81.675
1.37,0.4,8.56,9.25,6.15,1.96,1.13,4.96,9.11,7.46,0.08,2.88,108.080
8.79,7.81,5.81,2.06,7.85,1.81,0.16,0.34,6.24,3.73,0.24,2.79,252.815
3.41,7.08,6.31,2.98,1.39,4.94,4.34,5.39,5.68,1.51,5.2,5.75,93.685
9.71,4.7,1.46,9.53,6.95,4.33,9.08,4.77,7.54,5.08,6.31,9.5,86.755
4.28,4.25,8.71,7.43,2.0,6.05,0.07,7.31,7.06,3.45,7.3,1.28,123.612
4.85,8.51,1.36,2.96,7.87,1.47,7.51,2.45,0.49,2.66,3.78,7.92,108.908
6.65,7.19,4.95,7.58,6.39,2.4,6.14,1.65,9.14,1.03,1.64,3.98,149.109
2.8,0.18,1.31,6.31,7.83,7.73,4.29,1.0,4.96,0.48,0.2,0.78,223.399
1.0,7.83,2.64,4.59,1.61,6.93,6.23,1.03,7.32,9.69,8.18,4.45,66.667
7.7,3.05,5.28,7.45,2.6,3.43,6.53,8.49,5.93,9.66,9.65,4.8,65.490
7.59,7.54,5.64,5.97,7.51,4.2,3.81,5.72,6.07,7.7,7.98,9.38,94.565
0.02,2.89,6.32,5.9,9.67,4.9,0.92,8.53,8.28,5.19,9.5,2.5,85.052
2.14,5.98,3.6,5.56,9.05,7.61,7.13,3.66,3.49,1.19,9.77,2.07,124.277
4.57,9.72,3.46,9.69,5.92,0.02,9.25,5.1,4.5,8.85,7.9,8.05,76.472
7.07,8.47,5.16,8.12,2.06,8.7,3.25,4.46,3.33,0.15,3.53,6.19,189.287
0.25,7.69,6.09,3.89,7.52,5.03,3.25,9.66,1.52,1.18,3.83,8.93,107.402
3.34,4.22,9.74,4.06,8.7,5.91,3.92,4.39,2.17,9.98,8.05,1.67,119.185
1.21,2.97,9.18,4.14,9.83,9.62,7.19,9.39,1.26,2.71,2.29,7.85,120.398
8.13,9.19,7.8,6.12,0.84,2.01,4.69,9.05,5.57,5.4,4.08,1.09,114.090
4.49,9.2,3.22,7.79,6.13,6.87,8.93,6.48,8.37,3.76,7.95,4.8,93.572
1.19,4.83,1.34,0.35,0.04,6.61,8.27,0.15,5.75,9.12,6.54,0.39,47.518
9.89,2.9,4.89,0.62,8.73,3.51,7.98,0.02,3.02,1.7,5.08,5.51,131.017
2.8,1.19,6.17,3.31,5.42,9.38,8.84,9.48,1.0,3.97,1.68,1.74,105.841
1.38,3.48,1.02,2.62,4.65,0.12,2.1,0.16,6.04,1.29,3.54,2.0,87.707
2.98,5.44,9.06,3.99,8.35,4.59,0.61,0.83,6.03,1.69,4.32,4.75,188.755
5.26,7.06,8.39,7.42,2.02,8.54,7.56,2.04,3.12,7.95,5.63,4.38,126.108
6.87,9.54,0.46,2.01,1.42,8.02,9.74,9.17,7.57,5.75,8.67,2.39,65.419
3.44,3.07,2.03,6.35,9.58,8.43,2.54,5.46,5.61,9.79,9.74,7.93,80.107
2.03,5.34,4.28,8.53,2.53,3.94,5.54,0.79,4.42,0.86,1.73,2.28,170.615
0.23,0.03,2.05,9.97,6.45,6.37,2.23,7.24,8.14,6.0,9.39,3.07,69.587
4.47,8.51,7.92,5.9,9.37,3.92,9.86,3.63,6.13,4.29,3.3,0.77,143.281
1.01,5.18,8.53,3.62,7.57,5.07,2.79,3.61,9.71,7.64,7.24,3.34,90.242
1.95,2.08,7.53,8.52,5.3,9.75,4.41,5.13,8.01,0.44,7.99,9.5,99.014
5.32,0.06,0.12,4.85,2.63,5.71,7.59,9.1,6.81,7.19,1.07,7.7,47.364
4.79,0.11,9.14,5.79,4.08,0.94,9.0,3.38,1.33,9.48,2.4,1.17,92.862
0.11,5.15,4.42,8.89,4.08,9.85,7.14,7.95,7.16,4.17,5.2,4.79,89.261
8.33,9.41,3.77,5.71,0.76,0.56,2.12,3.0,2.72,5.5,2.34,9.36,113.978
1.32,3.09,0.23,4.11,9.91,9.73,0.81,5.18,3.13,4.59,9.42,1.87,113.560
2.26,6.24,5.63,4.59,4.51,5.41,8.88,4.32,8.79,5.8,2.69,5.85,78.833
5.97,0.39,1.88,4.82,6.22,6.9,1.52,0.74,0.11,6.17,9.04,6.81,107.339
1.3,4.23,3.23,1.73,5.66,3.27,7.61,9.01,3.21,1.0,2.29,2.18,76.759
9.9,3.36,4.77,6.09,7.41,2.09,7.41,2.03,2.54,4.32,1.74,3.0,159.791
8.3,0.61,5.84,9.08,2.86,2.44,6.31,6.46,4.25,4.93,5.56,8.35,81.233
1.48,9.39,7.27,1.84,7.39,2.37,7.69,6.51,6.5,8.32,7.78,5.92,69.616
5.31,4.56,4.93,7.17,8.39,9.55,7.24,4.12,0.38,0.13,6.89,8.09,148.641
6.13,6.79,1.3,7.97,3.83,6.69,9.42,8.73,3.22,5.82,5.6,6.03,84.261
2.46,6.74,2.28,3.05,1.32,2.09,7.4,0.48,6.88,4.59,0.14,9.74,61.375
5.56,7.98,8.0,4.93,8.23,6.21,7.1,5.53,9.39,9.48,5.39,0.02,110.837
2.92,4.17,8.43,4.54,3.88,6.97,8.01,7.9,2.83,1.46,0.19,6.28,115.898
9.1,1.99,9.69,1.82,8.98,8.7,4.78,9.19,3.56,8.8,9.35,8.6,90.967
7.46,4.98,9.81,3.04,5.81,5.03,7.49,4.48,2.03,6.95,8.71,8.86,93.795
9.96,9.91,7.01,3.71,9.31,0.46,5.36,6.19,3.82,6.65,1.96,6.39,132.894
8.95,3.46,7.0,9.3,6.19,1.73,6.8,0.6,3.2,5.18,4.2,5.46,143.986
3.91,6.3,0.12,5.1,2.22,9.95,7.11,9.58,9.48,8.67,8.95,4.76,56.849
0.17,0.99,1.02,4.96,0.02,7.24,7.85,4.22,8.13,6.46,3.16,5.25,41.061
8.47,2.15,1.97,4.13,7.2,9.33,3.22,5.76,5.23,8.97,4.52,0.76,116.831
0.95,0.71,8.06,9.79,5.73,2.87,1.49,0.25,6.11,4.07,6.95,6.75,109.719
1.75,0.16,4.78,0.15,1.84,5.33,3.59,8.89,6.17,5.22,10.0,3.24,37.753
8.36,6.64,2.6,5.28,8.71,3.89,2.15,2.14,5.05,8.64,6.37,1.28,138.432
7.58,1.36,4.03,5.92,5.46,7.41,9.08,9.34,0.57,5.38,7.67,3.06,90.484
5.54,5.31,3.34,2.69,1.57,3.53,1.59,3.81,4.05,9.93,0.26,7.42,81.227
0.15,2.0,0.93,9.85,2.58,9.03,0.07,8.09,9.92,4.58,2.53,8.76,72.283
5.23,3.8,9.47,8.98,0.13,5.09,3.86,3.97,3.22,8.4,2.94,6.85,111.833
2.68,6.77,0.4,0.12,3.62,9.84,6.07,7.54,2.64,3.17,8.4,5.02,71.346
2.86,0.98,3.64,0.04,9.99,0.54,7.52,0.96,0.52,9.55,3.34,3.52,71.035
3.91,9.86,1.0,8.32,7.34,9.64,4.66,6.8,6.75,3.93,3.86,0.77,149.682
6.96,8.95,8.5,2.04,9.89,3.71,1.03,9.65,3.73,1.34,9.85,2.28,143.651
0.49,0.76,9.36,4.68,9.07,4.9,3.44,2.1,3.73,4.43,9.28,8.61,92.624
7.45,1.07,3.11,4.31,5.66,9.98,0.85,1.9,3.75,8.99,6.66,7.3,107.233
4.16,8.11,9.72,0.02,9.57,7.83,9.81,5.48,5.99,0.53,8.17,5.24,111.897
4.24,6.55,6.42,1.72,1.37,8.79,8.68,3.37,9.69,5.84,1.19,4.46,87.541
6.27,7.8,0.94,6.14,9.16,9.31,2.76,5.88,5.75,8.14,4.91,5.09,121.795
8.81,2.15,7.64,7.08,6.64,7.26,9.99,2.17,3.88,0.52,1.84,6.09,161.617
1.63,1.86,3.92,8.15,1.31,1.4,2.59,4.15,0.34,2.94,2.86,3.5,111.538
7.39,8.19,2.04,8.04,8.74,2.79,8.25,5.95,3.98,6.71,3.35,1.35,125.684
7.26,9.21,3.7,4.98,6.2,4.26,0.95,0.03,7.77,9.78,8.62,2.3,120.917
2.33,8.53,6.84,3.05,8.73,4.13,0.77,3.89,3.16,1.48,9.0,1.31,171.392
5.85,6.89,8.15,0.83,4.42,0.56,2.02,3.22,8.6,4.45,1.5,6.67,100.907
7.87,1.67,6.28,9.98,9.31,4.22,7.94,5.01,4.34,0.71,5.28,0.24,167.219
7.87,5.4,7.17,2.94,5.81,2.96,0.47,2.99,2.88,1.59,1.19,6.52,205.563
0.7,1.68,9.55,1.44,7.97,2.6,3.87,6.07,6.38,4.99,6.49,6.22,70.370
1.83,5.66,5.89,7.89,0.51,4.88,8.18,7.32,0.89,7.77,9.07,4.57,70.529
7.4,1.5,5.4,3.04,9.15,3.26,1.37,1.63,3.78,9.98,2.85,3.38,129.404
5.83,9.53,6.5,0.05,9.53,7.09,1.46,1.17,6.45,2.47,6.85,7.67,147.794
5.59,4.14,7.0,9.35,0.69,0.14,7.5,1.73,3.54,0.31,5.79,3.02,122.933
5.42,8.94,9.88,6.59,4.08,8.07,9.58,8.46,8.03,3.45,8.5,0.42,111.811
8.25,7.42,4.46,0.9,2.41,0.1,1.18,2.73,5.16,5.2,5.53,3.85,99.535
4.69,0.76,4.25,3.5,1.08,0.11,7.02,2.58,6.24,6.8,7.13,9.87,36.302
7.1,7.52,1.21,4.0,4.13,4.64,5.11,4.01,3.1,5.47,3.62,6.15,104.151
2.47,5.68,8.03,3.04,6.44,4.56,1.23,6.64,0.52,7.13,8.33,7.93,95.091
0.77,6.16,6.81,8.65,5.23,2.98,0.89,3.87,0.51,8.6,0.01,4.64,165.227
6.44,7.44,1.83,8.61,6.43,5.88,8.2,1.9,2.34,6.68,7.45,3.76,120.772
3.51,3.28,1.51,3.52,6.72,0.97,1.56,2.3,8.73,9.48,3.64,4.02,65.624
1.69,0.39,4.39,6.27,0.09,3.36,6.91,9.18,9.05,9.78,7.82,7.56,32.187
8.69,4.78,2.81,7.15,0.99,0.33,0.71,0.51,5.88,5.63,0.78,9.33,108.363
2.54,8.83,4.7,1.39,7.46,3.13,1.36,9.89,7.84,3.58,7.06,7.86,74.621
8.21,7.45,4.54,0.22,2.86,2.13,4.65,0.5,6.73,2.34,0.64,8.6,108.312
5.56,0.45,8.29,7.67,2.67,9.2,1.6,2.21,0.93,8.89,3.68,6.87,139.950
7.81,6.4,1.21,6.65,3.26,9.23,2.76,6.89,6.65,8.31,8.12,9.82,81.222
1.48,7.08,9.12,0.96,1.35,7.04,3.19,4.77,1.0,2.41,2.61,6.94,129.207
5.68,0.05,8.08,1.11,8.03,8.06,9.21,4.92,4.84,7.09,0.97,2.48,105.083
2.44,9.88,3.59,7.61,7.98,6.95,5.84,7.11,5.17,0.63,1.18,2.18,173.903
8.24,5.82,3.27,7.6,4.85,8.15,8.05,4.08,9.3,2.31,7.77,6.78,99.060
0.2,0.46,6.3,8.76,7.33,4.12,1.16,1.65,3.73,5.14,4.22,6.04,123.838
5.96,8.75,6.94,8.24,7.74,9.54,2.33,1.2,9.13,8.08,9.04,2.62,145.586
7.1,6.37,4.49,3.21,5.42,0.68,2.0,6.25,6.51,7.5,3.78,7.67,80.896
9.68,0.75,7.65,5.35,2.49,6.32,3.46,8.33,8.02,8.27,2.47,6.96,85.950
9.47,7.98,2.88,3.9,6.6,1.33,4.7,9.41,4.86,0.48,9.35,8.95,85.192
0.46,0.5,2.54,5.73,9.04,1.53,9.81,0.59,8.16,3.0,0.95,3.58,75.891
0.19,7.43,3.26,1.78,6.44,4.9,5.72,8.41,5.97,8.13,9.49,3.05,58.867
7.99,7.79,3.52,9.74,0.44,0.05,0.78,2.83,9.15,1.81,4.14,5.11,123.971
5.4,9.33,3.43,9.58,4.14,0.25,8.34,3.33,0.19,8.86,6.98,5.69,96.226
0.23,5.51,7.51,6.44,1.27,9.35,5.44,9.71,9.91,6.75,0.8,9.48,72.012
0.83,3.64,2.95,5.21,7.76,7.1,1.4,1.73,4.62,4.21,5.38,0.97,150.137
6.74,6.35,7.16,0.21,3.78,3.52,2.89,6.43,2.31,2.96,1.65,1.55,156.043
9.77,0.83,8.68,4.22,2.08,3.11,5.16,2.35,2.09,8.32,5.96,2.7,107.938
4.54,0.43,1.48,3.65,7.2,1.03,9.36,6.31,6.51,8.96,8.38,8.55,38.132
6.11,1.04,1.79,9.88,7.05,9.54,0.25,6.91,7.86,1.38,8.41,1.55,134.332
8.36,5.07,1.3,2.76,0.12,1.16,8.04,5.44,2.35,1.81,6.59,7.72,58.748
3.93,2.36,2.37,4.91,3.67,9.9,4.06,0.92,6.23,2.58,1.31,2.81,151.535
9.78,2.63,5.72,0.37,5.87,2.51,7.9,1.78,7.36,2.29,5.06,4.86,91.897
5.97,7.47,1.93,4.17,3.62,4.63,8.24,2.78,5.29,5.52,7.16,3.0,86.871
3.33,1.02,1.74,5.94,7.45,8.96,6.69,7.46,8.53,5.95,0.83,8.12,75.679
6.62,8.5,0.84,4.13,4.06,9.06,5.07,8.75,0.45,6.58,4.52,5.33,108.176
3.43,8.89,9.99,6.25,1.68,2.61,6.33,3.24,3.97,2.72,1.66,8.68,123.496
5.93,7.24,7.58,7.35,6.69,8.87,3.96,5.77,6.27,9.4,4.06,8.2,115.932
3.12,8.69,1.49,6.34,5.41,2.79,2.39,0.6,8.09,3.41,1.14,3.74,143.727
5.21,0.95,1.61,2.57,8.53,1.87,9.77,7.89,3.54,8.46,9.75,5.61,46.068
3.46,2.96,7.45,7.41,8.44,5.44,2.91,3.68,3.6,3.88,5.28,6.99,133.485
5.15,1.13,2.58,2.28,6.07,8.78,0.67,8.65,1.3,6.63,4.09,7.44,90.306
2.74,6.99,1.03,7.74,7.03,6.78,6.87,6.83,8.74,0.43,0.49,9.97,96.940
1.9,3.09,5.3,7.36,5.47,7.99,2.56,7.68,3.29,1.81,9.72,5.77,100.908
8.95,0.83,1.98,5.71,2.56,2.58,8.62,4.46,2.07,4.03,1.44,6.18,84.366
6.02,2.88,6.93,5.36,8.26,2.48,0.6,6.48,0.92,6.13,0.92,8.27,136.921
3.15,9.08,7.4,3.73,0.33,5.75,6.3,5.66,7.94,0.63,4.82,8.73,86.385
2.74,8.12,5.51,4.53,7.83,4.96,1.45,3.96,7.54,1.04,0.59,4.92,172.769
3.04,4.72,1.92,6.24,5.61,4.78,2.99,4.48,5.2,6.34,0.06,8.67,94.845
3.84,7.99,5.31,2.25,5.87,3.0,7.89,5.64,5.57,6.68,4.79,7.57,74.095
9.62,7.45,7.41,7.24,8.11,8.32,6.64,7.77,3.37,5.56,8.38,7.08,124.098
2.68,0.05,9.1,9.83,6.65,1.05,4.48,6.06,4.52,9.65,3.01,1.43,100.720
3.63,1.49,5.53,0.11,1.52,6.8,2.65,0.42,5.6,4.14,2.23,1.53,115.148
4.02,4.74,4.04,7.44,0.63,2.15,7.61,1.51,0.85,3.41,5.93,9.13,80.942
6.05,0.18,9.66,4.76,7.05,4.3,1.13,10.0,2.31,8.71,0.04,2.12,131.633
1.27,9.45,4.27,8.75,1.15,6.72,0.28,1.43,1.24,7.9,0.57,0.98,254.919
3.87,7.42,0.51,3.54,1.48,2.0,6.56,7.36,0.99,4.87,3.79,7.43,60.710
6.78,1.75,3.84,1.32,5.55,8.46,9.97,0.64,9.02,2.78,5.69,9.26,74.143
5.12,1.64,5.15,4.03,7.79,4.6,7.49,8.99,9.45,2.91,2.2,0.56,89.652
0.29,0.05,4.57,4.52,7.24,8.25,3.97,7.4,7.44,6.16,4.62,8.33,65.717
6.79,3.52,5.59,0.82,9.7,8.01,8.82,5.01,4.4,4.46,0.92,7.35,111.208
3.96,6.57,9.93,5.41,7.04,4.93,6.8,0.81,6.57,4.05,3.97,0.35,167.805
7.04,6.19,6.85,1.19,2.01,8.73,6.7,8.41,7.34,7.16,4.24,7.73,76.984
5.76,7.49,8.86,7.86,2.44,0.81,0.52,6.25,1.39,9.81,1.16,8.63,119.669
5.09,1.66,9.79,2.25,9.66,3.82,0.69,5.26,3.53,1.15,5.72,7.61,134.683
0.94,5.98,0.45,5.46,7.41,4.73,4.95,4.88,7.88,1.08,7.66,4.57,80.496
1.73,6.0,4.71,4.93,7.87,9.31,7.83,3.3,3.43,3.25,0.27,9.99,123.085
7.01,8.66,1.14,3.93,1.76,2.75,3.93,7.33,2.42,4.03,6.12,5.85,85.074
0.51,7.16,1.95,9.91,5.29,6.23,1.67,2.97,5.1,2.89,2.55,9.31,126.786
4.41,6.44,4.18,8.84,7.84,2.07,8.19,9.1,9.29,3.46,0.2,7.24,90.128
6.91,7.51,6.36,9.48,4.88,4.96,1.57,3.77,6.24,0.33,7.55,6.13,156.702
6.75,0.63,1.08,8.93,7.97,7.1,6.38,7.21,2.25,1.64,6.21,3.77,118.208
3.04,3.99,2.67,9.83,2.83,8.64,3.69,3.09,7.22,8.19,0.3,6.0,108.810
5.14,3.11,2.95,8.57,9.97,3.53,2.62,0.01,1.71,1.52,9.04,6.11,158.353
4.61,0.16,6.09,3.79,2.02,6.92,9.4,1.3,5.34,6.23,6.58,6.14,67.419
3.04,7.51,9.58,1.16,2.89,6.09,2.8,1.1,8.74,2.81,9.02,7.65,94.240
1.26,3.22,6.45,7.97,1.92,9.16,1.65,5.25,6.79,0.69,6.43,9.56,98.716
4.3,2.6,0.26,2.44,9.04,8.47,6.24,3.78,9.58,0.79,9.31,3.0,82.905
8.18,3.01,5.71,7.5,1.06,3.09,4.05,6.17,0.78,0.35,8.83,3.68,119.656
4.53,0.41,8.35,6.77,5.76,8.46,0.2,0.68,3.37,2.39,8.57,9.37,139.463
4.46,1.14,7.94,2.95,1.21,2.08,1.82,5.85,0.25,2.76,7.51,0.34,106.746
8.57,3.28,7.59,8.16,8.67,6.84,3.71,5.3,1.96,4.94,7.36,8.93,133.882
8.19,9.63,2.81,4.71,8.95,8.33,6.2,3.38,4.72,0.7,5.84,6.44,156.232
9.12,9.86,6.69,6.41,7.41,4.97,7.3,6.99,7.43,8.59,3.88,4.91,113.708
8.09,0.47,6.63,9.33,6.56,1.0,4.71,8.5,0.92,8.1,4.81,2.67,107.977
9.42,5.34,1.99,9.36,5.19,1.49,6.75,4.54,0.41,1.23,0.54,1.58,217.874
3.49,3.57,7.22,2.84,9.55,8.19,0.02,2.47,1.28,4.29,5.54,9.6,150.259
0.47,1.87,0.28,4.54,6.68,0.44,8.36,3.95,4.45,1.37,0.79,4.42,61.183
6.76,4.07,0.18,8.23,7.32,6.52,4.39,1.08,9.03,5.63,8.18,8.26,90.457
6.0,3.83,8.99,1.65,9.13,1.78,1.02,6.08,2.78,9.95,6.84,7.18,92.703
4.19,9.93,6.7,6.66,5.66,0.61,6.09,3.58,9.37,3.78,2.1,1.16,129.410
0.83,6.45,1.2,4.91,4.23,7.11,8.33,0.47,9.37,5.52,7.22,7.35,64.637
0.04,6.02,0.96,0.9,8.36,1.16,8.3,3.09,4.72,8.79,6.86,6.07,46.101
7.79,7.82,5.53,0.18,1.13,9.99,4.18,4.49,4.89,9.98,1.28,2.62,118.222
5.0,3.1,9.37,0.31,7.97,1.12,8.56,7.57,4.55,1.45,3.78,9.36,76.184
5.93,4.8,8.7,7.87,9.0,7.53,1.18,4.88,1.55,6.47,2.46,4.24,210.924
0.38,9.94,2.89,2.31,9.21,3.5,2.66,6.98,1.0,1.0,7.2,3.01,129.199
6.7,1.62,8.99,2.4,9.71,1.49,0.14,6.71,7.12,9.57,9.44,3.69,84.292
9.45,4.59,2.16,0.1,5.26,5.99,4.23,3.49,7.41,3.92,2.63,2.61,113.421
5.84,8.84,2.41,8.89,3.59,8.58,3.88,3.68,0.86,0.13,3.02,9.91,177.607
6.87,8.27,3.2,7.26,9.19,5.1,7.88,1.4,1.17,5.58,8.37,2.45,148.566
8.15,1.24,1.01,1.24,9.75,7.97,2.79,4.82,4.36,2.68,2.91,2.08,149.491
5.46,0.18,4.04,5.54,1.06,6.85,1.48,8.54,3.1,3.14,3.31,5.62,91.822
9.25,2.75,3.63,3.22,2.82,0.18,1.13,5.02,1.77,1.48,7.67,7.19,90.066
4.13,4.44,5.19,7.78,8.29,1.79,8.37,3.77,8.01,5.94,6.21,7.83,78.794
4.05,0.52,0.98,6.52,3.91,8.97,9.74,5.93,1.11,6.8,9.56,0.08,75.105
1.05,1.79,4.6,0.9,9.48,1.95,9.62,1.13,7.14,7.68,1.06,6.97,58.839
7.88,0.55,2.03,1.88,3.56,0.92,7.22,4.72,7.89,5.04,9.87,0.9,47.194
8.03,9.85,0.67,4.51,4.48,7.58,5.03,8.83,5.09,6.77,1.0,5.09,110.406
5.42,1.55,7.77,1.69,6.8,3.48,1.32,5.18,5.93,6.22,8.44,7.67,76.841
2.55,7.85,0.52,6.74,4.47,2.77,3.22,9.54,1.68,8.18,3.97,3.61,82.450
7.48,3.51,7.23,3.54,2.07,8.42,8.92,7.66,1.29,1.38,4.27,5.81,109.956
2.33,7.73,3.94,8.14,1.1,9.75,5.69,5.31,9.59,9.02,3.57,8.3,79.532
9.16,3.08,2.51,9.46,1.69,7.52,6.24,4.0,2.67,6.24,5.62,1.1,129.184
3.43,0.28,5.14,6.86,8.67,1.79,5.2,3.06,2.26,1.97,4.82,0.38,147.937
2.85,3.66,6.6,7.75,1.92,2.77,3.92,3.77,7.02,4.28,5.06,5.52,86.405
9.05,3.58,0.72,5.78,5.94,9.61,7.14,4.49,9.95,0.75,9.84,7.08,88.357
3.72,4.4,6.84,1.32,8.61,9.87,6.58,9.49,8.45,9.96,6.14,2.86,79.945
7.94,4.39,7.18,3.18,8.77,5.43,3.03,2.16,9.92,9.58,5.96,5.35,102.472
7.5,6.57,9.86,7.5,6.13,6.48,6.65,1.15,2.55,2.35,8.55,0.56,201.926
8.97,8.93,1.45,9.71,7.03,9.59,9.23,9.57,2.3,8.54,3.96,3.33,123.693
8.2,5.9,1.11,5.93,6.85,4.61,9.33,8.13,0.14,3.84,4.05,1.39,121.280
5.63,7.41,0.18,1.9,1.43,3.11,0.26,1.16,1.6,5.28,3.66,4.09,122.492
7.6,9.28,2.53,2.88,3.55,4.47,6.88,5.35,6.17,3.63,7.71,9.57,77.105
6.04,2.12,1.49,3.96,8.83,1.35,5.56,1.4,1.23,4.41,9.21,9.65,75.620
0.68,6.14,4.61,2.94,3.42,4.79,8.27,5.56,2.27,8.04,6.89,9.73,55.397
8.18,4.1,2.78,8.31,9.71,0.52,5.97,2.24,0.83,3.05,0.8,8.61,156.279
8.73,1.45,3.79,6.85,0.13,9.11,6.71,8.33,5.18,9.22,8.87,1.53,75.452
5.67,2.3,9.5,3.45,5.66,3.16,6.32,8.69,0.89,5.97,0.47,8.51,96.402
5.95,1.84,3.62,6.84,1.66,9.77,5.38,1.09,6.45,6.3,9.72,1.63,97.089
7.37,7.7,8.51,5.94,2.82,5.81,2.15,2.66,4.03,7.11,7.27,2.04,151.029
3.21,7.58,8.86,0.88,4.07,3.04,2.69,9.56,9.35,2.95,7.2,3.76,77.837
3.48,7.81,6.2,4.0,4.45,0.87,3.99,3.87,5.16,2.74,7.61,4.67,95.613
4.78,7.32,0.07,2.21,6.05,5.82,8.07,0.03,1.51,4.85,6.88,0.76,118.778
6.95,9.85,6.08,1.8,9.95,9.47,7.28,4.81,1.82,7.18,6.19,8.56,123.047
0.49,7.77,6.2,4.86,8.94,2.04,2.97,8.32,0.05,0.65,3.75,8.11,127.044
5.39,6.03,1.31,1.69,0.46,6.33,3.66,3.07,0.92,7.38,4.42,9.26,73.877
4.05,4.06,9.13,8.13,2.67,5.29,8.87,3.23,1.88,2.08,6.09,0.28,148.596
8.28,3.5,8.7,7.27,7.21,9.41,0.42,2.94,1.82,5.86,2.32,0.75,314.458
2.64,6.05,5.94,3.53,6.06,9.3,6.3,3.68,5.89,3.92,2.95,4.46,123.235
6.25,0.43,7.93,0.89,4.89,9.85,9.49,8.88,4.56,7.98,3.36,6.26,74.611
4.6,7.52,8.05,9.86,8.96,1.14,5.02,2.09,7.78,6.89,5.48,9.82,108.225
4.51,3.42,1.21,1.06,4.26,6.03,6.21,2.25,7.0,8.38,0.84,5.55,67.780
8.33,3.05,0.67,3.76,8.08,9.98,4.41,7.48,6.44,7.75,3.53,9.58,86.425
5.21,1.63,8.35,4.24,6.53,2.84,3.8,9.05,0.1,2.8,7.73,8.04,91.371
5.05,5.29,5.73,3.23,7.79,7.48,2.37,2.89,3.83,1.67,2.0,3.7,210.024
9.7,7.94,3.08,7.64,8.79,6.0,9.47,3.37,0.01,0.39,9.05,9.12,137.377
0.6,9.3,0.12,5.44,8.87,6.91,5.33,2.3,8.94,5.64,0.11,9.77,97.351
9.93,1.86,1.65,8.96,8.95,5.79,6.66,6.24,9.1,2.94,2.91,2.09,124.048
2.08,3.06,5.17,7.04,3.16,6.3,7.1,3.78,3.95,3.64,8.85,1.28,93.741
1.19,7.08,6.04,2.46,7.73,8.71,9.14,7.58,4.22,9.21,2.27,6.08,86.260
6.59,6.49,3.84,7.32,6.15,3.4,1.88,2.52,9.2,0.78,9.59,1.04,135.106
7.6,9.24,7.57,0.73,0.53,9.09,0.71,3.17,5.64,5.76,9.31,4.41,119.862
7.93,6.03,6.16,8.84,3.38,4.55,8.38,3.51,3.92,0.61,5.16,5.36,136.934
2.32,8.74,2.25,7.6,4.2,8.12,8.96,2.77,6.32,3.57,2.09,2.75,125.586
4.25,1.85,1.37,9.17,0.49,9.87,9.87,0.19,5.79,1.56,0.71,5.55,114.068
6.34,1.72,1.09,5.46,4.89,4.73,6.53,4.99,7.64,0.94,9.76,1.3,77.760
2.13,0.78,9.96,7.78,2.78,0.43,3.93,9.45,8.65,7.15,6.67,6.32,56.581
8.89,7.5,9.18,6.11,7.47,7.81,9.58,7.99,8.62,2.45,9.75,3.71,111.544
8.09,8.8,0.39,1.38,0.88,7.08,6.85,7.99,7.56,1.71,3.41,4.24,83.816
9.82,9.19,0.95,3.11,0.47,5.67,4.44,7.93,7.76,9.24,5.71,6.12,70.898
0.43,0.85,4.93,2.7,7.3,4.2,4.88,0.35,1.92,9.46,8.36,3.01,72.945
8.56,2.67,8.1,2.27,9.78,3.95,1.0,7.15,8.42,9.6,3.05,6.95,97.678
6.52,8.24,4.42,1.49,9.17,8.94,6.03,4.65,5.82,2.97,4.34,7.65,123.268
9.28,0.28,3.79,0.47,7.46,8.27,0.9,8.42,4.15,3.82,1.65,7.93,109.974
8.15,2.95,7.26,1.8,5.6,3.05,8.59,5.61,6.18,3.48,6.21,2.59,88.212
6.69,3.57,2.91,4.75,4.72,3.2,7.64,9.61,2.28,8.01,3.77,3.24,74.790
3.11,4.24,1.42,3.87,2.93,9.58,8.92,9.88,9.19,2.38,3.83,8.27,59.218
0.64,0.18,2.18,8.42,1.04,8.73,3.12,7.76,1.3,0.89,6.52,0.24,106.858
5.25,5.96,2.6,0.5,8.94,6.04,8.98,4.34,8.68,7.54,6.03,6.89,68.983
9.38,3.26,1.64,7.2,2.08,1.19,8.05,7.75,8.18,0.88,5.69,6.88,66.123
1.35,7.61,9.3,2.05,2.2,2.28,7.8,7.29,1.09,2.6,2.86,8.92,81.119
7.72,8.11,0.41,8.94,2.58,3.54,4.42,6.3,3.09,3.64,5.52,9.13,97.508
7.65,2.22,0.82,2.64,3.67,7.77,2.73,5.22,6.87,9.35,5.01,3.58,75.611
4.48,8.3,2.81,3.7,5.7,1.18,9.94,1.83,4.69,0.82,1.5,9.77,91.664
8.62,5.92,0.49,4.75,2.19,5.81,7.19,2.78,2.86,3.95,4.61,0.54,126.676
7.57,4.79,3.7,1.11,4.47,1.74,0.83,0.36,8.72,8.34,6.63,5.05,78.116
6.89,9.78,8.94,8.97,6.08,7.12,2.59,4.57,3.09,9.56,4.52,4.23,167.297
9.19,3.96,1.31,6.3,7.58,6.56,9.4,8.8,0.24,9.06,2.32,8.85,90.251
7.16,7.02,3.86,4.38,1.28,1.56,5.12,0.46,8.48,3.03,4.48,8.53,83.920
8.3,2.75,4.13,0.63,9.93,4.02,3.0,8.35,8.19,6.47,1.7,3.24,96.155
4.43,8.03,4.34,3.99,3.48,9.42,0.9,7.73,7.19,3.26,1.35,4.65,134.330
1.8,1.84,5.99,3.77,3.45,7.81,8.39,1.48,9.97,0.86,0.19,0.61,114.698
4.52,8.27,4.28,2.18,0.58,3.28,0.27,3.98,3.47,3.11,7.46,2.76,109.786
8.94,9.68,5.59,4.12,9.17,0.28,5.69,7.21,7.4,5.71,5.04,4.06,107.605
0.03,4.94,2.62,5.52,8.56,4.04,6.04,8.86,2.21,1.6,5.16,6.6,84.378
5.66,6.42,7.29,7.95,1.51,1.05,8.66,0.42,6.15,3.76,4.33,9.99,89.703
4.42,8.87,5.59,3.23,9.55,0.67,5.73,0.71,6.79,1.32,0.8,2.36,182.552
3.79,6.97,3.32,7.42,3.14,9.07,0.03,6.91,4.01,3.2,1.03,5.28,164.761
2.48,3.03,7.24,9.82,2.18,3.55,5.55,6.08,4.56,4.82,4.41,9.48,81.089
4.36,0.52,0.24,7.17,7.44,4.98,0.72,9.32,4.51,0.29,3.73,9.6,87.717
5.81,8.09,5.69,8.62,5.75,3.62,4.08,1.68,1.92,4.6,6.21,2.03,183.138
7.26,8.63,3.94,6.4,1.33,2.0,1.72,0.86,9.42,0.11,0.73,3.35,182.582
8.33,4.93,8.2,6.52,4.79,2.78,1.68,8.22,5.46,7.39,5.01,4.65,109.688
4.87,2.62,0.66,4.58,6.27,6.44,8.3,0.69,3.8,4.19,6.4,1.47,102.374
5.16,5.68,3.62,9.88,1.07,1.48,8.44,8.17,1.91,2.52,7.87,4.82,79.721
6.3,5.36,1.16,8.82,0.78,7.3,7.88,0.03,8.89,7.43,4.98,3.52,90.804
1.09,6.5,1.66,5.43,9.52,9.27,5.29,9.51,3.55,6.42,8.05,2.71,94.202
8.4,4.67,3.82,2.54,5.95,3.73,9.03,6.9,5.81,6.11,5.96,8.5,68.802
1.23,2.59,7.57,9.93,2.67,4.47,8.91,8.59,4.67,9.71,7.15,6.27,62.826
9.97,9.82,4.88,0.59,1.5,7.5,5.24,7.88,4.37,9.53,2.38,4.26,101.783
6.81,4.77,5.63,3.0,3.46,3.15,6.83,4.7,3.88,3.93,4.49,0.95,108.232
3.31,5.32,3.6,6.64,6.45,0.96,5.29,5.16,3.58,2.03,5.2,8.82,87.367
7.42,9.09,8.53,7.6,0.22,2.06,9.62,6.53,9.98,2.99,1.8,5.54,95.776
0.33,7.8,3.23,0.47,6.52,4.08,2.72,3.99,8.42,6.02,3.24,6.59,72.402
6.3,2.33,6.48,9.26,1.81,1.47,0.3,0.41,9.67,7.98,8.62,7.29,80.683
9.48,7.87,1.93,7.46,0.72,5.63,6.81,2.27,8.6,5.4,4.65,3.8,104.948
6.96,0.95,4.1,0.51,4.78,4.79,4.99,5.9,6.89,1.97,1.58,8.85,73.194
9.52,7.3,5.28,9.22,2.51,5.98,5.46,7.14,0.77,4.74,7.69,8.09,117.468
6.99,9.19,6.96,5.21,1.58,1.05,7.98,4.0,3.48,8.45,4.79,9.51,81.078
1.47,5.54,6.93,4.92,3.73,9.33,5.88,7.76,6.28,3.24,1.4,1.23,123.769
7.41,7.0,2.46,2.78,9.84,2.1,6.14,2.77,0.8,2.48,5.27,5.06,140.275
6.53,3.96,5.22,5.11,3.53,2.96,2.84,7.66,0.52,0.04,6.11,7.8,109.371
4.84,6.03,5.9,4.98,0.35,0.68,0.43,8.89,6.85,0.29,7.25,0.4,94.484
7.45,7.98,3.62,1.52,9.65,3.15,2.35,0.99,7.92,5.8,5.42,0.63,144.396
6.69,5.78,4.13,2.74,1.3,3.94,2.82,1.62,6.26,9.03,3.73,4.88,86.733
5.14,0.23,4.8,2.98,8.05,4.06,3.23,7.52,8.61,4.45,0.1,9.41,75.810
5.36,2.32,4.69,5.82,5.42,1.26,8.05,1.41,7.58,6.42,4.82,8.39,67.821
4.8,8.83,5.59,9.56,4.52,6.26,4.51,4.08,0.73,9.55,8.94,3.39,126.795
2.2,2.38,5.14,9.6,4.33,3.49,6.79,3.66,0.84,3.68,3.1,1.96,135.497
7.91,9.34,3.44,6.92,1.8,2.83,2.64,3.06,0.96,5.42,6.57,8.71,117.836
2.01,6.86,2.37,4.52,3.43,5.56,0.81,4.48,2.97,9.11,2.3,8.48,87.922
7.86,9.35,3.55,2.21,0.61,6.37,2.41,6.57,1.33,7.58,0.04,8.74,112.298
7.7,4.74,5.29,2.5,8.09,1.68,5.56,2.47,2.65,7.68,0.95,2.28,138.953
9.37,3.84,6.25,4.34,3.45,7.92,2.59,4.15,7.8,1.3,7.48,9.44,107.357
3.57,3.12,0.66,1.66,2.76,1.19,6.25,2.07,7.74,8.2,2.55,6.01,39.488
9.97,3.29,9.12,7.37,4.29,8.01,6.58,8.41,4.26,3.99,9.99,0.59,124.335
2.09,3.09,4.8,0.61,3.29,1.46,5.63,3.79,4.78,7.34,5.77,8.53,42.801
8.72,8.88,1.04,0.72,0.5,7.31,3.11,5.44,9.62,5.14,8.52,5.6,72.589
3.31,0.6,5.84,2.65,8.01,4.16,9.94,8.81,5.42,3.62,0.44,9.95,64.353
1.27,2.23,7.44,7.39,4.99,2.11,0.32,8.68,4.53,7.44,9.38,7.17,67.777
1.89,5.48,8.11,3.7,1.4,3.55,2.96,8.33,2.69,8.14,2.38,7.03,76.530
8.98,5.53,1.24,2.85,1.52,1.51,5.81,0.07,2.03,3.28,5.67,5.62,96.219
5.82,5.01,3.69,8.37,5.82,2.13,0.39,5.83,2.65,0.24,0.01,3.17,250.936
9.78,5.44,2.8,0.7,3.75,9.72,0.69,2.58,4.8,0.82,7.61,1.24,181.454
1.76,7.1,6.71,6.11,4.09,0.75,7.49,8.52,1.34,4.64,7.66,1.49,85.164
3.87,0.99,3.93,6.43,8.49,8.61,6.74,6.57,7.51,6.78,5.42,5.03,84.941
5.1,5.8,2.89,2.85,3.96,5.86,4.23,4.27,1.91,3.22,8.12,5.32,97.747
8.9,9.13,3.09,0.7,9.57,2.7,3.78,5.58,2.22,1.14,1.34,8.83,148.930
5.88,5.07,1.42,3.44,6.58,7.37,1.17,8.2,6.74,2.35,9.49,6.25,87.018
6.95,3.36,1.82,9.51,8.19,2.51,7.13,3.07,3.88,1.32,3.22,1.79,158.452
5.38,2.29,3.51,5.02,3.4,5.51,10.0,5.03,5.44,3.08,4.77,6.75,71.600
1.3,4.43,5.21,1.2,0.03,0.33,1.23,3.02,0.11,7.96,4.08,3.44,63.004
8.53,4.74,9.95,1.69,1.39,6.01,8.31,8.78,2.44,0.36,2.17,3.49,126.458
1.16,8.63,3.1,3.92,9.42,5.02,7.22,2.83,4.63,1.28,6.43,8.55,101.002
1.03,8.23,1.53,8.99,0.25,9.72,8.91,1.59,7.08,2.73,3.42,2.84,111.968
7.02,5.25,2.72,7.03,3.53,9.2,4.32,4.37,1.65,8.32,8.81,4.62,108.289
7.14,5.23,3.38,1.91,9.77,9.98,3.52,1.86,7.5,3.96,8.32,1.78,138.864
5.69,3.09,0.12,0.99,0.87,0.17,5.06,1.56,4.06,7.09,8.47,2.15,38.499
8.39,8.1,8.49,9.5,1.71,5.98,2.08,9.31,2.34,8.08,5.92,0.32,150.339
4.41,1.37,4.69,4.42,8.18,1.94,6.09,2.05,7.46,6.83,0.9,1.94,98.971
5.6,2.22,0.53,3.36,2.6,2.96,1.13,6.18,7.41,4.58,9.17,7.48,48.039
0.55,4.98,4.0,7.41,5.52,6.79,3.81,6.35,9.93,3.77,9.15,5.32,76.311
6.96,7.45,2.65,2.27,5.96,5.56,2.88,0.91,3.08,1.81,4.61,9.0,138.403
2.5,9.43,5.64,5.05,9.85,3.96,4.14,4.47,7.22,0.83,2.7,6.7,139.793
7.13,9.76,9.98,8.37,8.35,6.19,8.36,6.78,7.03,4.8,5.26,8.68,121.682
4.5,2.25,4.07,4.15,6.82,3.13,1.46,2.89,1.02,7.04,4.12,0.77,144.046
2.15,5.34,7.06,4.21,1.53,3.93,5.82,9.5,1.29,3.56,5.19,2.0,88.523
4.99,8.07,1.47,6.12,5.88,4.25,5.51,3.1,8.9,5.37,6.69,4.0,91.689
4.51,9.24,7.45,2.78,9.82,5.71,2.77,7.09,1.63,1.98,9.08,1.97,161.134
1.11,0.84,2.65,6.36,9.91,6.37,2.28,4.08,5.34,5.12,6.42,3.49,101.908
3.51,7.12,1.42,5.48,1.55,8.97,5.32,3.34,0.54,1.96,8.52,2.98,123.786
2.7,1.89,6.29,8.12,3.74,2.62,3.07,8.61,2.64,8.26,8.21,8.6,64.382
9.7,3.59,2.66,1.65,0.68,3.69,1.16,9.73,9.98,4.46,0.71,3.48,74.424
1.64,5.05,3.65,5.97,4.21,6.73,0.76,8.12,6.79,1.45,3.67,2.01,119.518
0.75,1.06,3.08,2.51,0.25,5.97,9.9,1.79,7.02,0.22,8.96,7.45,38.540
1.54,8.29,0.94,7.91,9.61,0.71,5.29,8.02,5.16,8.68,4.88,3.69,81.187
5.31,5.38,7.26,3.93,8.77,5.58,2.61,2.58,3.94,6.19,7.01,3.26,141.579
5.22,7.09,0.21,9.39,0.02,6.91,2.81,4.68,1.24,2.02,7.3,0.41,156.230
4.58,9.89,2.19,8.02,8.06,3.58,5.87,6.42,4.34,7.95,3.45,7.51,102.195
6.4,0.79,1.89,4.09,7.25,0.75,5.35,3.6,7.85,3.94,4.37,6.72,66.510
0.61,2.65,0.24,0.87,7.82,1.49,3.87,6.56,4.69,5.83,6.62,5.47,41.404
4.95,2.62,4.92,4.97,7.41,2.1,5.86,3.26,4.19,4.76,2.84,0.21,127.699
0.33,8.05,3.56,4.63,3.93,9.17,0.82,8.93,2.91,3.79,1.75,4.69,129.620
4.69,2.48,1.77,7.92,3.76,7.63,5.79,6.34,1.49,0.81,8.74,7.98,90.690
9.22,8.2,6.89,6.12,6.78,6.79,4.01,2.88,0.26,6.6,0.69,3.59,244.038
8.22,7.99,9.42,8.1,5.14,6.6,3.32,2.59,5.69,7.93,0.55,3.43,193.407
0.12,8.2,8.41,1.12,9.92,6.79,2.71,4.53,8.77,1.1,9.08,8.45,99.769
9.66,8.74,0.58,5.42,7.25,4.17,1.0,3.64,1.86,5.6,5.14,0.83,198.229
4.39,6.22,3.18,7.12,5.69,9.31,5.26,0.26,2.03,0.77,1.28,7.2,213.750
5.27,8.6,9.52,5.1,1.81,2.57,6.32,8.99,0.5,6.46,4.24,3.35,110.080
0.88,3.63,7.85,6.29,3.01,1.96,9.3,8.65,4.89,8.05,2.21,7.15,58.683
6.56,4.78,0.56,0.4,5.48,7.52,1.16,0.42,1.08,4.37,7.69,6.78,117.674
8.25,7.16,9.34,5.87,7.81,7.76,4.04,5.59,0.29,4.5,6.96,2.0,197.562
0.9,6.09,6.37,3.46,9.88,2.63,5.09,9.51,9.37,1.49,6.05,6.63,76.901
9.2,5.2,7.9,2.99,9.42,7.5,7.68,4.09,6.65,8.94,0.75,4.05,131.250
8.62,2.37,5.93,0.68,5.21,8.02,1.14,2.9,5.13,3.85,7.65,9.97,100.620
9.21,9.09,7.53,2.42,3.12,1.16,3.0,9.52,0.45,9.24,3.46,0.25,125.502
1.39,6.61,9.72,5.23,3.01,7.62,8.02,7.56,9.59,2.67,4.31,5.78,88.532
0.52,8.34,0.81,9.65,7.72,0.15,4.31,0.7,8.41,9.69,1.27,7.05,86.510
8.36,2.56,1.82,9.96,1.74,2.26,7.99,9.46,3.33,6.77,5.39,5.1,70.189
2.54,5.26,0.48,3.04,3.96,7.91,6.2,0.85,6.69,5.88,6.08,0.9,87.180
7.41,3.91,1.77,0.12,3.98,9.86,1.02,0.51,1.85,3.41,7.1,2.32,166.872
9.79,9.8,5.49,6.48,7.5,3.77,8.96,3.94,9.92,6.19,5.99,0.27,121.435
5.78,4.96,0.9,4.52,9.83,5.29,7.17,9.9,8.84,3.74,5.44,3.07,81.971
2.82,6.39,7.87,2.46,2.95,8.03,7.36,5.25,7.18,5.42,4.81,6.78,82.935
6.91,4.17,0.55,8.32,3.08,7.33,5.01,5.97,0.27,5.9,4.71,2.53,124.477
6.33,4.32,2.11,3.22,9.49,1.6,7.38,8.13,1.65,3.26,1.38,4.92,101.310
7.34,3.18,8.41,5.9,8.67,5.45,7.23,6.45,2.33,7.18,5.52,4.29,118.030
5.53,7.62,7.65,2.18,7.6,5.85,4.59,5.18,9.26,2.53,0.66,3.64,140.874
0.48,4.55,4.36,4.18,6.57,3.57,4.39,8.71,9.93,9.96,2.41,2.94,61.841
9.71,8.83,6.41,3.74,4.05,0.12,4.96,5.98,3.13,8.89,4.33,2.83,109.097
0.34,7.85,1.08,6.31,5.73,0.01,7.26,3.46,3.14,1.98,5.93,3.75,83.542
10.0,8.98,2.33,4.0,0.89,4.95,6.8,5.92,6.45,7.32,4.81,6.41,82.604
2.0,7.92,3.72,5.55,8.35,6.77,0.21,0.09,2.82,7.92,1.42,9.39,157.025
9.22,4.83,7.67,2.11,3.26,6.6,6.81,3.61,1.65,7.61,2.26,2.76,136.397
5.41,7.17,4.75,2.92,4.77,3.95,0.76,5.25,9.01,0.79,7.65,8.49,90.673
3.99,8.24,2.17,1.97,8.74,5.25,5.74,8.31,7.45,6.53,3.44,5.3,82.567
9.38,5.8,2.42,3.75,5.89,4.97,3.98,3.53,4.1,6.22,6.91,0.65,126.861
3.84,2.54,3.61,7.55,9.44,5.89,9.03,2.86,7.36,3.46,9.32,0.66,100.551
5.31,6.41,2.18,4.9,6.59,9.36,5.08,1.92,8.61,8.65,9.26,3.27,94.455
1.87,4.2,6.82,6.98,7.66,7.23,0.64,8.39,5.0,5.34,6.31,4.46,115.328
3.49,9.78,9.2,5.52,8.87,2.94,1.0,6.22,8.45,0.63,3.93,6.39,149.512
2.32,3.94,4.29,4.7,8.63,0.83,5.43,1.7,3.15,4.33,7.87,1.72,102.107
3.02,2.67,8.91,9.71,5.25,0.21,9.62,2.11,7.67,0.85,6.77,7.39,86.516
2.5,4.82,8.46,8.71,9.7,5.47,1.08,2.18,7.29,2.51,6.89,2.76,174.637
1.14,1.29,9.34,6.96,1.6,5.92,4.33,2.33,5.95,6.13,0.12,3.7,116.356
7.03,7.66,0.77,2.17,1.45,7.26,1.67,9.66,5.9,6.7,1.81,5.77,83.593
6.76,5.65,2.77,6.15,4.58,0.23,9.94,7.99,8.32,6.68,5.07,0.8,67.371
5.8,5.63,7.01,5.55,4.4,2.01,0.52,0.77,3.51,8.25,9.61,4.16,113.348
8.27,1.66,9.89,2.98,4.4,4.42,6.8,5.58,0.14,5.32,5.49,3.93,115.994
4.62,3.16,2.81,4.48,0.86,1.95,8.87,0.83,9.82,3.09,0.03,7.55,59.225
2.12,5.88,2.31,5.4,6.69,3.3,7.73,1.88,2.68,0.94,1.36,4.53,134.414
0.79,4.43,0.93,5.53,6.95,8.14,6.52,9.26,6.7,0.9,2.25,4.52,88.789
8.53,2.96,8.66,1.38,0.26,7.52,3.39,9.18,7.24,6.42,8.97,8.39,67.240
5.86,2.88,1.72,3.67,5.08,0.19,0.98,3.71,9.49,6.14,8.96,4.01,58.276
9.36,6.65,5.36,4.74,3.46,1.65,8.03,0.07,0.82,3.52,6.34,6.14,125.281
9.38,4.46,2.64,8.82,8.93,2.18,4.95,1.95,9.66,9.93,4.78,8.39,91.805
5.27,2.47,6.18,5.43,0.08,0.64,3.98,9.1,1.67,0.19,2.28,7.08,82.593
5.49,1.59,5.31,4.75,3.32,6.68,3.99,2.13,8.5,5.61,6.71,0.59,98.583
9.68,2.26,8.34,5.69,6.64,3.58,8.32,3.74,7.68,3.98,0.29,9.82,106.976
6.96,7.39,7.11,7.23,1.65,1.05,1.9,7.47,9.56,8.98,0.53,7.75,86.737
5.28,5.29,5.44,4.47,3.19,1.75,0.86,1.76,1.0,6.48,5.6,1.09,151.400
5.46,5.52,1.57,5.29,8.78,2.24,7.0,0.27,4.42,7.25,9.05,7.89,80.435
7.15,3.62,6.77,7.48,7.52,5.21,4.12,4.55,5.17,4.66,6.34,8.67,112.653
0.57,1.38,6.21,8.22,3.55,5.41,6.22,3.02,2.63,1.68,9.43,2.27,100.356
5.28,0.86,1.86,0.04,6.77,6.25,3.35,6.44,0.53,1.47,0.19,7.19,109.859
6.29,2.06,4.32,2.52,0.47,2.8,2.29,4.69,6.21,0.28,8.27,2.42,76.407
5.54,7.97,6.54,2.25,7.55,5.71,7.31,2.14,0.1,6.73,0.94,4.62,162.821
1.63,9.78,8.77,7.9,2.01,0.27,2.3,4.72,2.91,9.53,7.12,4.25,98.476
3.79,0.65,8.12,4.61,5.97,1.69,0.53,7.08,9.37,4.53,3.03,3.65,88.081
4.33,0.87,4.03,8.07,6.76,1.37,5.19,0.9,6.06,0.43,1.3,0.7,174.417
7.59,6.74,1.51,9.08,4.07,1.68,0.86,8.0,3.77,7.06,2.94,3.34,118.098
9.29,4.29,5.71,4.84,6.59,5.12,7.05,1.82,9.39,9.65,7.25,1.54,97.657
4.09,4.97,4.73,7.04,2.0,9.32,0.75,4.53,1.01,8.33,9.15,3.53,117.766
3.83,8.43,4.04,0.37,3.13,5.34,9.64,1.52,6.0,0.56,5.47,0.92,104.272
0.68,1.54,6.21,0.11,1.43,3.12,3.7,1.86,9.49,6.01,7.15,4.84,39.607
5.65,0.47,8.36,2.48,1.08,5.09,1.82,4.47,9.89,9.29,9.76,9.44,51.780
1.84,5.94,8.51,6.98,6.31,0.37,8.77,2.9,9.38,2.74,2.16,1.21,110.272
4.09,7.81,7.35,8.13,7.29,3.15,7.41,3.77,4.36,6.41,6.72,6.62,107.169
0.58,9.14,2.76,2.54,7.81,0.3,7.11,0.14,9.17,4.11,4.58,5.25,76.186
9.96,9.16,8.04,2.33,7.81,0.84,1.3,2.28,3.78,3.81,2.5,5.98,194.097
5.44,1.76,1.77,0.4,3.18,5.72,6.47,3.28,5.39,6.03,2.75,3.92,65.625
7.09,5.27,6.5,2.95,2.21,2.0,3.34,3.69,4.47,6.26,0.48,9.99,92.171
3.57,8.33,7.44,6.79,0.89,7.54,8.22,5.72,5.59,2.64,6.1,7.95,95.417
0.03,3.44,5.08,9.88,9.41,2.84,7.11,4.24,7.76,6.05,9.15,8.44,71.766
6.4,9.98,7.79,3.96,8.05,9.71,7.01,8.1,2.4,8.64,0.15,6.35,140.551
0.9,2.07,3.3,6.08,8.74,9.91,4.17,5.05,2.09,4.52,6.15,2.53,126.479
5.18,6.85,6.15,5.63,9.2,1.66,3.33,0.74,0.99,4.08,2.05,4.15,226.010
8.71,1.05,6.47,6.68,7.47,1.79,3.85,8.94,3.96,3.68,5.14,3.13,112.091
2.74,7.95,1.85,7.65,3.99,2.62,8.1,0.62,7.02,2.15,5.23,8.57,84.569
2.97,9.03,9.41,5.13,6.91,5.21,8.52,1.24,8.29,8.71,5.19,7.62,97.700
5.39,4.78,8.84,5.23,9.17,6.35,7.29,9.15,3.51,2.17,9.02,4.48,111.623
5.98,8.2,8.46,5.64,2.52,7.55,8.59,1.74,9.07,4.27,9.69,2.29,107.574
1.15,9.1,5.69,3.69,7.9,1.21,5.91,0.52,9.92,3.55,9.35,2.18,91.441
1.67,7.62,3.15,8.87,4.75,5.58,9.26,5.45,1.49,7.3,9.67,9.98,73.326
5.66,8.77,6.46,5.87,5.8,9.0,3.6,3.64,8.75,9.89,7.39,6.03,105.751
5.3,4.58,7.2,6.79,2.32,8.96,1.32,8.73,8.23,7.98,8.18,3.99,91.465
7.71,9.29,2.89,1.21,3.27,5.19,1.23,0.65,2.2,9.95,2.84,9.78,110.919
3.17,3.44,7.22,1.17,5.66,4.28,5.27,9.31,8.17,2.23,1.82,5.06,78.280
4.59,9.63,9.99,4.38,3.95,2.64,7.84,8.82,4.98,0.21,0.18,3.88,135.778
6.91,4.99,4.78,4.53,3.91,3.26,5.02,6.8,0.07,2.46,6.8,7.41,99.370
9.7,0.84,5.37,1.21,2.0,7.22,0.99,0.25,2.9,0.22,6.4,0.91,225.707
9.87,1.16,2.75,0.05,2.68,3.98,6.73,1.28,6.42,5.44,3.49,4.48,73.599
2.43,3.05,9.99,0.76,4.67,3.33,2.02,0.43,3.3,3.66,1.47,7.86,129.296
1.63,9.97,5.9,7.15,4.11,7.7,2.91,7.18,0.59,0.08,7.86,4.34,158.798
6.52,4.78,4.41,5.61,6.44,6.05,4.26,5.78,4.39,7.61,1.87,9.9,100.000
7.51,0.12,5.98,3.91,5.89,6.96,3.63,0.77,6.43,9.04,9.77,0.83,99.672
9.63,2.57,6.86,8.11,2.51,9.1,4.64,9.52,7.71,9.48,2.45,1.05,111.277
1.58,7.59,7.33,1.83,4.57,4.0,0.27,7.09,9.4,9.28,9.05,3.11,70.419
0.45,6.89,4.38,6.22,6.45,2.69,3.5,2.15,2.7,7.83,1.22,5.35,119.033
1.16,3.99,7.98,9.0,2.18,2.5,3.69,3.8,0.81,2.92,5.81,4.37,125.280
3.98,1.4,5.04,0.46,2.61,7.02,7.11,5.97,8.73,9.76,0.34,2.07,60.359
9.12,0.1,2.08,3.79,1.43,7.27,3.49,4.7,1.22,8.62,9.25,8.61,66.286
8.5,1.2,9.71,5.73,8.2,6.99,5.94,4.74,0.88,4.97,2.89,0.68,200.647
3.37,2.45,9.45,0.25,4.22,5.76,9.62,0.84,5.45,2.47,1.65,5.35,100.473
6.26,0.53,6.89,9.71,5.68,6.46,7.86,2.51,0.06,1.3,9.32,8.11,121.845
2.58,6.04,1.98,6.83,8.79,0.46,7.59,4.58,7.51,2.1,3.96,8.87,77.088
3.77,8.3,0.42,0.94,4.03,3.11,9.15,5.22,1.48,4.03,6.09,9.53,57.944
5.2,4.89,0.04,5.18,7.39,3.89,8.06,9.76,9.78,9.29,5.8,0.2,61.996
5.83,2.04,9.77,6.06,1.59,8.96,6.21,0.11,6.28,9.01,7.31,0.18,117.698
0.4,9.57,8.45,8.26,5.53,0.56,6.75,9.13,2.78,1.65,1.59,1.26,141.494
3.24,0.03,1.96,0.58,9.9,0.31,7.99,7.8,6.21,0.09,8.76,9.86,39.352
4.22,5.91,3.47,1.43,5.28,4.97,7.07,7.07,9.36,1.06,7.27,4.25,70.067
9.15,4.12,0.49,5.89,2.29,2.51,1.04,2.34,6.97,7.45,2.13,7.84,88.045
7.48,4.65,7.19,2.85,5.37,2.71,8.68,3.36,4.79,9.06,7.41,2.24,85.115
8.57,8.02,2.89,2.8,6.07,8.93,2.95,3.37,8.08,1.85,0.74,1.38,202.940
4.46,4.21,6.94,8.42,5.64,5.79,4.24,1.36,8.81,5.0,8.69,8.5,96.885
7.45,2.79,9.56,9.28,1.76,4.37,3.65,8.23,4.06,5.44,6.28,2.16,118.075
7.8,1.8,1.09,8.15,7.15,8.82,3.8,8.43,5.87,1.97,6.31,1.16,126.398
8.24,9.52,9.55,9.47,5.69,1.57,7.68,7.81,0.61,5.09,7.11,0.94,150.616
4.2,3.52,4.33,5.17,8.57,1.26,1.44,4.57,0.68,9.96,8.14,3.11,96.953
3.27,3.73,8.83,3.64,6.15,8.32,2.78,5.41,4.21,0.47,0.39,3.69,200.236
8.46,0.53,0.88,7.97,5.91,8.72,4.69,2.69,4.83,3.07,2.99,0.14,176.372
6.99,3.59,6.85,0.33,5.4,1.51,1.89,4.58,9.6,8.13,1.93,1.26,90.069
4.95,8.71,9.23,5.2,4.84,4.68,1.23,7.45,6.28,7.01,6.92,6.52,106.213
9.83,9.61,9.06,1.14,9.74,8.15,9.35,7.28,8.88,9.35,4.66,6.32,103.687
0.39,3.12,6.97,3.08,1.54,2.54,5.19,1.79,2.72,9.83,2.65,6.55,61.399
2.36,4.9,1.89,5.52,4.38,1.83,4.82,5.59,7.42,1.59,9.88,1.33,68.168
7.23,6.84,1.08,4.81,7.26,7.41,4.66,3.84,4.28,6.24,9.02,8.39,95.059
8.31,4.36,4.06,2.23,1.46,0.9,0.38,0.56,5.28,3.61,3.56,0.76,150.671
0.16,1.24,5.16,8.42,9.69,1.34,8.78,8.76,2.12,7.26,8.98,8.02,59.221
0.37,2.18,3.34,7.03,2.52,8.54,6.59,3.97,1.49,1.05,8.5,0.04,110.813
3.68,8.01,5.59,4.34,5.74,9.1,4.29,6.32,6.99,3.15,8.93,8.49,95.520
3.71,1.63,6.51,0.87,2.78,1.41,3.64,7.97,1.55,0.99,2.44,3.66,83.506
7.64,8.93,3.67,1.36,8.64,8.97,3.32,8.6,4.56,7.0,8.39,4.64,107.395
4.33,3.9,0.91,0.06,3.92,3.99,1.4,5.06,0.11,8.48,0.44,1.14,102.886
1.53,8.44,2.93,0.8,5.59,9.02,1.58,6.32,2.81,2.43,2.78,6.59,125.766
1.45,3.66,8.32,1.89,1.1,1.75,0.4,9.22,9.7,0.21,2.94,8.9,57.922
9.37,6.68,7.86,1.0,7.06,6.48,8.86,6.39,6.56,4.82,4.88,1.55,116.304
6.75,0.97,6.08,8.29,8.01,1.21,3.12,5.12,4.81,1.85,9.44,7.61,97.997
9.66,3.22,3.25,5.51,2.76,7.31,4.1,6.44,3.76,1.03,5.88,1.74,138.170
5.19,3.85,0.48,8.04,8.43,0.45,3.38,2.02,4.32,1.3,2.74,3.77,150.827
3.78,1.24,6.2,5.02,4.99,7.55,6.07,1.55,6.61,3.33,9.8,3.88,92.125
9.12,1.01,2.43,3.41,6.9,9.92,0.99,9.8,2.96,7.86,0.19,7.54,111.759
2.99,6.8,1.52,5.9,7.48,3.88,4.6,9.82,9.65,8.75,3.94,5.04,68.349
3.88,2.14,5.37,4.46,7.26,2.12,3.06,1.97,4.57,3.83,1.27,3.46,138.932
0.13,5.59,4.18,1.27,8.71,7.05,4.7,3.79,0.33,3.88,7.59,2.21,119.689
2.72,8.09,1.35,9.71,2.07,5.52,6.62,6.64,7.79,3.31,9.15,9.32,68.784
7.98,7.11,9.13,8.65,7.36,4.76,0.38,3.55,4.55,0.88,7.82,7.29,183.858
2.74,9.04,7.68,8.58,1.83,6.88,6.24,3.65,1.51,4.6,6.98,5.46,129.219
4.23,7.73,0.84,2.01,2.52,5.38,0.52,5.12,9.69,6.59,4.31,7.8,66.735
0.69,3.08,6.7,0.1,7.1,7.97,2.48,3.72,6.53,2.72,1.31,1.01,144.288
8.38,1.98,3.25,4.01,6.96,5.11,8.01,9.27,2.53,1.45,7.47,0.25,102.450
4.06,6.29,7.62,0.74,0.74,5.32,2.98,3.22,7.19,2.43,6.92,2.2,99.318
4.66,6.3,3.67,6.1,4.74,9.3,6.14,6.08,3.93,4.86,2.22,4.94,123.429
3.54,2.99,3.43,7.03,4.15,0.51,8.27,7.79,5.59,0.74,5.19,7.07,62.482
4.16,0.33,2.62,0.42,1.54,1.06,0.44,5.43,0.26,4.89,2.66,6.24,50.853
8.56,6.49,0.94,7.02,1.39,3.39,9.4,4.81,5.49,2.25,5.51,1.6,95.630
1.81,6.13,0.58,0.23,5.97,1.22,3.81,4.3,3.7,0.64,3.88,9.19,62.461
6.35,8.88,7.66,1.46,4.34,2.36,5.51,3.33,0.92,5.26,0.39,2.32,175.127
3.76,6.59,4.39,8.88,9.86,8.95,4.24,1.13,1.86,0.79,0.06,1.52,441.979
3.5,3.45,9.01,0.62,5.85,5.65,4.34,0.88,8.9,8.89,6.43,1.22,91.585
6.08,3.2,0.27,8.02,3.42,3.18,5.88,0.73,7.33,9.92,5.02,9.67,62.698
8.86,7.69,1.69,6.49,3.96,9.64,2.9,5.0,5.92,8.59,4.62,9.38,105.273
7.18,4.92,0.41,3.65,9.85,7.05,8.75,4.39,8.73,8.64,0.06,7.61,86.590
6.2,7.04,6.51,7.58,3.47,4.38,6.06,6.28,3.97,3.7,4.67,6.47,112.937
6.87,7.35,8.75,7.91,8.74,6.53,9.02,0.5,7.05,4.23,3.05,6.98,149.692
2.71,9.4,1.96,4.32,4.95,9.83,7.29,9.38,4.8,0.33,9.95,7.3,84.942
3.31,2.04,5.74,4.62,8.28,7.8,6.54,7.72,4.91,3.01,1.16,7.34,103.618
9.24,6.97,4.38,1.94,2.59,9.67,9.88,5.62,9.75,9.57,8.48,9.43,65.978
8.04,2.57,0.34,7.38,6.55,0.63,5.18,3.22,2.49,2.91,4.74,3.63,115.065
3.71,4.47,9.44,8.85,8.55,7.71,1.07,5.62,3.77,8.26,9.68,8.09,117.101
2.35,5.19,3.0,6.51,0.24,0.39,0.14,3.84,0.85,7.74,4.34,1.05,98.441
5.69,9.19,2.41,5.38,7.58,6.85,8.93,2.0,5.43,5.52,9.38,3.72,106.061
9.53,9.09,3.31,8.27,5.05,4.18,8.73,0.53,2.51,8.57,4.68,5.21,130.433
9.21,7.94,4.2,0.48,9.83,4.24,7.27,1.77,2.17,6.03,2.2,1.57,170.871
4.56,1.25,1.61,3.97,9.19,7.53,3.08,0.93,5.55,1.41,7.05,7.66,109.463
5.12,5.98,0.95,0.98,7.69,0.01,0.35,2.49,3.76,8.21,1.41,9.97,79.152
5.49,3.37,8.68,2.15,1.23,1.1,6.12,5.12,0.82,8.42,2.29,3.29,84.497
5.08,7.53,0.93,4.64,7.77,5.93,4.83,0.82,1.52,7.74,7.31,7.76,106.338
0.52,9.54,5.34,7.38,3.66,6.91,3.14,7.25,3.36,0.8,3.48,3.07,158.057
4.7,7.39,8.45,1.4,2.83,6.64,5.43,4.49,2.54,1.54,0.69,6.06,151.373
9.49,6.72,4.02,6.9,6.1,6.39,8.4,4.1,2.11,7.05,2.13,5.32,136.104
4.02,7.72,5.72,8.4,8.58,7.07,1.55,2.7,4.21,5.38,0.56,1.31,264.227
3.27,0.23,4.14,1.08,6.24,2.45,1.09,0.29,3.31,6.68,6.52,2.77,84.269
1.36,3.92,8.85,8.78,9.39,6.89,3.86,7.68,3.31,4.08,0.19,0.75,197.232
9.46,3.77,8.35,0.93,7.68,0.66,4.85,2.52,3.4,7.1,5.0,6.84,103.837
9.42,3.8,5.79,9.96,9.08,7.75,9.48,4.97,5.94,7.67,8.05,2.46,118.745
1.93,9.17,5.72,5.43,5.88,2.12,8.71,4.8,6.7,0.97,2.46,9.2,92.113
2.88,3.35,1.58,8.45,8.85,2.97,5.0,8.19,3.98,7.89,1.13,2.08,99.328
8.58,1.84,2.34,8.44,0.23,5.59,6.3,4.71,7.1,9.29,5.95,8.12,65.156
6.15,7.75,9.83,2.85,2.06,9.87,7.37,7.07,1.3,9.07,9.0,8.5,91.019
3.27,4.48,6.25,9.41,1.96,9.89,7.25,5.06,7.38,0.93,3.24,4.83,122.900
7.25,7.76,0.94,6.39,9.67,0.77,9.46,3.16,2.83,9.38,8.23,1.31,95.374
6.67,4.99,8.74,3.26,5.86,9.32,4.39,2.8,8.17,8.28,0.54,6.72,125.696
6.08,2.88,1.38,0.64,5.1,8.4,6.0,3.62,0.25,7.22,1.46,1.1,124.580
6.11,8.73,3.77,6.36,5.03,2.56,7.54,2.13,7.21,9.03,8.13,4.49,84.506
4.96,0.14,6.29,1.67,3.91,1.72,3.94,9.12,4.84,3.6,1.48,3.87,69.609
2.54,8.35,5.71,2.37,4.5,5.49,4.82,0.33,0.36,1.82,5.93,7.33,140.651
3.1,9.78,1.23,8.82,7.79,6.92,2.74,7.81,6.05,8.26,4.24,4.72,111.295
1.12,7.75,9.47,7.42,0.96,2.38,5.3,3.74,8.81,8.1,0.24,1.13,106.515
2.18,7.7,2.19,2.63,0.78,8.62,5.24,3.59,9.42,2.6,9.68,7.81,62.859
7.69,0.98,2.96,3.07,0.39,0.66,2.89,1.37,5.38,9.68,5.58,8.11,47.713
3.77,5.68,4.26,6.24,1.66,7.9,5.26,1.88,1.43,0.44,0.66,0.83,281.048
5.75,0.76,6.03,2.44,1.52,6.17,3.46,1.65,9.93,6.88,5.48,4.64,70.755
1.32,9.69,7.18,2.48,5.31,9.54,8.58,6.74,1.99,0.62,9.18,4.57,112.121
5.05,6.38,1.95,6.74,2.38,8.39,7.35,4.27,10.0,1.69,1.37,9.43,90.560
4.74,4.48,8.99,9.92,6.71,0.15,1.68,8.67,2.26,1.8,6.33,3.54,144.110
1.62,5.07,2.02,0.27,1.69,1.46,3.08,7.96,2.19,4.54,2.76,6.11,45.533
8.38,5.37,0.19,9.74,0.66,8.55,2.9,3.13,8.64,5.86,2.88,8.14,104.247
8.77,5.82,8.66,8.88,0.06,1.76,9.97,4.84,1.91,2.93,9.54,8.33,90.485
7.26,4.94,4.09,8.26,7.19,2.68,4.65,9.69,8.43,8.99,5.48,1.28,89.356
8.18,9.45,2.62,9.77,2.57,4.93,6.03,9.88,9.12,2.78,7.1,0.83,104.980
3.3,9.86,8.01,6.66,3.92,3.0,0.6,9.22,4.08,6.97,7.55,7.75,96.074
2.43,6.34,7.34,3.18,8.06,3.81,5.06,0.64,2.85,3.89,6.25,1.44,154.794
0.61,8.21,4.28,4.9,7.37,9.53,1.42,4.64,3.35,6.46,1.38,7.05,143.621
8.49,5.72,8.53,3.43,7.28,4.95,7.89,7.19,5.91,2.73,5.17,0.64,130.037
3.21,2.89,2.5,1.78,2.48,0.28,6.54,4.04,6.55,3.19,5.98,9.15,37.066
2.14,5.72,5.09,3.8,5.25,1.04,1.44,6.61,2.69,4.96,6.58,1.21,98.084
5.18,7.51,8.06,7.2,7.85,6.39,2.88,1.28,7.75,0.7,2.37,6.99,192.035
4.3,1.43,0.92,1.15,1.7,4.45,3.36,6.96,0.74,2.64,6.74,8.08,48.913
8.24,3.03,1.28,9.19,1.32,3.13,3.53,3.3,2.45,5.23,3.05,1.0,141.110
1.64,4.45,4.91,2.7,0.71,0.61,5.44,2.07,10.0,9.55,3.75,7.03,39.693
2.19,7.01,4.52,3.82,0.73,9.78,4.7,5.68,7.89,6.19,6.45,1.56,86.387
7.9,1.63,6.47,4.06,5.69,1.25,1.53,8.36,5.58,9.61,2.11,2.05,92.339
7.18,5.57,5.62,7.26,9.14,0.44,6.81,6.64,9.28,1.79,7.14,2.92,101.822
8.99,1.39,5.52,1.24,1.6,0.7,2.06,0.91,6.59,1.24,8.4,5.83,77.667
5.29,7.3,3.58,1.85,0.29,0.13,1.26,9.03,5.56,7.45,2.25,1.49,68.195
6.52,8.73,1.42,8.64,5.71,7.39,8.97,0.13,2.18,9.06,1.57,4.91,143.214
7.64,2.21,4.85,4.64,8.15,5.81,3.39,1.09,2.47,2.06,1.48,3.98,230.131
4.92,9.84,7.11,6.42,8.87,4.4,9.52,5.45,5.79,1.72,0.74,8.81,129.753
6.9,6.76,9.54,0.48,3.57,5.02,5.64,8.18,5.96,3.61,6.08,6.91,88.703
3.72,8.75,3.37,6.99,7.54,1.67,7.11,9.73,9.22,6.56,7.2,9.82,64.545
9.5,0.82,3.82,4.53,7.98,7.27,1.55,4.78,3.34,4.54,6.65,0.41,159.473
3.35,6.72,5.53,2.26,4.16,5.18,5.32,0.06,0.35,9.14,4.42,5.01,111.934
9.78,4.41,9.79,8.54,4.81,8.79,4.6,6.11,3.03,8.69,1.98,1.78,176.098
8.38,8.26,2.22,1.03,6.34,3.52,6.63,1.97,9.28,0.37,8.6,5.05,93.260
5.64,6.84,4.7,4.7,4.08,5.88,3.94,8.52,0.88,4.15,6.68,1.25,125.256
7.95,5.07,8.95,3.79,3.24,1.82,3.44,8.29,9.37,3.29,7.0,5.6,83.320
1.63,8.59,5.23,8.26,0.69,8.98,7.61,3.74,7.99,2.98,0.8,9.79,101.428
8.55,4.92,6.83,6.43,8.07,1.73,7.25,5.77,8.95,8.57,3.6,0.86,104.371
5.57,7.9,6.06,2.98,3.51,9.26,9.37,9.69,2.57,9.83,4.11,8.53,80.000
7.79,6.66,0.04,4.27,6.34,1.09,8.65,7.51,6.07,4.45,3.16,8.96,67.500
0.75,0.4,9.26,9.97,3.07,8.6,2.22,7.51,2.53,8.69,7.29,1.05,109.423
3.29,2.96,3.29,2.3,1.93,1.72,4.96,7.63,3.3,4.65,4.51,2.62,55.981
3.36,6.5,2.82,1.17,5.5,6.25,1.52,0.19,6.22,5.42,5.95,0.81,127.300
2.13,9.94,7.78,3.08,5.67,0.5,2.98,9.88,2.72,9.41,2.9,7.33,82.624
9.97,6.29,5.61,5.78,3.25,6.79,8.24,0.89,8.33,8.21,2.54,6.4,108.899
9.07,8.98,2.95,6.33,7.22,7.69,7.33,5.34,9.33,7.22,4.59,9.2,98.210
4.9,6.67,9.17,6.53,2.72,5.3,9.76,3.83,3.58,2.62,4.31,7.23,112.640
2.56,4.46,1.09,1.13,9.91,8.35,3.26,4.76,5.79,8.09,4.21,1.86,98.320
3.04,6.69,4.32,8.5,4.54,0.37,8.41,7.7,5.95,8.03,3.75,4.78,71.103
3.58,7.86,9.7,9.96,2.38,1.07,2.03,1.58,9.47,5.62,7.36,6.64,105.657
3.95,0.17,3.08,3.41,1.55,8.7,1.85,5.38,1.97,1.14,4.75,4.3,107.581
4.84,1.88,1.92,8.14,3.0,9.49,3.1,5.85,5.77,8.09,8.15,0.94,91.755
2.16,7.82,7.42,7.63,0.05,5.42,2.5,2.45,2.28,4.45,0.42,0.45,243.028
4.31,1.09,6.98,7.06,0.21,1.93,8.77,5.21,9.46,1.43,0.12,4.07,74.260
8.3,7.93,3.84,3.46,6.52,7.64,4.21,1.93,0.57,3.19,5.07,2.57,214.880
4.91,5.93,1.61,1.98,6.58,2.1,7.45,0.82,8.02,6.9,0.73,4.97,79.993
8.27,8.33,1.61,9.94,7.42,1.82,1.79,3.08,2.11,4.3,9.53,5.52,142.005
2.32,0.99,2.74,9.23,6.65,7.09,0.68,8.47,3.29,6.14,4.0,3.15,112.787
7.76,2.83,6.37,2.78,1.97,4.03,0.37,2.27,8.28,9.71,3.44,8.68,78.595
3.07,0.02,8.76,3.7,0.09,2.74,3.06,4.61,1.88,5.06,9.47,5.04,63.118
3.37,2.32,7.54,4.85,4.09,8.89,7.73,5.41,1.58,3.83,5.06,9.77,93.050
2.78,7.36,0.33,8.43,9.32,0.85,3.56,5.62,9.81,8.1,6.48,8.03,69.880
8.37,1.73,7.14,6.73,2.32,3.87,4.29,4.28,0.77,1.54,7.67,1.92,147.338
6.6,5.57,1.36,5.58,5.21,3.75,2.32,2.04,1.89,1.14,4.72,8.77,134.435
0.96,7.21,7.51,6.74,0.99,0.14,7.04,3.97,4.0,2.0,8.7,3.75,79.939
4.26,4.39,3.04,4.32,9.47,0.09,0.57,0.67,8.49,7.13,1.23,6.83,102.608
0.53,0.6,8.15,9.48,0.42,7.14,9.23,1.39,0.94,8.48,4.72,2.27,97.373
7.99,1.78,0.76,9.77,6.86,5.85,6.87,3.37,7.93,4.01,3.05,5.54,107.280
2.86,5.74,1.45,4.31,5.83,5.6,7.22,1.09,6.3,1.85,8.75,6.97,80.143
1.88,9.81,2.94,9.06,4.45,3.66,8.65,6.55,4.21,1.01,2.36,9.06,99.874
3.99,9.3,9.6,7.57,1.23,6.59,5.39,6.81,8.81,4.43,5.88,3.58,109.685
9.08,4.35,6.91,5.9,8.48,2.05,5.69,3.95,9.05,3.03,9.18,2.49,110.123
1.85,9.59,9.13,7.48,4.67,4.3,8.21,6.86,0.73,9.44,8.74,7.93,88.332
1.95,6.3,9.14,9.87,0.59,5.5,5.61,2.11,2.42,9.09,2.7,0.37,149.552
5.75,2.13,3.4,0.66,9.54,4.45,8.62,5.74,0.54,9.03,6.59,5.61,71.769
7.93,7.31,3.67,9.88,2.94,4.56,0.68,9.54,2.73,6.22,6.24,7.62,109.870
8.76,3.26,0.31,2.06,2.49,2.37,1.75,4.93,8.91,8.23,2.7,4.94,61.189
8.28,8.21,5.05,0.6,9.22,2.13,8.3,6.0,6.39,8.86,4.0,9.76,77.326
3.3,1.87,8.0,4.36,8.02,8.48,4.26,9.62,3.05,6.12,4.08,4.52,107.520
1.9,3.28,3.68,4.77,8.59,7.98,0.66,9.71,2.11,1.31,2.39,7.43,127.912
0.17,7.59,3.67,0.41,0.95,5.64,9.82,1.55,4.66,7.05,3.45,6.97,55.015
5.51,2.17,8.44,8.42,6.23,4.99,5.52,5.73,7.98,9.27,6.64,4.87,89.378
3.97,4.83,5.99,6.31,0.49,4.56,3.64,3.91,7.78,4.93,4.2,0.92,103.034
3.81,6.81,1.78,8.84,8.24,7.28,3.72,1.17,7.44,7.46,4.17,2.91,136.807
8.79,0.04,2.01,0.91,0.72,1.26,5.53,4.91,4.99,4.36,5.28,4.88,45.843
1.63,6.61,3.3,4.64,1.07,6.96,7.29,9.59,1.77,6.35,0.06,0.17,95.957
3.2,6.17,1.07,0.02,8.44,9.57,3.79,3.91,7.09,3.71,7.25,1.63,103.981
2.66,8.02,8.13,4.79,3.82,2.94,5.88,0.9,0.72,3.89,8.44,6.35,115.966
7.85,6.99,7.74,0.57,0.29,7.75,1.22,5.82,2.25,0.04,1.93,5.34,187.892
7.45,9.1,8.19,5.9,3.35,0.86,1.2,2.57,0.64,2.33,0.51,1.19,412.915
3.03,7.78,5.92,0.94,7.83,9.48,6.31,1.05,4.6,0.68,3.39,4.05,174.203
4.25,0.58,9.47,3.8,4.24,9.45,2.75,9.5,4.65,3.54,7.56,3.89,99.686
1.47,4.36,3.32,1.49,1.89,7.22,4.57,7.54,2.57,0.82,7.64,3.15,75.124
8.88,4.56,5.26,1.67,2.46,8.83,2.12,6.32,8.0,7.37,1.13,8.54,94.564
8.7,8.44,4.67,9.93,4.48,1.12,2.84,6.9,1.65,7.29,8.2,3.83,121.589
3.79,4.23,2.52,9.64,2.93,2.91,0.27,3.55,8.82,5.79,6.72,5.06,86.130
1.55,0.72,9.1,8.57,6.89,4.28,4.34,8.44,8.86,6.33,5.14,6.89,77.775
7.86,7.97,7.72,1.06,3.14,0.92,4.44,3.75,8.33,2.69,1.88,4.54,111.861
3.43,2.74,7.21,2.29,7.12,3.66,2.98,4.63,4.2,2.22,1.81,5.99,121.164
3.89,8.9,8.52,6.43,7.89,4.2,1.17,4.61,3.55,0.22,0.4,4.22,281.087
2.04,2.12,5.29,6.3,9.38,9.19,8.02,9.16,5.09,9.1,1.56,9.69,80.526
5.96,0.02,0.71,9.21,9.49,0.39,9.35,4.65,0.09,6.78,8.88,0.25,85.933
5.29,2.32,1.78,3.14,9.21,6.74,1.1,9.22,4.57,8.73,9.7,4.54,75.225
5.69,4.66,7.34,9.47,3.85,2.84,8.32,7.81,0.02,2.26,4.48,6.79,114.050
1.69,7.65,9.72,6.57,8.69,7.79,5.03,2.58,8.08,3.26,7.7,9.27,117.233
1.76,6.92,4.02,1.71,6.33,5.89,3.5,8.49,9.64,4.85,9.65,0.92,71.876
1.05,6.16,9.58,7.14,6.44,1.39,8.59,9.25,8.75,8.86,6.44,3.16,70.499
9.6,8.71,5.22,6.8,9.24,2.54,0.71,4.71,7.49,0.84,3.45,5.38,186.492
9.5,2.33,1.85,8.16,4.06,8.13,6.37,1.57,2.42,0.09,4.52,0.81,215.653
3.51,3.3,2.05,4.38,2.08,0.76,9.63,0.32,5.79,5.47,7.71,2.18,51.704
1.17,0.07,8.97,5.76,2.19,3.52,5.72,5.33,2.45,7.65,7.02,7.56,60.677
2.72,3.49,2.55,1.48,1.37,5.4,6.85,9.25,4.79,4.51,0.35,0.48,64.849
4.41,9.95,1.73,9.77,5.1,3.23,7.29,5.27,1.65,7.46,2.63,4.67,118.019
1.15,1.86,2.68,1.95,1.18,2.55,7.03,4.66,3.94,2.09,1.83,5.95,44.588
4.16,7.06,9.91,0.93,3.83,1.53,9.85,6.46,2.81,9.02,7.64,7.24,63.738
8.77,0.69,1.92,3.93,2.39,8.7,4.88,8.1,3.43,1.62,9.94,4.35,81.683
5.74,6.88,1.99,4.45,2.5,6.69,7.19,7.83,3.57,3.52,6.25,2.73,90.865
3.38,5.51,2.75,1.1,0.15,7.19,5.47,7.72,4.7,7.79,6.59,8.61,49.119
3.89,8.84,2.9,9.51,6.09,6.19,6.97,6.26,9.01,6.82,7.87,0.18,100.835
8.53,0.82,5.39,1.1,0.19,6.61,6.99,3.97,4.02,7.87,6.87,9.93,57.100
7.42,8.79,9.12,6.47,8.0,2.01,2.36,8.96,3.53,4.54,1.88,0.08,195.831
1.11,8.37,9.34,0.39,1.62,9.94,6.43,7.0,4.9,4.63,5.99,0.32,105.125
0.38,6.63,8.23,8.15,2.58,6.16,0.89,1.45,6.68,1.82,5.19,2.3,175.286
6.72,6.36,6.18,2.34,2.89,2.32,0.69,7.12,4.89,3.94,5.95,5.03,97.067
2.46,4.24,6.64,6.53,3.07,5.46,4.1,5.99,6.42,7.18,0.38,2.22,108.026
0.27,1.6,8.56,6.45,9.07,9.33,0.32,9.0,3.48,3.86,7.72,1.74,135.069
7.06,1.09,6.56,8.33,3.41,8.31,9.97,6.95,6.52,4.45,6.0,9.6,79.926
8.08,4.12,4.1,4.96,5.11,1.01,2.81,5.08,4.06,2.15,2.35,1.6,151.690
2.25,3.93,5.6,2.37,4.92,1.16,9.0,5.57,0.91,7.03,9.14,0.97,62.017
7.62,6.53,8.25,5.75,2.81,3.14,1.89,3.44,5.01,8.31,8.73,5.13,104.891
8.1,4.4,0.25,6.16,7.49,1.63,1.05,5.48,1.1,7.33,0.91,6.24,126.775
8.1,8.67,4.71,1.18,5.73,5.03,9.54,1.63,7.14,4.7,3.18,7.04,100.572
2.96,3.69,7.55,4.87,0.66,5.49,0.49,2.29,8.12,9.12,9.25,4.48,74.726
2.64,1.54,8.92,9.7,2.25,0.5,9.09,5.57,4.96,5.61,1.26,1.7,90.635
1.45,0.88,7.38,6.21,4.97,2.06,4.42,5.95,2.41,2.17,4.07,8.25,84.158
2.59,2.74,3.78,0.81,5.6,3.53,5.49,1.46,6.39,0.38,1.04,7.99,83.736
5.3,3.63,9.06,0.88,5.04,0.05,3.98,3.79,2.25,7.77,3.09,6.69,86.906
8.66,1.66,2.1,4.74,2.45,2.2,5.38,9.63,5.2,9.97,8.03,3.69,52.053
8.75,1.75,1.8,2.52,10.0,9.26,1.71,9.66,8.85,7.0,8.08,0.52,95.142
10.0,1.78,2.97,7.04,7.14,6.43,6.82,6.22,8.47,9.63,2.83,7.31,85.659
0.81,1.04,4.4,8.6,8.6,2.12,9.8,2.9,1.31,8.75,6.74,3.29,77.981
6.82,4.68,9.12,0.59,7.97,6.7,9.87,6.22,4.51,7.26,6.89,0.79,100.957
3.01,1.17,5.72,4.1,0.62,9.31,9.63,6.27,0.5,6.75,7.56,0.54,76.576
2.26,0.98,2.85,4.3,3.93,2.59,0.32,4.35,2.58,6.35,8.7,3.67,65.114
1.59,5.68,2.69,4.81,3.52,8.95,9.51,0.27,4.51,0.99,5.16,2.41,119.212
5.66,4.64,3.83,9.11,7.67,4.86,3.52,3.08,9.77,2.45,7.08,1.3,131.507
3.85,8.79,9.69,5.08,3.03,1.7,6.36,8.81,1.39,5.61,3.83,6.2,99.814
1.36,3.03,2.85,2.35,4.44,3.25,0.26,3.33,6.53,3.45,8.76,9.39,54.477
6.46,5.84,1.87,3.61,1.51,9.65,7.28,7.22,8.58,8.73,7.71,9.38,59.182
2.3,9.95,2.31,2.8,3.75,5.66,7.39,7.02,8.26,8.54,7.07,3.7,63.768
3.97,1.85,2.63,8.61,3.72,0.62,0.04,7.16,7.59,8.02,7.59,6.14,58.566
1.94,6.0,1.64,4.4,2.41,3.25,9.82,1.04,6.09,0.19,8.56,7.32,59.479
8.68,5.17,0.57,2.04,0.03,8.92,5.0,1.74,3.95,1.47,8.99,8.93,84.475
2.21,8.24,2.0,2.22,2.42,3.78,1.09,9.65,3.69,0.98,9.73,8.76,61.563
5.46,8.47,8.62,3.86,6.43,0.24,9.87,7.68,4.3,8.15,9.76,6.68,71.232
0.51,0.64,9.8,3.49,8.83,2.01,0.91,6.93,4.94,2.27,6.91,1.76,106.577
8.07,0.83,8.09,7.1,1.92,3.26,8.92,8.42,6.29,1.79,1.03,7.53,86.139
7.86,2.44,0.78,4.16,3.73,8.91,2.3,0.48,9.69,4.66,7.13,0.87,110.943
5.8,4.45,3.02,9.0,4.44,2.0,9.57,7.35,0.13,5.06,2.35,6.04,94.131
5.75,3.09,8.79,7.76,9.2,4.8,4.92,5.09,2.12,0.05,1.38,8.53,178.316
4.77,5.04,7.87,5.38,5.11,9.71,5.15,9.6,2.09,9.09,0.43,8.04,110.116
2.84,1.27,6.08,1.62,5.07,4.69,5.68,3.83,1.94,1.74,5.9,9.15,76.381
9.43,5.01,7.63,4.38,1.87,1.26,9.82,6.94,8.52,1.37,9.1,1.66,79.070
5.0,5.93,7.08,3.21,2.39,0.78,8.79,5.48,5.95,1.95,4.07,1.81,86.952
6.14,0.26,6.47,0.9,1.8,6.5,5.34,1.88,4.1,5.93,9.79,4.81,69.294
2.71,6.31,5.03,1.01,6.08,9.89,6.8,6.29,0.83,4.69,0.85,0.53,155.228
5.19,0.91,6.47,3.7,0.71,7.28,9.52,0.89,2.02,7.66,8.06,4.85,73.515
3.6,0.46,0.76,7.15,8.69,9.6,0.64,9.96,4.83,9.45,3.62,8.51,81.762
1.47,9.96,1.88,4.52,9.25,2.46,9.69,1.98,4.19,4.83,2.57,6.41,99.562
0.34,8.87,3.76,8.62,4.18,3.56,4.78,6.8,1.33,7.92,4.63,4.82,96.863
0.79,0.36,2.16,6.59,2.03,2.35,5.62,9.61,10.0,5.79,2.53,9.24,33.372
8.15,3.24,2.23,2.31,7.66,3.07,1.14,7.08,5.88,3.43,7.39,2.72,96.454
4.44,9.63,8.99,5.68,8.8,4.78,5.78,2.86,4.6,8.84,7.38,1.07,138.618
4.76,5.44,8.34,5.04,8.61,2.88,1.36,2.28,9.33,1.54,2.22,2.96,178.111
7.47,6.76,4.22,9.2,9.57,2.31,0.54,3.16,6.32,0.9,7.85,9.92,137.783
4.41,3.47,4.23,2.33,9.5,1.63,2.37,5.73,5.04,6.42,3.29,6.23,87.930
9.65,2.71,7.6,5.6,2.92,3.57,2.59,6.8,5.87,3.02,1.61,2.19,145.154
8.67,4.87,2.22,0.75,4.43,8.0,7.14,0.68,8.27,2.31,8.43,2.57,98.435
7.07,5.25,7.98,5.44,3.64,7.49,7.82,5.44,3.22,1.73,2.13,5.23,144.192
8.67,9.87,7.09,8.53,6.24,3.07,8.84,2.04,2.21,6.12,0.89,10.0,144.419
1.73,6.18,6.2,9.13,2.84,6.2,9.23,8.13,6.26,7.75,8.93,4.83,71.527
3.81,6.77,1.13,4.07,4.25,0.07,7.73,2.85,9.38,7.23,5.1,1.36,59.733
4.15,5.85,3.08,0.13,5.44,5.74,2.85,4.93,2.18,4.35,0.05,7.62,110.965
5.57,9.0,7.2,4.59,4.51,2.63,5.61,4.97,9.29,6.76,7.27,6.93,82.048
9.98,3.4,3.58,0.69,2.15,4.51,8.45,6.3,9.36,1.66,0.61,8.5,69.696
9.8,2.7,8.31,2.22,6.09,7.37,8.14,4.04,6.87,3.1,5.39,6.21,108.119
9.01,1.42,8.67,4.74,6.36,9.75,8.63,1.01,8.94,1.34,7.64,0.37,143.036
5.0,8.99,7.66,8.6,7.15,0.2,3.39,1.08,3.77,9.37,6.73,3.31,135.986
7.75,1.66,7.08,4.08,1.85,7.41,4.91,1.59,3.23,4.55,9.28,1.94,116.980
0.04,6.16,4.12,5.77,3.73,9.72,8.7,2.9,2.16,3.66,4.51,8.75,96.284
3.85,7.68,2.42,8.74,7.76,4.24,6.01,9.49,8.98,7.52,8.29,0.43,85.192
5.21,4.87,0.78,9.1,4.31,7.85,0.55,7.25,1.1,4.32,3.25,7.56,133.666
3.05,0.77,7.18,6.1,4.1,8.03,9.31,4.69,5.71,2.43,8.82,0.95,91.601
1.35,2.2,1.09,9.48,7.35,4.4,4.64,1.42,2.25,3.39,6.87,5.24,108.652
5.89,3.96,7.27,4.21,3.32,9.99,1.09,4.91,4.61,3.68,6.59,9.57,113.760
2.79,2.26,7.01,2.51,6.35,5.22,5.47,8.66,4.52,4.94,4.11,3.43,83.970
2.68,2.13,7.05,3.62,0.28,5.65,0.02,8.85,7.02,0.83,6.49,0.3,91.068
0.43,2.39,4.93,3.36,6.39,6.74,4.21,0.74,8.8,3.48,5.16,1.23,102.625
5.84,6.31,0.24,2.34,3.08,8.95,0.82,6.32,0.84,2.13,3.14,7.46,129.213
0.53,0.48,9.47,0.01,2.15,1.99,1.67,7.78,5.99,1.05,0.43,5.36,65.664
5.49,3.16,9.75,4.04,5.92,9.21,7.68,7.2,7.27,5.11,6.36,5.68,95.598
1.68,0.5,0.37,3.88,8.05,3.07,1.6,0.14,5.83,4.87,3.29,5.48,82.744
0.62,5.81,1.46,8.85,4.73,5.33,1.88,8.15,0.87,5.65,1.39,4.83,117.699
4.89,8.55,3.01,4.16,3.92,2.84,5.59,5.52,1.86,3.42,4.89,8.83,90.900
4.23,7.63,2.53,1.62,1.03,5.76,9.81,9.57,9.72,5.42,8.57,8.85,43.897
3.13,1.17,7.55,2.56,3.9,2.43,6.15,2.36,5.48,1.75,5.95,0.86,91.973
9.78,0.24,7.91,3.5,3.66,0.16,0.93,2.14,7.15,7.55,0.02,2.97,121.628
8.98,5.62,1.21,3.06,5.44,2.42,4.32,8.24,8.51,6.37,1.73,6.62,74.686
8.99,3.07,0.14,5.1,1.71,3.79,6.81,0.63,5.92,7.0,8.39,3.32,71.094
7.16,2.56,1.71,6.41,3.36,0.22,0.28,1.2,7.71,1.0,4.66,2.94,120.405
1.17,9.07,1.65,6.6,4.27,4.05,0.14,3.45,4.01,3.79,0.85,8.1,131.809
9.81,2.85,9.85,8.24,7.06,4.28,8.61,9.79,0.1,3.39,2.17,4.85,145.590
2.64,4.96,0.13,4.86,0.22,7.25,5.48,2.09,8.45,2.9,7.79,0.06,74.935
0.46,8.33,8.22,3.8,3.47,6.92,2.95,7.75,8.45,7.05,5.99,7.23,79.148
8.98,7.33,3.3,2.3,5.44,8.97,7.98,7.93,5.84,6.49,6.94,2.45,96.519
4.39,7.52,8.64,6.4,0.9,1.12,4.11,10.0,2.88,7.06,3.54,4.06,91.532
8.56,2.67,3.63,4.5,7.61,8.06,4.07,7.09,3.74,5.4,2.69,3.61,131.692
4.03,5.68,3.7,7.08,3.31,1.91,7.59,4.6,3.9,1.1,1.5,7.4,98.544
7.78,4.1,4.52,8.82,7.64,5.67,5.8,0.99,8.29,8.43,8.01,6.62,101.023
2.27,7.58,5.97,6.73,5.15,8.92,1.88,5.64,3.41,0.43,5.15,1.64,201.763
8.54,1.27,5.71,2.48,1.32,9.24,3.62,9.53,6.51,4.2,3.92,7.6,80.724
2.36,8.79,6.46,3.77,5.27,9.47,4.25,9.1,0.74,2.4,0.19,3.81,176.281
2.2,6.03,2.9,4.21,8.44,8.33,2.74,6.77,5.34,3.03,4.02,5.77,116.046
3.89,9.0,2.56,4.94,0.58,7.76,7.98,3.19,4.37,5.71,0.68,6.13,102.388
5.58,3.83,8.01,9.73,3.9,8.95,0.07,8.83,3.64,3.73,3.01,0.22,205.128
8.08,6.68,9.11,3.15,8.94,7.29,1.02,2.89,4.35,5.92,3.66,4.2,196.234
0.2,7.9,9.26,7.02,8.7,5.28,0.78,3.36,7.98,4.39,9.85,1.35,138.434
2.05,6.68,5.08,1.36,5.05,6.66,0.08,7.61,5.76,0.77,0.51,1.84,162.221
0.76,5.74,3.76,7.74,2.6,3.65,9.64,4.73,2.48,8.32,8.08,2.99,66.915
9.2,8.64,2.78,2.15,3.6,6.04,9.14,4.6,1.06,2.14,7.17,5.03,111.222
1.84,5.98,9.52,9.1,2.33,1.18,1.84,8.59,5.52,3.58,8.65,4.87,90.620
5.71,6.21,7.17,6.77,4.34,8.3,8.23,8.25,4.95,8.15,7.1,1.9,99.793
5.22,0.17,0.56,7.97,6.2,6.53,6.49,0.41,1.42,9.35,1.44,1.15,131.540
4.42,5.66,5.06,8.67,1.05,9.43,4.66,2.6,1.84,1.35,5.77,3.46,174.238
5.49,1.37,5.9,1.6,0.45,8.38,8.35,5.42,5.91,3.34,3.21,3.91,76.941
1.22,5.61,8.63,3.38,9.53,1.74,9.43,4.62,8.78,5.19,1.79,3.89,89.347
1.53,6.07,9.48,6.72,0.03,1.98,9.32,8.65,7.57,2.92,3.72,7.43,65.160
5.1,2.23,5.35,0.29,6.46,0.14,7.99,2.55,3.77,6.61,1.49,3.64,75.125
4.89,0.77,8.32,1.87,1.59,2.25,0.82,8.07,4.43,3.08,5.86,5.83,70.096
9.7,1.46,1.21,2.87,6.17,2.52,0.18,5.33,9.44,8.19,9.97,8.3,57.788
5.1,3.6,1.77,1.43,2.99,7.94,5.17,8.03,8.77,7.3,9.29,9.6,47.404
9.3,1.86,3.43,0.76,0.36,9.15,7.53,4.65,7.94,7.55,3.23,6.97,65.646
3.46,2.4,7.22,5.28,4.47,0.89,9.89,6.31,0.75,2.15,8.19,2.45,79.758
6.23,1.44,4.38,8.94,2.12,2.68,9.58,6.59,1.37,3.95,4.52,1.28,94.503
7.5,1.41,5.42,4.27,0.73,8.96,8.2,8.22,6.78,5.58,3.84,7.95,69.731
0.04,1.59,3.14,8.61,1.08,6.79,8.36,1.08,2.28,2.44,8.53,4.64,77.753
3.91,4.65,3.94,2.1,2.87,8.09,1.83,7.91,3.64,1.93,4.76,7.09,94.109
4.89,4.72,3.75,0.97,5.6,0.56,9.0,4.04,1.37,2.82,1.13,6.88,81.181
2.0,2.23,5.6,5.47,6.05,8.17,1.49,8.72,5.99,0.17,6.31,1.4,122.591
5.77,9.06,3.23,8.97,5.48,4.91,8.23,0.08,6.09,3.4,9.54,4.57,117.267
5.69,0.63,0.64,8.76,7.63,8.82,8.45,6.72,4.01,6.91,4.71,6.01,87.395
1.34,5.2,5.68,5.86,9.43,0.94,9.92,6.86,3.55,8.3,7.64,7.65,64.777
0.23,6.84,3.48,2.31,1.25,7.52,8.27,2.74,8.08,4.16,5.76,8.94,56.996
8.37,1.07,3.0,1.58,7.07,0.5,3.81,3.13,7.63,1.4,1.23,5.93,93.342
5.66,4.24,5.3,8.23,2.49,7.83,9.77,4.35,2.36,8.61,8.09,5.13,88.097
8.75,5.81,5.0,6.05,8.9,4.08,2.17,3.58,4.67,8.66,1.44,3.55,160.324
7.29,1.79,4.77,3.98,1.2,1.77,7.38,0.1,1.42,5.2,7.01,1.65,91.388
9.7,2.67,5.99,7.71,3.34,9.98,9.66,7.9,7.21,6.44,0.09,5.59,106.777
3.73,9.86,8.85,0.31,3.59,8.03,1.84,1.48,0.72,5.62,0.49,1.86,286.178
2.44,4.61,4.74,2.76,4.11,0.36,8.54,0.32,1.29,3.73,8.37,9.2,60.477
9.22,7.35,6.71,0.99,9.47,4.04,8.08,3.94,6.25,1.98,8.65,5.83,108.782
1.69,3.19,7.0,2.74,3.89,8.94,4.87,1.69,3.24,7.65,9.73,9.0,75.871
3.06,6.53,1.7,6.89,2.17,4.09,9.73,7.31,4.55,1.21,5.1,1.9,82.013
8.28,4.84,2.09,5.35,8.74,1.21,8.07,8.62,2.14,3.9,9.02,8.54,75.726
0.04,7.53,6.89,0.67,0.85,1.64,6.66,8.82,4.66,5.81,8.36,3.29,46.862
0.35,2.55,3.55,4.73,1.5,0.43,4.19,8.57,4.05,0.79,1.34,0.48,67.508
9.57,6.71,1.85,0.49,5.1,6.01,3.78,4.35,7.86,5.02,5.35,6.13,91.505
3.63,2.06,2.26,1.04,5.6,1.12,4.55,7.31,9.33,9.12,0.32,5.58,43.386
2.84,4.53,7.2,4.4,5.94,6.21,2.48,3.12,0.7,9.66,4.39,8.56,107.644
4.96,9.78,5.62,6.37,8.08,0.42,3.05,9.41,7.75,1.27,0.97,0.36,154.450
9.72,7.24,1.84,2.34,6.57,3.1,6.27,4.88,9.42,1.33,0.97,9.58,94.946
7.73,2.83,2.46,4.07,6.75,8.44,4.68,2.96,2.32,8.87,9.24,4.61,98.776
9.21,1.96,7.98,2.05,5.03,0.79,6.06,1.66,3.8,7.28,5.96,4.07,93.722
2.81,3.02,1.74,3.22,7.96,4.2,2.84,6.79,5.66,2.53,4.4,0.04,103.100
1.41,6.37,3.05,7.18,2.33,2.73,3.92,8.16,8.84,0.47,6.14,0.9,81.147
5.91,9.57,2.81,4.34,4.31,3.25,9.32,7.93,1.84,2.33,2.75,8.03,93.758
6.99,4.02,9.3,8.48,7.36,6.42,9.98,0.39,1.77,4.74,3.21,0.69,204.860
0.18,8.69,5.23,7.99,8.82,2.09,3.46,8.5,5.82,0.89,3.09,8.37,109.525
1.42,6.14,6.59,0.3,1.98,1.53,9.62,3.96,9.0,8.87,5.35,6.97,41.033
1.93,6.79,0.37,4.35,8.86,3.2,4.7,9.43,8.67,1.24,4.02,0.81,88.327
1.21,1.2,9.6,3.06,2.49,7.68,0.47,1.47,2.04,5.53,5.65,8.47,106.813
2.38,4.64,3.51,0.28,8.67,1.42,7.46,1.93,7.87,6.14,7.81,4.07,59.240
1.82,8.65,5.49,7.03,7.34,0.93,5.97,7.7,0.94,6.24,4.39,7.66,95.015
6.45,5.17,6.85,1.61,1.81,9.04,5.72,1.74,6.24,9.42,5.97,7.44,84.670
6.17,6.92,3.42,2.53,5.92,5.07,7.5,8.2,2.8,1.27,3.97,7.49,96.158
7.69,8.05,7.14,8.86,7.59,0.25,7.56,5.52,8.11,2.21,4.89,0.82,135.967
3.32,6.74,2.26,6.82,7.83,1.73,0.5,5.63,7.13,9.37,7.71,7.34,76.168
8.88,4.59,6.1,3.05,4.44,3.05,8.28,2.14,5.59,3.11,3.23,5.44,108.348
0.69,9.04,0.89,6.0,6.88,3.42,2.3,4.78,7.23,7.7,5.25,5.15,83.061
2.0,1.99,8.59,4.98,6.38,4.92,9.31,3.33,7.2,1.48,1.21,1.39,120.652
0.97,6.3,2.04,9.81,2.58,4.87,2.38,7.99,0.22,9.91,8.29,2.81,84.082
6.15,7.34,8.3,2.4,8.51,5.55,7.38,9.68,7.27,9.0,2.07,1.03,104.996
9.81,2.68,0.73,6.02,3.74,5.62,2.7,3.85,4.78,5.25,2.05,1.41,142.715
7.82,6.09,9.06,5.62,5.03,9.79,7.61,7.82,8.59,4.7,3.15,1.59,129.737
5.03,4.89,2.31,0.14,3.74,1.71,4.83,8.1,4.21,5.92,2.12,3.47,62.199
5.82,1.54,1.98,7.18,9.46,7.92,2.63,6.53,1.47,2.91,4.49,4.48,150.600
5.3,9.37,5.8,2.23,5.89,3.38,6.39,7.0,1.87,9.25,8.55,8.72,76.520
6.9,9.92,3.98,7.66,0.26,2.82,2.36,5.39,9.5,2.2,2.52,1.53,134.213
4.11,9.73,1.82,9.7,0.39,3.79,6.13,3.07,4.55,4.54,1.65,5.88,114.407
4.75,3.25,5.17,1.99,0.9,0.83,1.23,9.65,1.43,4.96,5.75,3.53,63.616
0.03,4.11,7.98,2.36,5.27,8.36,7.88,2.69,7.75,9.45,0.48,8.01,77.523
7.17,1.09,4.85,4.34,1.31,7.14,6.35,7.65,4.21,4.34,4.18,4.05,84.146
9.46,4.4,9.36,9.17,8.82,9.48,8.23,6.49,2.05,2.19,0.19,6.49,197.699
9.26,6.66,3.81,4.74,7.1,6.37,7.58,1.66,9.22,9.51,5.43,7.58,92.582
0.58,2.15,8.49,3.1,9.84,4.76,2.39,8.17,0.97,8.85,7.19,9.14,78.780
8.33,1.19,3.82,7.02,8.98,2.61,0.18,9.06,8.92,0.86,3.92,4.7,115.593
6.85,9.06,5.91,2.24,2.27,0.07,7.02,1.14,0.99,6.53,9.92,5.34,85.326
7.68,8.48,1.87,8.42,3.04,9.61,5.68,6.48,0.08,2.42,6.2,1.13,177.808
9.82,3.22,7.9,7.66,3.72,4.55,4.47,9.04,7.61,3.32,7.15,7.62,94.032
2.41,6.54,7.21,4.91,2.74,6.3,7.39,5.13,9.72,4.0,6.86,6.4,76.228
2.45,4.89,1.26,4.25,1.8,0.2,6.86,2.6,2.5,8.73,1.07,1.75,63.165
5.24,0.6,5.13,9.33,9.11,4.32,5.09,7.27,5.96,1.34,7.18,2.21,116.110
0.84,3.28,7.49,4.89,5.53,3.5,2.85,1.12,3.58,8.06,8.66,3.47,92.033
7.93,1.93,8.81,4.44,2.76,8.68,1.85,3.55,0.06,3.54,7.08,8.02,143.361
3.27,3.43,2.42,0.45,5.21,9.68,3.93,6.24,9.76,6.44,3.87,7.51,64.795
3.11,3.82,8.88,2.32,8.52,1.1,2.23,7.68,8.35,5.94,9.27,2.94,76.215
8.97,6.65,7.49,9.07,5.05,1.15,4.85,0.06,8.82,3.0,5.18,3.02,153.951
4.86,2.34,6.92,2.16,4.58,9.03,4.9,2.92,2.48,8.53,1.37,0.06,147.532
8.64,6.74,5.31,5.3,7.12,8.55,6.06,2.51,2.63,5.62,1.77,0.21,221.596
3.99,4.74,1.07,3.64,9.25,4.12,7.79,9.06,3.47,0.93,1.86,5.63,93.285
8.79,1.98,3.52,0.87,8.48,0.89,5.23,5.23,9.08,8.03,1.88,3.05,75.477
2.35,4.49,2.96,8.05,1.74,1.24,9.5,7.75,8.04,6.97,0.72,7.9,50.954
9.4,4.93,1.2,8.64,2.78,9.76,9.23,3.06,8.18,4.67,3.77,2.32,117.547
8.83,1.93,6.79,2.8,7.25,4.51,7.55,3.26,5.84,6.53,1.82,2.26,117.792
1.01,7.73,4.37,9.31,8.06,6.4,8.51,2.14,4.78,7.64,5.72,1.15,123.180
9.55,4.52,9.87,6.97,9.15,2.21,7.97,6.06,6.44,4.55,0.7,9.45,120.188
8.9,1.33,9.5,6.09,9.36,6.67,1.77,9.25,5.39,2.28,7.25,1.02,155.230
4.84,8.64,5.42,3.79,0.57,4.81,9.9,4.87,5.08,7.2,3.14,8.48,72.589
7.95,6.01,1.58,1.09,1.28,8.08,5.68,0.25,8.39,4.58,3.38,5.23,94.475
6.82,7.45,9.25,4.57,2.32,6.98,8.18,8.03,5.67,0.25,1.0,5.28,131.609
8.03,3.69,2.04,9.38,8.89,2.64,2.15,1.61,7.34,7.94,2.4,9.91,110.590
8.1,2.04,2.76,1.95,8.72,4.88,6.72,3.36,6.9,1.2,1.88,3.51,120.704
2.86,8.59,8.1,5.92,4.16,7.3,8.58,2.76,0.4,8.99,0.86,5.94,134.145
1.01,8.59,0.72,6.07,6.06,4.88,0.23,6.34,9.45,1.57,4.6,7.26,92.801
9.42,7.06,3.07,2.31,4.6,3.17,1.87,4.35,2.83,7.52,0.09,7.34,123.458
8.48,2.15,6.89,7.93,5.71,5.4,0.8,2.98,4.55,3.3,3.42,0.22,239.424
5.8,3.87,3.44,7.46,6.34,3.91,0.54,7.12,9.02,2.42,9.16,7.15,87.038
2.09,5.45,5.23,4.24,1.48,9.43,2.57,0.23,5.67,7.14,2.4,2.57,135.666
2.63,2.35,3.05,2.75,2.56,6.64,6.95,6.84,1.63,3.39,0.12,5.48,81.852
0.39,0.91,1.58,8.89,0.43,5.2,5.91,7.64,4.52,6.57,6.82,8.45,43.598
9.9,1.42,6.84,6.91,0.14,1.4,0.78,6.56,5.75,9.44,3.38,5.02,86.033
5.92,4.12,5.84,0.61,8.01,8.76,0.65,0.74,2.24,3.24,8.98,8.15,138.583
4.11,8.94,6.46,6.15,7.78,3.85,7.55,4.63,4.57,4.48,8.98,1.39,118.006
3.97,1.77,6.73,0.45,3.07,3.82,3.9,8.41,4.74,8.65,9.65,6.19,47.689
0.39,7.03,0.65,2.79,0.52,3.92,1.9,8.01,1.95,2.46,3.26,6.25,64.205
4.14,2.97,5.12,6.64,0.88,3.36,5.19,7.85,6.92,4.95,6.87,0.19,72.287
9.61,6.51,3.19,0.21,7.54,7.07,1.39,9.55,6.41,8.31,6.79,9.55,81.262
9.01,8.0,2.83,3.66,3.07,1.42,1.86,7.83,9.45,5.84,8.45,6.59,69.940
0.73,9.31,7.97,7.17,5.14,8.68,7.67,6.89,8.77,1.7,6.85,8.97,95.471
9.39,1.3,3.74,7.55,9.69,2.98,7.48,6.07,2.54,9.51,7.06,0.54,104.367
4.99,1.74,9.51,4.82,7.3,6.9,9.22,1.07,2.09,0.72,2.4,3.41,186.462
3.11,8.95,0.83,3.99,3.77,2.0,8.46,2.75,5.25,1.11,4.95,2.54,90.383
7.18,5.68,7.45,2.57,9.55,0.46,5.6,4.39,4.54,2.72,4.7,0.86,144.191
8.59,3.37,2.29,2.25,0.78,2.41,6.75,2.87,9.95,6.36,4.78,4.75,55.527
7.65,8.16,1.38,3.1,1.52,9.38,5.82,6.76,2.65,10.0,3.48,7.61,85.876
3.49,0.89,6.36,5.11,5.66,9.74,8.99,9.93,4.44,0.82,3.44,9.49,84.209
0.88,0.19,2.59,4.77,4.68,2.94,3.42,1.61,6.57,9.64,6.44,9.58,43.076
3.32,1.66,5.18,0.23,5.51,8.97,4.26,9.33,5.36,5.22,8.23,7.22,62.771
4.6,0.12,3.19,1.07,7.42,7.22,5.17,0.25,7.94,2.05,2.33,1.86,120.510
5.95,5.31,4.64,6.13,3.95,6.0,9.73,2.65,8.59,3.5,5.52,3.6,95.207
4.46,1.75,4.91,2.32,9.54,6.06,3.24,4.1,2.54,4.98,1.08,3.98,145.783
0.72,0.5,6.42,4.8,0.33,2.28,5.42,0.45,5.09,5.98,4.88,9.89,47.461
4.92,3.54,3.82,6.27,0.27,3.26,0.58,3.92,0.79,9.14,4.81,5.23,90.233
8.29,7.43,1.01,6.81,9.13,1.19,9.8,3.89,1.95,3.61,5.81,0.17,134.205
7.7,8.28,7.03,6.6,1.57,4.29,5.46,6.67,0.17,3.27,5.89,9.15,115.877
8.95,8.91,7.61,1.59,0.27,4.2,2.26,4.99,2.31,1.34,7.1,7.39,124.183
5.16,8.51,0.95,2.04,8.65,7.05,1.43,4.92,0.28,2.67,7.08,3.18,165.440
7.66,3.53,2.34,0.37,8.44,2.64,4.56,8.31,1.92,9.07,9.76,3.98,66.436
9.37,6.25,6.48,1.49,5.38,4.82,7.42,3.91,7.37,8.55,5.11,4.05,92.804
2.69,9.41,1.7,5.92,1.98,2.37,9.18,2.51,5.72,7.25,6.69,5.92,64.583
1.37,7.87,6.63,0.84,7.12,3.22,5.99,1.09,4.07,2.82,4.11,0.1,148.790
2.11,8.97,9.85,4.43,2.81,4.51,4.05,3.07,0.04,6.46,3.36,3.67,158.257
9.2,8.88,5.34,0.53,5.84,6.63,0.13,7.04,2.61,0.88,1.23,6.52,197.827
2.92,1.98,6.39,6.67,6.28,8.67,0.1,2.76,7.06,0.36,6.37,4.82,153.284
6.85,2.87,8.98,0.32,3.21,3.95,7.96,4.5,7.09,1.7,8.11,5.82,74.417
1.71,4.85,2.98,9.44,5.76,7.01,7.8,1.36,6.43,1.43,0.47,0.19,179.581
4.35,8.17,6.43,0.71,0.35,0.44,1.14,3.48,5.55,8.27,1.76,7.68,73.350
5.43,2.32,1.45,8.44,7.83,1.71,9.48,0.93,2.72,7.3,4.59,1.75,101.532
6.65,7.24,2.38,4.03,2.53,2.85,9.59,2.2,2.4,4.04,0.32,4.54,111.217
6.29,5.22,7.83,5.75,1.29,3.63,0.9,8.7,0.86,3.35,6.75,8.34,103.841
1.68,0.37,7.53,5.93,4.15,3.97,5.54,4.05,8.15,8.14,7.54,8.95,55.771
1.76,6.37,4.18,7.68,8.1,3.69,5.21,3.46,1.54,0.63,0.35,2.61,230.290
2.7,2.52,8.1,8.28,2.47,0.96,4.34,1.59,5.72,6.64,9.92,2.29,82.066
4.4,4.34,6.54,5.43,1.88,2.81,7.13,1.37,8.27,3.23,9.08,8.09,68.335
1.2,2.71,6.54,4.45,3.5,0.22,0.25,8.64,2.47,2.64,7.73,1.5,80.155
7.22,1.43,7.84,7.85,0.05,8.11,4.59,1.71,5.54,3.9,3.63,1.85,153.157
5.51,0.71,9.07,8.59,9.58,1.95,2.09,9.38,7.91,8.46,4.18,4.81,96.144
4.95,8.67,0.14,0.63,5.0,0.4,0.73,7.4,8.99,0.64,1.13,5.12,82.424
7.44,6.51,8.77,4.89,4.19,3.44,6.24,4.89,7.74,7.37,4.51,3.68,102.353
0.69,9.36,7.48,9.88,2.87,9.19,2.24,0.95,1.62,7.29,1.52,7.0,191.416
9.79,5.1,9.76,1.34,7.37,9.23,1.92,9.34,3.65,2.77,6.12,8.18,133.177
2.39,1.93,8.93,0.8,4.99,8.36,0.74,4.06,1.54,5.8,3.55,4.98,132.559
7.2,7.88,7.88,2.91,6.36,2.58,9.74,6.16,4.67,3.77,4.92,3.27,107.009
1.64,5.36,4.84,2.67,2.44,8.01,2.17,7.53,9.46,8.99,9.23,9.43,53.322
0.41,9.88,6.09,4.02,8.59,4.78,3.59,1.43,5.02,6.18,2.15,0.06,183.234
3.58,0.6,8.77,5.27,9.3,0.2,4.74,1.62,5.85,5.04,9.01,1.94,98.298
1.45,7.13,6.94,9.83,8.0,1.69,7.1,5.74,4.99,0.02,7.19,3.26,123.816
9.28,4.31,5.03,2.7,1.29,8.09,2.4,4.77,7.67,6.62,9.82,9.26,75.728
7.74,8.05,2.05,8.38,7.67,0.89,4.48,0.39,5.88,2.95,2.43,0.41,210.278
1.19,4.42,0.21,5.77,3.98,4.73,7.3,6.95,8.62,6.68,0.25,2.46,62.926
2.5,5.99,0.02,8.24,9.43,8.87,9.99,6.71,4.67,6.5,1.02,9.32,91.730
8.13,8.97,8.79,8.35,9.12,1.28,7.31,4.94,3.98,4.86,6.94,8.68,121.602
0.34,1.08,8.04,0.54,4.58,5.44,9.74,5.41,1.86,6.24,6.77,0.75,65.063
8.19,0.98,7.42,3.92,7.41,3.9,3.26,3.56,3.13,0.4,3.48,3.52,183.401
1.36,4.14,5.86,9.53,7.76,5.78,2.59,9.7,1.86,4.35,3.55,9.63,108.681
6.13,1.54,1.37,9.95,0.06,0.38,9.24,5.18,0.14,1.24,4.77,2.67,83.606
2.33,3.85,1.8,6.03,5.56,3.6,1.11,7.08,5.88,4.5,1.16,4.97,93.806
6.41,6.04,8.47,0.33,3.28,2.38,9.01,6.34,0.1,5.54,2.21,5.2,94.754
2.4,4.44,3.25,8.2,9.49,0.42,1.21,2.52,5.97,3.62,0.99,2.58,166.963
9.53,1.28,6.14,9.95,4.6,1.41,4.24,7.72,1.85,9.25,4.77,1.03,114.033
0.99,5.18,1.22,8.37,1.82,8.63,0.71,3.54,6.35,2.24,0.62,0.88,182.775
1.42,9.04,3.26,9.13,7.83,8.62,9.25,3.9,7.17,8.56,4.03,9.92,91.758
4.02,6.69,7.36,4.0,9.07,5.78,2.03,4.78,7.96,5.34,9.96,2.4,113.705
1.75,9.61,1.62,1.6,5.15,9.67,2.95,9.41,6.92,0.54,4.55,6.6,94.931
6.63,1.13,1.98,7.73,7.15,9.65,2.41,1.74,1.7,0.71,3.67,8.97,178.490
3.44,8.48,6.69,3.31,2.99,0.63,9.62,4.76,0.84,8.93,0.67,9.37,74.700
7.12,0.29,5.57,0.31,4.66,9.32,1.48,4.24,6.38,6.11,0.22,8.99,99.453
6.18,2.33,1.36,7.89,1.62,7.35,6.72,5.79,8.42,0.76,6.76,2.83,85.454
7.08,1.42,4.98,8.64,2.65,5.47,3.68,1.61,7.02,8.85,5.44,7.88,87.703
6.28,6.83,0.71,2.42,0.24,9.8,1.06,8.48,0.87,2.45,7.05,2.05,119.672
0.88,2.48,8.1,8.05,6.03,7.96,1.2,1.28,2.59,0.28,1.66,2.37,357.143
5.33,5.76,8.0,2.46,2.32,1.63,5.96,3.73,1.63,6.38,4.41,7.18,87.060
9.34,6.99,7.18,0.52,9.41,7.96,4.93,7.16,0.71,5.16,4.3,1.12,177.074
4.29,9.82,6.51,6.62,2.58,8.12,3.0,1.31,5.46,5.94,9.15,6.92,119.383
7.9,1.18,1.94,6.69,9.84,3.76,9.71,5.95,7.73,4.18,2.63,5.1,88.697
9.4,0.44,7.4,8.96,9.69,6.82,6.63,1.15,3.04,4.87,5.7,9.7,137.375
6.07,2.98,2.17,0.53,3.83,5.11,2.61,2.27,3.52,3.61,8.33,1.92,92.947
0.99,9.13,5.43,9.11,3.87,8.52,1.21,0.59,0.12,9.59,7.12,1.47,184.328
5.45,4.01,2.69,8.83,9.49,10.0,0.51,6.11,7.53,4.02,0.73,2.13,192.439
5.53,2.34,6.7,9.65,9.88,9.92,8.48,7.29,8.05,0.04,5.07,3.01,137.821
0.8,9.33,1.86,1.28,1.01,2.67,5.48,7.46,4.52,9.2,3.56,8.58,43.686
5.74,9.13,6.95,3.25,2.12,1.06,4.95,8.83,7.21,7.52,6.5,7.85,65.912
0.87,4.88,8.46,4.02,6.29,6.89,0.56,3.38,7.39,5.01,1.1,0.28,177.257
7.49,0.63,0.49,0.89,7.5,5.32,2.47,9.84,3.53,2.88,5.94,8.23,67.863
4.04,2.92,4.67,5.96,7.73,1.05,7.58,8.74,0.05,8.71,6.56,7.16,67.964
4.96,4.42,2.29,9.15,8.91,1.03,4.72,2.61,8.82,7.76,2.26,6.6,93.866
8.62,1.4,9.5,1.0,0.31,4.18,4.46,9.26,3.76,6.36,2.64,5.81,77.454
5.52,5.27,0.82,2.54,9.74,8.36,4.11,0.14,9.85,5.54,4.98,5.19,108.185
1.42,1.14,2.59,0.65,3.08,5.86,3.89,1.52,4.5,1.03,8.23,0.79,73.848
7.12,3.44,3.65,6.64,1.44,6.85,6.92,1.59,0.09,6.03,0.5,4.23,150.517
1.27,6.8,1.71,5.87,7.57,6.83,8.01,6.94,0.21,1.45,0.47,9.07,114.914
5.21,5.9,1.6,5.23,9.04,1.39,9.9,0.24,4.54,1.31,8.75,8.4,85.607
8.68,1.72,5.53,4.73,0.43,9.81,0.88,2.34,6.64,7.5,7.85,2.69,110.753
5.44,2.45,9.18,4.92,3.36,9.22,5.52,6.69,4.21,3.02,0.07,5.13,140.300
4.94,1.84,6.85,7.83,9.4,7.5,2.73,3.11,1.88,8.11,9.62,5.84,122.595
7.75,5.04,0.41,5.61,5.71,9.36,9.11,8.32,5.64,8.57,6.66,8.14,72.954
3.8,3.31,1.62,7.56,2.21,1.13,9.99,9.88,5.51,9.61,8.31,4.32,41.222
1.21,8.49,0.37,7.37,5.26,6.58,9.6,1.24,1.88,2.98,9.12,0.28,116.653
4.81,9.76,0.12,9.63,3.37,8.98,8.64,0.7,0.31,7.27,9.47,8.52,105.042
5.81,4.86,4.86,7.56,3.94,5.03,0.61,4.71,6.36,1.54,1.77,0.55,206.306
3.5,2.13,5.68,7.65,5.05,2.75,3.84,6.75,0.81,9.15,8.01,2.99,84.818
7.67,8.65,9.48,4.46,7.5,4.55,4.94,8.92,5.88,7.72,7.76,7.71,98.556
7.52,2.16,2.08,7.28,3.66,0.41,5.89,2.98,6.27,8.25,3.32,7.19,68.171
4.54,8.15,3.36,5.56,8.99,7.43,7.91,0.25,3.42,2.74,1.82,5.4,176.555
7.52,4.54,0.48,8.29,3.24,7.56,4.48,7.02,0.6,2.45,4.14,5.31,131.792
8.01,6.45,8.06,4.58,5.11,9.35,6.47,4.57,3.21,0.26,9.11,8.19,130.651
8.63,2.56,7.33,6.21,2.84,1.29,6.26,1.7,9.63,7.69,6.26,5.69,77.518
3.18,7.97,4.45,3.58,5.23,9.15,0.89,0.99,0.16,0.93,8.33,3.55,225.993
0.84,9.0,2.68,8.17,0.1,7.0,4.25,0.77,6.44,1.58,2.27,3.61,146.882
0.37,2.4,5.23,2.68,0.23,1.03,7.68,3.73,5.26,7.33,3.6,6.62,34.892
9.55,8.92,4.24,1.5,9.04,0.61,2.62,4.2,1.32,7.14,5.43,7.98,118.020
7.66,4.03,1.4,1.99,8.7,6.2,1.97,8.45,9.77,2.29,4.31,4.91,94.574
7.61,3.48,5.59,6.81,8.54,8.9,1.49,1.13,6.89,5.58,6.26,7.42,142.266
5.86,2.94,9.03,8.48,0.03,6.61,8.93,0.79,0.51,6.5,0.12,2.44,170.814
9.38,3.01,7.33,2.99,4.88,2.15,6.11,1.25,2.83,0.58,8.29,7.64,111.386
5.08,3.28,1.25,3.51,8.61,1.83,5.79,8.73,0.06,2.33,5.54,2.24,95.423
6.23,2.21,5.95,3.0,0.67,2.34,0.71,8.07,8.26,2.52,4.04,9.66,61.335
1.82,3.99,0.69,2.54,5.58,3.34,9.04,2.39,5.87,7.3,7.16,8.82,44.258
3.67,8.18,1.97,6.27,7.23,4.95,3.13,1.91,3.89,9.47,6.77,8.21,96.675
9.33,3.53,0.19,4.62,6.31,9.53,0.4,5.51,6.41,8.38,3.64,3.18,121.766
3.52,4.24,1.04,5.66,0.23,7.47,5.58,2.77,9.97,1.2,4.4,6.21,73.548
6.12,8.51,8.96,1.62,1.03,7.86,0.96,8.15,2.6,6.8,4.09,4.49,125.877
7.24,1.06,6.3,0.86,1.06,2.1,6.37,4.03,0.77,7.95,4.19,5.32,65.037
7.46,3.99,8.25,6.9,8.45,3.17,9.98,6.68,4.75,2.93,7.37,3.55,108.395
5.72,3.22,0.39,5.55,0.59,4.6,9.28,7.09,6.03,8.04,9.4,5.44,44.324
2.94,6.94,9.69,6.48,1.58,3.62,9.71,1.32,6.08,4.51,8.71,5.42,87.413
8.33,6.03,5.88,5.7,0.37,8.5,9.32,6.01,9.11,7.04,5.31,1.36,91.245
8.54,0.52,3.88,5.16,6.84,6.84,8.02,4.34,7.64,8.9,1.9,7.4,83.194
4.93,0.22,1.29,4.33,0.34,8.78,2.49,4.87,8.39,8.07,9.03,6.61,50.405
9.38,2.34,1.33,7.78,6.24,6.24,9.84,9.48,8.42,6.32,3.51,8.33,72.571
4.57,5.03,5.23,7.48,6.83,1.24,6.47,5.75,9.61,9.98,0.19,7.4,77.107
0.27,1.6,0.39,9.46,9.65,4.94,7.27,2.41,8.58,5.86,0.75,4.17,90.599
6.31,3.89,8.86,4.15,7.71,9.99,8.1,2.72,4.07,6.23,3.66,7.34,127.366
2.67,0.65,6.62,5.9,7.09,6.93,5.18,5.08,6.12,2.58,4.38,0.66,124.417
7.87,6.99,1.7,8.87,9.31,4.02,8.17,1.61,0.97,3.29,3.62,1.92,197.957
9.86,2.22,0.06,1.07,2.72,8.32,2.4,7.15,4.92,8.38,9.9,4.7,64.753
4.71,3.02,5.26,4.62,7.04,1.89,2.0,1.14,6.9,8.6,8.06,8.06,76.352
3.33,7.89,2.62,9.77,9.04,7.61,5.4,8.82,2.76,6.62,6.55,5.08,114.278
1.83,9.2,3.92,2.2,5.18,2.94,4.63,3.35,9.25,0.56,7.94,3.78,85.632
5.93,4.64,1.39,1.5,0.74,0.83,3.57,4.92,1.45,2.85,3.24,5.76,68.977
0.19,6.67,7.77,4.94,3.76,5.21,4.08,0.59,7.19,2.2,9.25,6.48,95.804
5.26,2.12,7.9,2.8,8.22,7.78,1.17,9.53,3.82,5.6,8.58,4.62,102.281
5.26,4.17,4.26,1.65,4.83,5.01,4.5,8.54,3.66,5.85,9.03,6.55,66.037
8.4,5.82,3.01,9.6,1.75,2.97,0.6,2.9,3.88,1.49,8.8,1.88,161.381
0.66,7.84,7.26,3.95,9.69,0.29,2.17,8.15,2.07,2.2,6.73,8.33,100.135
7.12,5.73,9.37,8.95,9.46,3.56,7.87,1.58,1.34,8.47,5.81,3.86,152.748
5.06,9.76,1.39,4.21,9.61,6.2,4.32,0.91,9.74,3.58,9.68,7.33,101.884
2.48,1.32,1.69,2.25,8.67,5.2,9.17,8.74,1.82,9.65,9.23,1.65,53.676
1.6,2.06,4.89,7.68,3.13,0.95,6.97,5.36,3.93,0.25,9.69,7.49,60.285
5.11,9.9,2.94,4.36,6.09,0.24,7.36,7.31,6.84,4.7,9.3,8.94,64.432
6.87,9.27,7.9,8.45,1.77,0.31,3.53,3.8,5.64,0.84,4.67,3.98,153.918
5.68,3.92,8.65,1.19,7.52,1.74,1.43,1.37,0.48,6.5,7.0,9.58,108.877
5.87,3.73,3.01,6.46,1.37,4.59,3.01,3.38,4.69,9.51,4.12,3.85,87.640
7.92,5.93,6.14,2.49,7.69,1.54,3.88,5.04,7.67,7.22,3.68,1.94,107.747
5.49,0.27,4.52,6.24,0.8,9.88,5.42,1.55,3.05,5.83,9.04,1.63,102.564
5.33,2.7,5.07,5.25,1.05,5.44,1.11,1.38,0.81,8.02,3.53,7.96,108.900
8.39,3.32,9.36,5.14,7.53,6.74,1.45,5.85,0.02,4.92,9.94,8.21,133.202
8.28,2.07,0.57,4.57,1.09,9.67,6.73,5.36,0.34,5.62,3.62,6.34,93.717
0.83,3.13,2.23,7.39,4.45,8.46,9.85,6.68,1.8,3.47,2.79,8.12,80.984
2.52,0.3,6.13,9.26,1.9,4.1,4.44,4.67,8.67,2.32,5.03,8.1,72.856
0.77,6.53,1.77,6.63,4.92,5.07,1.26,0.01,3.71,9.71,3.96,3.68,115.047
0.67,5.62,4.3,0.64,1.01,7.86,2.37,8.51,7.09,8.76,7.95,6.52,48.786
5.6,9.69,4.4,3.06,4.95,6.35,0.67,5.4,2.29,1.55,0.37,9.88,168.899
9.46,6.13,1.31,5.58,3.21,0.97,2.22,7.89,0.67,2.84,0.34,6.21,132.176
6.39,1.0,5.36,8.12,0.28,4.21,10.0,7.57,6.46,7.37,5.76,8.33,55.749
0.75,4.55,2.88,5.84,8.13,4.48,3.08,5.66,9.62,3.14,8.48,6.09,73.829
8.31,6.96,3.85,7.06,9.37,6.31,8.83,8.16,7.63,9.99,3.63,8.2,90.138
7.89,9.05,4.22,1.13,6.51,0.01,6.64,6.81,3.3,8.71,6.36,0.86,88.158
9.48,1.29,2.53,4.12,6.75,6.89,5.42,5.82,6.46,2.25,6.18,8.39,89.977
3.03,9.55,2.02,8.94,2.77,9.67,0.16,0.29,7.07,6.64,2.94,3.67,173.231
0.99,5.51,6.15,7.18,0.44,7.16,5.85,7.94,8.16,3.49,2.53,0.84,95.210
9.94,0.33,3.64,1.19,2.86,2.16,1.14,9.61,2.12,3.95,0.66,9.2,75.412
8.56,5.84,9.69,7.4,4.81,5.26,0.17,2.41,1.92,7.11,8.57,4.47,168.600
3.95,6.93,9.69,2.38,2.88,9.99,2.11,2.87,7.82,1.4,4.85,3.66,157.728
3.96,9.74,0.93,5.32,8.33,4.25,0.2,3.55,3.86,0.36,9.46,6.57,135.542
3.91,1.8,3.91,8.13,5.67,1.08,4.38,4.03,9.39,3.59,7.38,3.99,74.786
0.15,0.85,9.7,0.05,9.35,0.95,7.08,9.02,5.43,8.6,6.28,7.07,48.413
5.65,1.77,4.05,2.81,2.58,6.38,0.73,5.81,2.93,9.32,1.02,9.03,80.583
3.6,5.73,1.22,7.91,9.75,9.63,3.09,4.77,5.86,9.71,7.97,6.7,99.318
2.37,2.15,7.28,8.87,1.16,8.07,5.0,1.53,0.1,1.82,4.26,8.91,138.298
7.79,2.58,7.0,6.24,3.61,8.47,6.61,2.08,8.85,2.94,6.64,6.22,107.049
3.28,1.53,6.25,8.07,3.76,2.08,8.7,2.69,3.69,3.37,7.62,6.96,75.598
0.73,5.8,0.68,6.02,8.98,1.0,5.17,0.07,5.21,5.85,8.11,9.11,69.242
2.05,4.65,6.99,2.42,2.57,1.18,9.27,0.53,9.24,0.21,0.18,9.02,69.807
2.05,5.59,1.82,9.15,4.97,2.22,1.13,6.26,0.59,5.43,3.69,0.01,150.789
2.29,4.06,9.74,4.4,9.16,4.61,1.19,2.51,9.51,4.95,6.78,5.76,111.596
6.77,2.35,1.04,5.89,3.16,3.52,9.28,7.8,2.06,7.49,2.92,4.69,66.384
6.88,8.09,6.82,6.08,7.09,0.77,6.45,4.52,4.87,5.5,0.72,4.68,133.620
0.19,2.01,6.86,2.89,2.84,5.24,4.99,3.55,1.66,1.72,7.77,9.99,67.487
5.02,6.8,9.13,7.14,5.8,9.43,4.96,8.85,6.62,9.14,7.55,9.41,93.101
6.01,9.48,4.97,6.83,1.83,5.99,7.19,1.05,3.0,8.01,0.28,8.65,124.592
2.4,0.85,4.68,3.09,5.99,7.21,8.99,1.5,2.3,7.28,0.47,8.53,83.316
4.66,0.5,7.86,6.94,6.41,1.91,9.72,6.32,0.89,7.31,2.67,0.58,102.874
0.22,1.28,6.25,9.07,1.21,6.66,3.54,4.63,2.24,3.33,5.43,4.07,106.239
7.36,3.09,3.1,4.41,5.57,6.67,0.76,4.13,8.36,5.51,9.96,7.45,83.495
5.78,2.81,9.15,2.17,4.67,5.94,4.79,9.01,4.97,9.0,8.49,3.0,77.738
4.83,0.09,4.92,4.42,1.71,8.19,2.05,8.21,1.79,6.79,2.1,2.4,103.513
1.32,3.13,3.18,9.89,5.98,5.65,8.71,1.94,6.33,0.93,1.2,3.25,130.367
3.58,3.36,8.98,9.72,4.78,9.55,3.08,0.8,0.77,2.62,2.51,2.24,332.529
4.11,5.9,2.67,6.72,3.75,3.76,3.74,0.32,1.67,7.65,2.0,5.4,129.500
6.2,6.75,6.78,9.74,6.12,6.58,7.96,4.4,9.9,7.07,3.83,8.69,100.765
1.21,5.87,8.9,9.95,6.0,4.98,4.04,0.3,9.59,6.59,4.9,4.36,123.942
5.27,9.27,5.17,3.76,0.77,6.64,8.85,5.11,3.92,3.54,8.33,9.47,78.735
6.24,8.57,2.65,4.62,4.59,5.29,2.24,2.18,3.48,3.77,6.83,0.32,169.819
9.67,9.24,8.96,9.77,9.19,4.98,9.73,0.31,8.01,3.55,0.88,8.54,167.021
7.11,5.92,4.1,2.57,7.42,0.66,6.73,7.81,5.09,9.66,2.49,7.92,69.975
3.22,2.03,2.96,8.02,5.25,6.22,3.21,6.07,5.08,4.38,2.75,0.9,123.716
7.44,2.03,3.2,7.85,2.8,6.51,3.71,7.81,6.7,8.66,8.53,6.81,70.654
4.05,7.64,7.36,5.81,3.54,1.27,4.94,4.96,2.98,4.06,7.21,5.47,100.169
8.83,7.63,9.21,8.62,1.15,7.23,9.52,8.46,3.95,4.91,0.9,1.78,144.546
8.32,7.34,7.05,7.46,10.0,3.46,9.84,6.01,4.33,2.62,7.54,7.09,116.564
7.52,2.43,3.88,8.89,2.31,9.6,2.73,0.96,6.01,7.5,1.66,0.73,176.774
1.01,5.18,7.35,1.54,7.2,8.25,6.37,4.03,4.78,2.42,9.48,7.37,88.621
7.88,0.56,3.71,2.84,9.87,9.77,6.1,3.02,6.1,2.05,1.56,4.32,149.590
6.74,2.52,7.09,0.34,6.36,2.45,6.91,3.47,8.54,0.53,8.37,4.36,79.242
1.29,8.7,5.54,9.61,8.01,1.21,0.5,5.8,8.15,1.15,0.5,3.23,177.755
3.72,9.59,6.2,4.66,7.28,6.62,9.91,3.4,4.1,9.69,0.25,4.0,121.435
7.44,8.06,4.64,1.01,1.27,0.63,6.98,5.37,5.64,3.55,4.58,4.87,74.379
7.58,1.32,9.43,9.28,5.95,2.81,7.53,3.29,6.44,2.25,9.47,0.75,122.334
8.15,9.72,9.74,0.85,0.53,6.74,0.52,6.58,9.97,1.8,4.18,9.54,109.635
3.19,6.36,8.25,1.69,9.7,1.53,3.13,9.1,2.39,8.49,3.14,0.08,116.673
3.54,0.33,1.15,0.35,0.42,4.63,6.58,0.31,2.91,5.38,6.83,6.21,36.924
3.25,2.62,8.91,2.2,8.51,8.27,5.2,5.19,9.61,5.79,9.44,0.15,95.421
8.42,8.87,5.65,4.06,1.45,1.09,3.37,5.56,8.74,4.32,6.66,1.68,97.395
1.31,1.61,4.59,3.43,6.85,2.62,2.17,2.46,8.53,7.13,4.43,2.48,75.037
3.75,2.6,6.87,3.56,4.2,2.05,7.5,1.0,6.5,8.73,7.76,4.37,64.222
3.21,7.22,1.47,9.55,9.78,6.48,3.49,9.85,8.4,7.35,1.35,7.96,98.203
8.59,7.35,3.83,2.87,9.58,3.0,5.24,0.82,4.41,9.02,8.54,3.04,113.357
7.84,1.07,1.7,6.49,3.63,4.24,4.63,0.86,6.77,9.76,3.3,7.47,76.151
6.85,3.94,9.38,1.16,8.42,1.26,9.52,8.1,7.38,5.24,6.26,8.04,69.623
2.94,8.76,3.21,3.42,0.35,1.99,9.76,2.05,3.49,0.62,9.15,2.44,75.136
1.26,2.44,2.91,8.79,4.84,2.56,4.47,7.49,3.29,2.19,8.87,8.27,65.934
8.17,2.83,2.43,6.52,4.68,5.99,6.42,9.44,7.23,2.46,1.56,5.61,93.582
0.51,0.4,5.95,3.35,0.11,8.83,5.66,3.22,5.59,9.92,4.03,2.54,61.854
3.35,6.89,2.91,5.36,9.86,0.97,0.6,8.08,4.0,0.84,8.9,2.51,117.690
3.31,3.8,0.34,4.97,2.64,8.08,9.56,6.42,0.7,0.9,7.57,9.95,65.926
7.85,4.38,2.81,2.44,2.78,8.03,9.86,8.94,7.68,0.55,4.49,5.99,75.420
3.89,8.19,7.01,7.13,4.73,1.08,6.02,6.67,9.21,7.36,4.95,8.62,74.784
3.97,9.72,7.21,6.33,1.66,3.01,7.32,4.29,0.94,9.61,8.94,6.33,85.226
5.66,2.02,4.8,8.17,8.34,7.93,7.66,8.04,6.04,1.9,4.85,2.52,119.058
4.66,7.36,5.13,7.81,5.38,4.54,2.89,8.08,9.62,6.19,7.58,2.24,95.301
1.0,6.26,0.43,7.16,2.5,9.84,5.84,3.23,4.24,7.42,7.92,3.74,83.946
1.33,3.35,5.02,1.96,5.3,6.74,5.77,4.48,1.12,8.04,6.6,2.32,83.657
6.24,0.85,4.54,0.18,2.92,5.43,8.41,6.92,1.37,5.92,6.23,7.39,55.629
1.75,3.07,2.93,7.88,8.56,9.57,9.37,6.21,1.14,6.68,7.2,1.91,103.845
4.57,5.24,6.24,6.84,1.63,8.62,4.05,2.84,8.12,2.87,0.26,4.55,146.056
9.97,3.22,7.56,3.58,8.6,9.88,3.45,3.56,5.1,4.09,4.95,9.62,139.129
4.48,1.06,9.55,9.78,3.37,1.32,5.43,6.01,4.13,3.42,0.77,2.72,131.495
4.0,8.82,7.31,3.0,7.09,2.29,0.9,4.6,0.86,4.29,1.0,9.31,155.105
1.35,4.95,0.11,8.4,7.0,9.54,7.06,0.88,1.29,6.37,9.63,3.36,109.654
9.55,0.16,3.0,6.08,4.78,4.04,3.3,1.04,9.07,7.34,4.97,5.05,89.730
6.31,0.96,1.92,0.76,8.88,9.16,4.43,3.18,4.06,9.24,0.15,6.53,101.450
0.09,6.91,0.04,7.95,5.38,4.14,9.7,5.81,2.88,8.22,2.66,8.87,64.263
9.68,2.72,6.57,0.17,2.88,6.5,3.14,6.94,7.81,7.63,7.7,7.04,70.840
7.93,1.74,4.02,1.73,2.38,1.9,9.37,5.66,9.99,0.27,2.09,4.35,62.086
3.62,6.33,8.88,1.07,7.78,8.25,9.83,9.89,3.35,6.03,7.14,8.69,79.969
7.11,7.55,6.27,0.56,2.18,5.93,9.89,9.2,1.89,0.9,5.34,0.43,107.052
1.45,9.74,1.69,4.59,7.6,7.87,8.38,7.97,5.25,9.66,5.0,9.53,71.937
9.85,2.57,8.04,3.72,6.6,5.87,3.83,5.57,7.06,0.5,9.91,7.55,106.479
0.57,0.1,4.62,0.2,8.0,9.03,1.08,5.51,9.17,0.14,3.26,2.1,105.927
9.07,9.02,1.07,5.7,3.02,5.2,4.92,7.11,6.06,1.66,2.99,5.37,117.681
1.7,3.23,8.54,5.44,5.21,4.29,1.72,3.27,0.25,3.03,9.04,3.83,134.390
1.38,5.95,8.66,4.2,1.32,2.95,2.01,6.42,9.55,5.34,5.71,7.63,66.721
8.79,8.09,9.55,0.16,6.65,3.71,8.87,6.7,6.28,3.2,8.91,1.2,105.091
5.51,1.72,4.17,2.91,2.67,9.2,7.51,2.92,5.83,1.9,0.25,8.23,98.273
7.25,6.49,1.24,6.2,0.75,6.77,3.33,2.64,8.21,4.81,2.9,8.09,95.730
7.99,6.97,4.75,6.75,5.34,3.6,5.56,3.98,9.98,7.14,1.57,1.63,118.553
3.27,2.16,5.01,7.12,0.84,9.64,7.74,2.14,1.36,9.24,7.4,5.53,83.927
2.88,4.7,6.87,8.74,9.92,0.34,2.63,2.08,3.28,4.99,5.39,1.56,167.837
9.7,8.82,9.49,2.13,6.17,7.26,8.71,3.37,1.09,5.46,7.18,5.69,138.317
6.52,8.23,7.38,4.77,2.93,1.85,9.95,1.26,3.21,6.75,5.68,1.68,111.041
9.41,4.57,2.98,8.1,9.91,0.75,6.86,1.19,2.35,7.31,6.36,2.42,134.843
2.05,5.59,4.84,5.72,2.92,3.03,1.28,0.84,1.95,3.92,7.74,2.77,130.541
7.5,7.74,3.33,4.92,4.59,4.79,4.64,2.18,4.18,7.6,0.76,0.86,162.562
4.59,4.55,9.37,8.96,4.66,6.72,0.31,2.6,5.13,4.96,2.53,1.21,232.079
6.09,6.91,2.18,6.76,7.0,8.29,2.94,8.97,7.05,9.51,2.83,6.97,97.282
9.83,0.64,5.35,3.12,9.49,8.93,1.23,2.7,1.92,9.69,7.47,7.03,124.368
6.97,4.15,2.06,4.88,6.76,8.96,0.49,1.92,1.9,3.36,1.33,7.33,206.859
4.23,4.84,7.4,9.28,5.68,5.43,5.7,5.63,4.44,0.27,4.6,5.09,143.257
9.49,1.77,7.08,2.59,1.41,6.84,1.45,1.96,4.37,6.22,7.02,0.99,132.576
4.1,1.42,5.25,5.19,8.55,1.28,9.57,5.2,5.84,8.86,1.14,2.88,77.008
9.43,0.18,6.55,4.85,4.91,5.06,2.38,3.08,7.74,6.43,4.46,9.67,91.765
4.21,9.24,5.71,1.03,4.99,1.69,0.45,3.73,7.77,9.06,2.65,1.44,107.052
9.86,9.19,5.79,3.92,1.01,0.09,8.35,9.78,2.82,2.53,7.27,9.1,74.931
2.78,6.34,3.85,4.23,3.46,0.48,8.85,3.76,1.13,8.55,5.64,1.32,72.274
5.05,2.45,4.5,2.99,8.32,3.29,6.79,0.33,2.6,9.48,0.75,7.12,98.264
8.11,6.4,5.57,8.59,1.33,5.0,5.11,3.37,4.13,2.86,6.54,2.66,141.873
1.84,7.83,0.27,6.05,9.44,5.28,2.11,6.3,7.45,4.12,2.68,7.85,100.656
5.25,9.58,7.48,0.47,0.82,8.84,9.06,0.47,2.29,7.25,9.74,7.07,90.412
8.45,1.32,0.29,2.35,5.38,2.33,5.52,6.39,7.69,6.52,4.18,6.54,54.615
4.59,8.49,5.08,3.7,7.71,0.9,7.71,8.2,0.05,7.54,4.26,6.66,88.524
0.01,7.91,5.43,5.79,7.03,8.36,4.79,2.49,8.32,4.72,9.4,3.52,103.881
1.06,5.8,2.55,9.79,6.62,6.21,4.37,3.44,0.4,1.06,3.02,0.45,251.413
5.22,6.68,0.72,4.82,4.09,5.64,8.57,7.73,7.94,2.49,1.88,3.32,85.092
6.96,9.31,9.73,2.51,1.7,2.76,3.29,3.14,5.83,3.56,3.86,6.93,123.901
9.86,0.51,4.31,4.72,1.02,7.02,2.43,3.92,9.67,1.97,4.38,0.23,121.416
7.46,7.36,7.36,5.6,8.9,2.68,2.26,4.07,3.53,9.52,1.19,4.94,154.292
9.41,0.74,0.61,0.08,8.96,3.34,5.25,0.01,0.61,6.4,6.71,0.59,118.242
5.82,4.26,6.72,7.9,2.98,8.31,5.09,3.93,1.98,6.52,9.57,7.05,105.419
1.18,1.42,1.72,5.97,1.29,6.41,6.83,6.74,6.97,5.06,7.41,2.64,50.463
6.67,7.14,1.19,1.1,3.02,4.94,5.94,3.37,2.38,0.19,9.62,6.97,84.510
0.63,2.15,8.26,0.09,4.6,1.37,6.9,8.47,4.73,1.14,1.59,7.26,56.830
2.68,4.97,8.12,1.16,4.66,1.69,0.15,0.08,4.62,2.02,7.63,5.22,118.053
0.23,7.26,5.27,0.1,2.59,2.6,5.66,9.04,1.09,5.14,1.95,9.39,55.934
5.03,1.12,1.69,8.04,6.97,7.53,4.65,6.19,4.98,7.05,5.12,5.8,89.908
9.32,4.71,1.34,3.11,4.65,9.18,5.69,9.13,7.5,3.88,5.08,7.8,82.677
9.04,1.43,2.17,0.79,6.73,5.45,3.81,9.26,5.52,4.6,9.85,4.91,67.484
3.94,8.98,8.51,3.11,3.17,7.97,0.7,8.0,6.03,4.9,1.19,0.73,165.568
1.78,5.13,2.6,0.73,7.36,0.49,1.59,5.6,1.67,8.67,4.72,5.69,64.746
7.41,4.99,6.71,9.95,6.06,9.58,9.3,5.36,9.6,3.29,6.13,8.61,105.699
4.56,8.35,3.8,2.34,0.86,0.68,8.66,0.9,4.21,4.21,6.39,1.84,78.558
7.18,4.71,1.27,2.94,0.08,7.63,9.99,7.23,1.95,7.8,9.84,0.72,63.443
0.89,0.58,2.45,9.88,7.94,8.1,3.24,8.36,4.34,4.79,9.16,1.6,94.760
9.81,8.94,2.71,2.58,0.08,7.57,4.09,9.49,0.84,8.72,8.58,5.96,84.103
9.56,5.88,1.87,8.5,4.09,9.98,5.94,1.98,9.63,5.73,3.69,0.14,147.104
9.24,0.52,8.03,3.62,4.0,2.86,5.78,1.02,5.96,6.18,7.87,1.25,100.748
0.5,3.17,3.51,6.36,1.24,5.41,5.14,9.58,2.05,7.65,2.4,4.56,64.340
7.93,7.81,2.61,1.74,6.92,6.85,7.73,6.95,2.52,2.85,5.86,0.1,130.181
7.84,2.04,8.1,3.05,9.37,7.87,7.16,0.56,1.59,4.93,7.62,0.73,169.411
2.41,6.54,4.52,8.96,9.31,4.75,3.9,0.68,9.71,9.8,0.25,7.09,116.099
8.9,1.51,8.2,2.35,5.76,9.71,9.58,2.34,1.32,4.72,2.43,2.31,160.485
7.78,9.27,0.23,7.91,7.38,8.76,5.67,0.67,5.31,8.88,6.64,5.72,125.661
7.42,6.3,2.46,4.73,8.85,7.54,4.41,6.61,7.31,3.65,4.69,9.11,104.248
3.57,2.81,9.23,4.14,2.56,2.06,1.77,6.27,3.65,1.34,8.36,4.24,95.084
8.86,3.95,5.1,3.24,7.43,5.25,9.98,8.92,2.06,7.8,9.27,2.5,83.469
8.72,1.46,2.37,0.48,8.12,5.43,1.22,9.48,6.93,7.8,3.25,8.57,71.356
5.95,8.3,5.53,8.45,9.25,9.69,2.85,3.25,6.45,7.0,6.63,5.02,151.186
1.84,7.85,2.26,2.52,0.21,9.95,5.97,7.22,1.3,1.76,1.12,9.7,90.986
2.14,5.52,8.1,8.24,9.15,3.03,9.65,3.06,9.54,9.52,8.47,3.15,83.383
6.77,6.3,4.83,9.54,0.66,4.58,7.93,9.43,9.44,6.8,7.51,1.1,77.422
8.83,5.0,9.43,3.99,2.5,4.77,4.94,4.45,9.23,7.55,7.42,4.53,90.556
7.86,5.22,7.13,9.55,6.86,7.24,1.78,6.6,0.2,6.07,8.53,8.03,140.532
0.49,9.84,3.12,9.12,6.59,8.71,4.19,4.22,6.75,1.37,8.1,4.1,131.813
9.62,0.74,9.35,6.65,5.83,0.6,6.62,8.91,0.93,8.66,7.77,3.69,89.639
2.54,3.53,5.63,1.7,7.7,8.59,9.9,9.92,3.21,4.37,2.09,8.03,79.131
1.86,9.11,0.7,8.85,6.42,6.89,1.78,2.88,7.12,7.82,8.69,5.9,98.947
7.82,8.44,4.67,2.82,5.61,1.11,3.99,6.79,8.29,4.08,2.95,7.57,90.496
5.86,3.69,6.94,8.18,3.67,0.37,0.53,9.0,4.58,5.92,8.82,7.69,78.571
4.93,8.53,3.69,3.55,6.94,3.1,6.82,1.51,9.41,3.72,0.76,6.78,106.000
1.77,6.01,0.38,1.51,2.79,2.51,3.85,9.67,7.71,1.36,3.71,2.38,52.197
5.71,3.38,6.56,6.74,1.0,0.76,5.59,6.2,4.16,7.23,2.15,2.95,85.396
7.28,0.54,6.84,2.23,9.12,0.84,3.67,0.24,7.31,7.34,7.26,8.88,77.378
1.5,1.8,7.37,3.85,9.53,9.11,9.98,5.27,3.47,1.71,2.22,4.54,121.957
2.39,5.66,5.14,8.57,1.74,0.52,2.02,3.51,9.74,6.32,1.04,9.25,75.345
5.3,9.32,2.19,1.91,4.93,6.58,2.25,4.99,1.59,6.33,7.84,7.2,100.099
8.67,7.21,7.39,6.22,7.73,2.09,2.2,1.24,4.65,5.39,2.1,2.79,213.990
1.98,5.81,8.13,0.69,6.7,6.2,5.84,6.88,3.68,2.32,1.92,8.02,102.966
4.57,2.35,5.17,2.83,0.01,2.11,0.46,0.2,3.3,7.12,0.46,3.77,111.300
9.32,5.08,1.04,2.86,3.02,4.48,1.25,6.07,9.53,9.15,7.14,2.52,72.350
0.88,9.64,6.53,3.3,8.76,9.33,0.38,1.17,7.62,4.96,7.82,0.64,170.164
9.67,7.96,7.31,7.65,4.57,7.4,2.17,0.36,3.91,8.81,9.94,5.7,144.254
9.79,3.61,8.13,8.41,7.65,0.75,5.91,8.9,6.57,9.23,4.69,9.41,85.753
7.33,2.71,2.62,7.47,4.69,8.99,2.19,8.51,8.15,2.64,5.07,5.9,104.159
1.11,0.34,3.58,9.73,7.57,6.21,7.23,9.37,6.25,1.55,4.93,2.16,90.632
5.32,5.11,4.19,2.51,2.85,8.62,1.14,3.13,5.82,2.91,4.9,8.79,107.156
6.46,5.76,5.15,5.63,3.91,0.96,3.36,0.06,2.41,6.61,9.99,5.94,98.238
4.1,7.87,7.5,4.81,5.17,1.53,1.5,2.69,7.55,6.76,9.66,8.14,85.344
1.66,7.9,8.95,5.9,9.81,7.93,8.6,7.79,2.43,9.14,3.84,9.96,100.934
5.24,7.87,1.12,7.06,7.8,0.21,7.35,1.1,6.81,0.21,8.64,4.01,104.196
0.03,1.69,3.34,2.82,2.06,6.39,7.35,6.08,4.16,8.42,4.79,5.65,44.801
9.57,1.09,4.92,8.77,1.35,3.35,9.75,0.37,5.4,4.35,8.1,6.24,84.917
9.58,7.85,4.93,1.78,8.82,0.49,9.37,8.0,8.12,3.6,5.98,0.75,93.384
3.31,9.84,0.19,6.86,5.77,2.13,3.92,8.19,3.63,6.63,5.45,3.38,90.064
0.58,1.78,1.24,5.75,3.48,3.15,5.33,3.97,8.67,2.92,1.47,8.82,51.251
6.16,7.2,2.03,5.09,0.77,5.49,7.06,8.37,6.44,3.62,5.65,0.53,84.433
1.33,3.72,0.67,9.01,4.39,2.84,8.49,8.93,1.35,9.71,5.34,0.1,64.741
3.88,8.16,8.69,9.52,5.92,2.03,1.47,4.36,3.7,6.41,1.27,5.3,169.702
1.92,7.27,4.74,4.5,9.26,7.11,8.67,3.89,9.81,8.43,3.16,6.19,86.675
8.42,8.8,9.23,8.29,7.22,5.01,2.99,4.69,5.61,6.72,0.33,0.37,226.799
4.6,3.76,6.83,4.28,8.96,8.6,2.66,1.29,4.7,3.08,5.48,5.1,165.979
0.93,9.33,0.57,4.61,1.72,2.45,0.67,1.07,5.61,5.56,1.03,6.92,94.008
7.6,1.99,5.85,5.16,9.73,5.9,2.95,9.02,6.02,2.33,7.99,8.52,98.371
0.95,0.42,3.56,8.18,9.45,9.65,7.92,7.73,8.61,8.53,3.15,9.53,70.838
8.48,4.42,5.29,4.46,2.73,6.81,1.14,5.56,3.65,7.67,6.85,2.19,118.958
8.04,5.39,4.57,9.63,2.11,5.7,9.21,9.47,5.57,1.4,7.52,8.17,85.728
0.07,6.96,2.84,9.98,6.32,7.04,9.93,7.6,6.89,2.23,4.4,6.7,87.974
7.02,0.04,2.75,6.55,0.18,8.08,7.53,0.63,1.99,4.54,1.13,0.76,148.492
0.27,3.62,7.47,9.98,6.99,7.29,5.05,1.23,4.69,6.75,5.54,1.91,141.518
9.25,5.79,9.44,3.7,3.93,5.99,3.94,5.94,3.6,8.97,8.66,4.65,106.544
8.19,6.0,9.32,4.15,6.2,3.62,4.39,2.65,0.83,4.29,3.87,4.56,182.030
7.98,7.58,6.2,8.76,8.51,8.89,0.23,6.32,2.26,2.18,5.25,2.85,251.021
8.47,8.09,6.46,5.24,4.96,1.45,7.62,6.87,7.35,3.03,2.62,7.24,99.827
9.68,4.62,7.7,9.72,8.82,0.88,2.08,6.09,9.54,2.85,8.69,2.99,128.474
1.36,3.34,8.91,5.89,8.76,2.78,9.49,6.32,6.15,7.49,6.08,6.66,73.572
5.41,3.73,6.07,4.94,9.16,3.22,9.0,3.74,7.54,8.56,3.6,1.88,94.784
8.2,9.04,1.52,5.03,7.15,2.05,7.33,5.85,3.47,0.44,6.83,2.96,122.731
8.51,3.17,8.18,4.6,0.9,2.85,5.63,7.21,2.99,5.88,2.76,3.58,100.570
7.98,8.73,7.18,4.32,2.22,7.86,4.8,6.74,9.55,0.41,9.43,4.31,108.655
6.78,8.85,1.59,1.84,3.66,2.65,4.55,1.55,5.97,1.49,4.39,4.47,113.158
8.5,9.84,9.6,4.6,9.66,2.38,1.2,1.32,0.77,1.77,9.41,2.82,257.837
0.51,0.73,1.9,9.21,9.97,7.07,0.67,2.3,0.11,7.59,0.57,3.62,197.779
7.18,6.77,7.23,5.05,7.7,9.51,6.98,3.26,7.73,8.54,8.75,7.0,102.792
4.36,6.63,7.07,8.15,8.59,7.54,4.03,9.34,8.07,7.27,5.28,8.77,99.018
7.76,0.83,2.6,6.91,6.19,2.88,0.1,2.52,8.74,2.86,2.76,3.86,130.374
3.85,2.14,0.14,9.63,6.55,9.51,3.34,0.77,8.76,8.55,0.4,7.24,109.498
7.12,5.9,10.0,2.0,7.03,5.78,2.31,0.37,5.27,4.12,3.16,3.91,197.649
5.27,5.14,2.08,8.7,4.11,5.68,0.42,8.79,4.61,1.7,9.69,7.17,95.676
2.58,0.3,8.09,3.95,4.59,9.23,8.99,3.57,9.11,5.33,9.87,3.41,71.351
9.89,0.7,0.72,7.68,1.27,4.25,7.51,6.14,2.82,3.32,0.7,3.72,101.239
8.6,9.96,3.12,3.13,7.65,8.05,3.12,3.09,6.02,8.48,1.68,3.99,153.563
3.25,8.4,6.88,9.61,7.85,8.7,8.77,5.39,8.6,8.6,3.46,6.76,107.480
7.12,6.16,0.28,6.97,1.16,9.04,1.69,4.78,5.06,4.28,0.26,1.72,172.737
6.69,2.37,3.77,7.19,6.72,6.04,1.63,6.99,8.56,3.3,4.99,1.92,119.679
7.81,6.15,0.46,7.81,3.23,6.82,6.93,4.92,1.95,4.01,8.08,7.9,95.531
0.08,4.05,1.22,2.47,4.8,7.61,1.59,9.09,7.3,9.24,6.18,2.91,55.715
5.69,8.36,0.89,6.99,4.14,1.5,4.49,6.3,3.03,2.76,0.71,5.68,120.026
2.41,0.24,6.25,9.46,1.89,3.53,2.77,6.22,9.32,0.82,8.79,2.31,78.664
0.53,2.95,5.74,9.66,1.72,0.59,1.35,9.67,9.99,3.24,0.97,6.17,67.506
5.78,6.36,0.19,3.13,3.0,8.47,1.14,4.11,1.62,1.75,0.5,0.39,283.176
8.31,2.16,5.07,9.46,8.93,6.85,6.22,4.43,1.54,0.92,2.94,3.71,206.377
7.26,3.43,5.55,6.09,7.66,5.62,7.51,9.18,7.65,3.02,8.44,7.82,81.637
2.42,3.0,8.8,3.62,5.49,3.11,9.81,2.62,7.03,7.07,9.09,2.32,69.689
7.63,4.19,6.86,9.9,8.4,5.21,2.62,4.92,3.47,8.26,5.71,7.45,130.096
6.43,7.28,4.74,7.86,9.63,1.86,1.89,6.53,0.16,1.16,1.73,9.96,176.388
8.47,5.35,4.27,7.13,5.71,5.64,3.35,0.95,7.04,1.71,0.45,3.49,215.244
2.06,5.4,1.5,5.75,8.73,6.21,9.83,5.53,9.24,3.75,0.82,5.37,85.843
2.21,8.16,0.34,5.43,1.12,9.7,1.38,9.83,3.68,1.14,3.44,5.01,110.131
2.0,9.57,6.14,2.98,0.59,5.75,7.87,2.21,0.7,5.14,6.41,5.05,98.722
2.75,7.51,6.53,6.86,5.07,1.06,8.05,1.92,0.1,4.56,2.35,0.52,170.171
8.38,1.5,0.45,6.49,4.75,8.03,8.83,4.05,8.33,8.93,9.48,0.82,73.195
2.27,5.42,6.1,8.14,5.48,8.89,3.1,1.62,3.44,5.67,4.49,3.55,165.981
7.63,2.24,8.71,6.66,9.57,4.7,0.02,6.98,3.49,7.73,3.6,1.83,167.061
8.59,7.38,5.19,5.73,9.84,2.82,9.54,9.77,5.35,1.67,3.7,5.51,111.283
3.29,0.87,7.42,0.69,9.77,3.3,8.82,0.75,9.24,8.07,4.94,3.26,72.235
5.84,5.35,2.59,2.08,6.97,0.62,2.53,7.55,4.12,8.14,6.23,9.26,61.988
5.54,1.01,7.26,5.87,4.16,0.52,8.9,5.63,0.36,4.05,2.22,6.35,88.550
7.63,1.82,7.15,9.44,0.55,8.76,2.72,5.04,3.89,6.76,0.07,3.97,157.461
5.14,9.08,3.16,8.27,2.5,6.65,3.97,2.0,0.72,7.4,0.18,8.36,153.778
1.89,1.38,6.84,0.46,9.12,7.01,8.41,0.28,2.05,4.03,1.32,0.31,162.805
4.74,6.55,4.71,3.28,2.19,0.79,3.52,3.49,2.87,9.37,6.81,4.65,72.485
8.18,6.86,1.42,8.59,8.97,0.94,2.99,5.2,1.35,6.98,3.79,0.14,170.954
8.12,2.26,4.27,5.9,5.09,2.38,6.14,3.58,2.84,7.73,7.44,1.03,97.427
3.56,2.2,7.53,9.49,8.23,1.93,8.37,8.54,4.54,6.73,9.97,8.45,70.687
4.26,6.74,5.3,7.64,0.2,4.57,2.9,6.9,9.25,7.15,1.48,2.32,95.700
4.7,5.08,7.09,5.26,7.57,9.54,8.39,5.05,0.76,2.49,7.43,3.32,143.003
6.08,6.2,9.84,1.41,4.32,1.29,6.57,2.94,7.54,1.09,0.99,6.2,115.041
2.49,3.14,1.77,0.97,6.28,9.18,7.92,7.39,3.22,1.83,9.53,6.29,65.865
6.35,7.43,8.35,8.77,5.02,7.69,1.51,0.63,0.27,7.9,6.99,7.74,174.161
3.7,4.47,0.79,1.2,4.5,2.06,7.83,6.4,1.2,0.89,8.73,0.47,65.517
4.57,6.95,3.09,3.08,0.51,4.47,4.53,7.97,6.25,0.03,4.1,6.26,77.797
1.58,9.73,9.27,4.09,1.92,0.1,4.96,2.86,6.2,2.12,3.0,0.34,137.012
3.72,4.3,7.33,2.47,9.78,6.37,1.35,9.61,5.15,7.43,9.64,8.26,81.974
2.72,9.52,1.9,3.73,4.32,7.09,8.71,9.99,9.6,0.6,4.99,4.52,76.230
1.36,8.24,5.64,0.04,0.84,2.43,3.79,4.75,6.99,8.16,0.69,0.31,75.132
2.62,5.21,2.89,6.89,3.82,6.57,3.94,6.83,7.74,1.39,3.99,7.13,90.264
9.89,3.99,6.46,5.84,2.83,0.84,2.87,6.95,2.67,7.85,8.57,7.52,81.938
8.89,5.94,4.79,9.35,1.16,8.01,0.67,9.07,8.69,7.55,2.73,3.18,119.599
2.23,8.57,3.16,3.39,3.04,1.02,0.74,4.78,1.69,4.7,8.64,0.86,100.000
1.49,7.15,9.63,4.42,4.9,3.26,5.58,4.88,2.82,6.05,3.84,6.45,104.153
0.64,9.92,3.7,4.35,1.11,5.99,4.98,6.44,3.53,1.28,6.91,5.98,88.290
0.28,2.83,7.6,0.82,6.58,8.34,3.97,4.14,2.83,3.43,7.77,7.04,90.644
5.34,3.92,7.83,5.37,3.38,6.71,1.37,8.22,8.22,8.65,2.95,9.06,84.611
6.95,1.21,3.57,1.38,6.2,7.77,6.55,7.39,7.93,3.41,6.55,6.46,70.723
9.63,2.15,1.32,0.83,3.55,9.14,7.33,1.66,2.67,5.67,4.81,2.65,107.382
6.79,3.4,9.27,7.67,6.52,1.0,8.09,7.01,4.01,3.46,0.99,3.48,128.143
7.51,9.48,3.21,6.12,3.46,2.27,7.27,0.15,9.98,6.36,8.81,4.1,87.401
9.28,7.37,7.27,4.02,1.48,5.99,7.73,1.61,4.64,5.73,1.88,2.41,147.542
6.31,4.71,1.76,1.15,2.27,6.07,0.52,5.86,6.64,2.88,9.21,0.79,85.985
6.04,6.89,6.35,4.55,7.13,8.57,2.95,2.56,8.49,0.54,6.83,6.97,139.485
0.19,3.48,6.11,2.55,7.55,2.23,5.59,2.33,9.5,3.88,1.93,0.71,92.356
0.34,0.62,4.02,3.31,2.52,7.99,3.28,6.73,5.72,1.86,7.61,7.43,57.616
1.2,3.63,8.11,2.96,0.33,5.34,5.46,5.96,3.38,5.07,1.81,5.54,79.243
4.64,6.15,7.18,2.05,8.22,1.2,0.55,1.19,2.93,1.22,3.42,3.69,226.462
8.99,2.03,8.46,2.35,6.65,0.54,0.58,5.29,9.55,7.92,2.62,9.96,80.791
0.45,1.81,8.3,8.6,0.4,8.41,2.83,0.64,3.61,1.62,4.07,2.35,184.987
8.34,1.68,2.18,0.21,0.11,5.89,6.7,3.41,0.25,4.47,2.25,5.26,82.408
5.29,7.09,5.07,5.72,0.66,5.41,0.76,7.62,3.54,5.92,7.75,1.11,109.513
2.98,6.4,4.14,9.21,9.24,9.07,3.68,3.31,4.52,3.68,0.7,9.21,163.506
3.38,7.48,0.66,0.51,9.9,5.71,8.42,3.44,0.02,5.09,7.94,5.12,92.041
4.46,9.41,7.33,6.47,2.84,2.75,2.61,1.04,4.41,6.32,5.7,2.37,148.151
9.22,7.03,6.21,4.54,3.71,7.0,7.66,9.2,9.24,8.81,7.14,8.1,75.194
4.24,1.51,7.2,8.38,9.44,8.07,4.13,5.4,1.77,9.54,1.44,2.91,154.188
1.71,9.72,2.09,2.13,5.03,1.78,1.69,9.25,4.13,2.18,5.44,4.58,82.362
3.6,1.29,6.76,9.65,3.89,4.12,9.51,9.95,0.67,9.46,3.46,0.33,87.807
9.86,9.36,0.01,8.36,5.37,2.18,4.68,7.01,8.5,0.81,1.97,3.84,131.070
9.68,0.51,1.71,5.58,9.51,3.25,5.77,6.38,6.23,0.37,6.32,3.69,105.146
3.53,7.43,6.4,7.71,6.93,9.2,9.55,0.16,3.05,1.19,9.14,2.49,161.063
6.37,0.29,5.45,6.71,5.84,0.81,4.94,4.26,8.97,3.12,6.1,9.85,68.394
3.29,3.64,9.01,9.41,4.78,3.31,2.06,0.92,4.51,6.46,8.01,1.06,145.265
1.04,9.0,0.02,1.64,2.49,8.49,5.86,4.39,7.88,3.4,5.88,9.11,62.103
7.15,5.52,8.15,1.4,8.71,1.68,0.47,3.25,2.35,0.7,3.78,8.77,168.789
8.21,9.0,4.84,9.82,2.11,2.73,6.35,3.27,8.73,4.21,4.13,1.53,130.085
3.69,6.94,4.96,10.0,9.71,8.07,5.69,6.2,8.04,7.62,3.25,9.15,108.561
7.16,4.47,1.3,5.75,1.87,9.83,3.97,6.55,1.86,2.33,9.95,2.5,111.856
4.12,7.15,9.54,6.9,9.52,5.16,2.54,3.91,0.47,9.27,1.98,3.34,197.071
8.53,5.79,4.02,4.9,9.11,5.62,6.98,6.64,8.44,5.45,7.8,4.56,95.235
6.21,6.77,3.97,0.9,2.42,9.28,4.78,4.84,8.38,2.18,2.46,8.57,94.681
5.54,1.12,7.03,8.64,9.29,9.14,1.19,0.73,1.12,2.2,5.15,9.56,204.311
0.68,0.55,2.91,9.51,7.01,6.68,5.26,8.39,2.94,2.88,0.03,0.42,137.249
5.75,2.65,5.85,2.8,7.58,9.26,9.86,1.04,2.86,9.07,5.37,0.63,117.551
9.36,4.75,1.15,2.55,7.97,3.65,5.18,8.67,2.33,0.59,9.97,3.62,96.937
7.5,2.29,4.87,6.86,4.56,3.03,5.29,5.31,4.99,7.78,4.58,0.95,100.727
7.91,3.94,9.61,9.09,7.92,5.9,1.62,1.9,6.34,6.79,4.69,3.69,177.267
2.76,0.96,5.65,5.5,0.16,3.63,0.93,2.83,1.96,7.72,6.76,1.83,84.703
1.09,8.0,1.24,6.76,0.06,0.03,0.84,1.28,5.35,1.2,8.39,3.56,83.317
4.89,7.33,1.82,8.71,5.03,5.18,7.16,3.73,6.45,6.83,9.38,3.96,87.870
6.06,3.38,8.68,8.25,0.55,7.62,5.76,7.77,5.42,4.33,0.98,4.67,119.392
1.88,1.12,5.16,8.29,0.24,8.31,6.93,1.11,1.27,0.21,0.39,5.38,163.506
6.5,4.17,5.79,6.61,2.66,6.55,5.85,0.21,2.74,3.38,1.15,9.19,143.339
7.92,4.51,1.27,1.42,3.13,7.38,8.93,2.12,1.01,7.51,4.4,8.53,78.862
7.55,6.59,9.75,5.31,4.29,8.03,9.24,1.84,4.83,3.44,1.51,2.61,176.907
2.18,5.76,2.23,2.27,3.3,0.85,6.18,3.02,6.94,6.82,4.21,0.01,61.038
4.09,0.07,8.64,0.68,9.01,5.68,1.61,2.85,2.1,8.7,1.24,1.14,159.694
9.98,3.2,5.52,8.53,5.34,5.47,9.88,7.52,3.85,2.72,9.66,6.91,93.833
5.08,0.62,9.09,4.09,3.75,6.63,6.9,9.38,1.0,6.32,4.25,9.27,78.825
3.9,2.69,6.9,6.5,4.21,9.93,5.56,7.48,7.11,6.75,9.92,5.43,80.781
5.25,8.78,7.27,8.04,6.24,4.94,6.23,8.07,5.92,0.76,7.14,8.18,111.625
2.74,2.92,4.09,3.85,3.52,6.26,0.77,7.32,2.84,2.72,6.24,2.33,105.221
9.52,2.37,5.33,0.68,5.74,6.74,0.99,2.47,4.11,4.3,8.53,1.99,135.686
9.3,6.93,6.7,9.03,5.8,7.35,6.02,9.93,1.45,8.79,0.45,7.27,133.029
9.11,4.87,1.85,4.22,4.48,9.5,5.98,6.43,9.32,7.71,6.19,9.2,75.909
6.77,8.53,6.16,1.29,8.43,7.13,0.7,3.72,8.63,2.74,7.73,9.83,114.873
1.48,8.87,2.47,1.85,6.54,4.68,8.55,4.14,7.14,2.2,3.95,8.55,74.978
5.78,7.22,9.01,1.56,6.06,6.88,9.1,3.78,6.18,9.84,6.55,5.65,88.832
4.32,6.25,8.97,6.46,8.62,1.51,0.25,2.19,6.3,0.32,5.21,2.75,212.280
7.99,8.23,2.81,6.23,9.24,0.94,5.35,0.79,1.93,0.04,4.42,4.46,208.593
2.5,8.25,9.07,7.1,0.61,9.15,6.15,8.44,2.61,8.89,4.45,4.88,103.557
8.89,6.35,7.88,1.55,5.53,6.27,7.08,0.9,4.56,0.4,5.92,5.19,151.642
8.51,4.06,1.19,9.58,9.16,5.01,0.72,0.08,0.11,1.41,6.1,3.05,327.027
9.39,8.43,6.82,2.51,7.2,2.04,8.03,4.86,3.53,5.09,8.23,8.85,94.299
7.47,7.15,8.41,3.69,6.92,4.7,9.91,3.03,8.38,4.74,1.73,1.92,129.047
7.33,3.23,0.94,8.0,5.04,3.3,2.97,6.24,8.05,9.14,3.77,9.65,69.915
5.54,4.12,7.28,5.22,3.01,6.74,0.83,5.93,8.18,8.95,9.39,0.35,94.886
3.51,0.86,6.25,2.04,9.58,9.05,5.08,2.98,1.77,4.56,2.27,1.69,170.518
1.0,1.61,4.0,0.82,0.55,1.37,9.02,6.34,1.04,3.56,2.3,5.65,33.501
0.86,3.19,6.53,2.13,6.84,1.18,2.45,2.12,0.46,4.43,9.59,7.11,79.243
7.28,9.1,4.79,0.78,3.2,8.94,6.32,2.72,7.69,5.0,5.47,6.04,102.557
7.07,7.21,8.26,9.4,0.64,5.32,2.03,0.63,7.27,8.02,6.44,0.69,151.116
0.35,2.45,2.11,9.83,4.48,4.06,5.52,8.55,9.33,9.27,6.48,9.05,48.299
9.12,1.32,7.51,7.55,3.39,9.33,0.01,9.47,7.39,1.76,9.63,4.78,115.678
7.04,8.27,1.94,1.48,3.17,6.2,9.22,0.14,3.91,8.97,6.54,8.64,75.094
2.8,0.35,4.59,3.64,1.92,3.81,2.85,1.26,3.66,3.0,4.08,2.35,99.477
8.91,2.8,1.81,3.87,6.19,4.69,6.67,3.26,6.56,0.87,9.38,3.52,93.424
1.85,1.87,1.45,0.71,8.38,2.76,7.28,3.36,1.23,5.05,2.14,2.49,78.979
4.79,4.15,6.45,9.51,5.32,0.02,5.73,4.67,5.88,5.02,8.22,5.83,85.545
2.28,7.7,8.86,1.69,0.95,4.68,7.81,9.59,5.9,8.84,6.01,4.58,61.222
6.43,5.22,9.07,2.12,4.19,8.31,9.96,8.57,8.1,5.64,2.71,1.31,97.382
0.19,1.97,3.71,7.75,8.36,2.31,0.8,1.36,9.86,4.6,8.61,5.0,80.351
6.03,0.37,1.46,4.63,4.27,9.55,7.18,1.62,3.33,7.84,8.49,0.39,91.196
7.45,0.74,7.23,5.8,9.33,2.71,7.71,2.45,9.53,6.09,4.58,8.05,86.592
8.54,1.52,6.69,2.24,9.69,3.3,6.6,0.87,2.41,6.37,3.5,9.87,107.968
3.81,1.73,4.11,3.61,3.5,9.3,8.43,7.78,5.66,3.35,5.99,9.42,64.140
4.83,3.15,7.95,4.48,1.4,9.15,7.12,7.15,1.27,9.34,8.06,2.82,86.577
5.53,2.14,8.27,1.64,1.18,9.83,1.72,3.14,2.76,7.35,9.98,3.34,101.060
8.75,9.41,5.72,3.43,1.73,7.62,0.74,8.44,1.59,5.88,8.77,5.64,118.030
8.37,9.76,7.67,7.48,1.31,2.52,0.17,6.95,1.34,3.24,7.99,8.44,131.923
0.16,9.97,5.56,2.77,2.16,5.63,4.88,6.06,7.18,1.73,2.47,6.09,92.397
2.51,5.99,3.54,9.03,7.97,7.73,9.94,0.21,0.5,4.95,8.82,2.41,137.048
1.91,9.21,2.46,1.37,1.5,1.97,6.89,1.55,1.82,9.26,9.62,9.54,47.622
4.48,6.53,9.54,7.06,9.84,2.07,9.79,2.58,4.61,9.96,3.41,6.63,106.869
5.36,4.35,7.78,6.35,6.68,2.17,6.57,3.99,2.09,0.6,5.42,0.08,174.347
2.04,2.78,6.32,5.39,4.23,1.84,3.77,6.44,3.01,6.86,2.92,7.88,73.187
5.53,5.95,6.77,6.62,3.43,6.41,4.71,4.14,8.1,8.87,7.99,3.27,93.608
5.07,2.36,3.87,2.67,9.33,3.78,8.24,2.55,7.53,0.05,5.4,0.71,110.621
9.71,0.99,3.33,9.08,5.22,8.91,4.63,5.07,5.65,2.73,6.3,3.18,135.123
7.12,6.05,3.11,5.67,3.66,9.02,5.37,4.63,2.98,6.66,7.07,5.18,108.592
7.76,1.29,1.46,1.01,1.5,0.64,1.42,1.62,3.07,0.1,2.25,0.58,151.106
2.02,9.43,9.64,5.7,6.22,7.56,0.61,2.7,9.7,5.12,3.94,8.56,132.452
1.21,5.36,5.58,3.19,7.2,0.53,6.7,7.84,5.33,4.61,2.94,0.78,81.809
1.25,5.36,9.57,7.31,3.85,2.14,6.79,8.36,0.81,7.27,0.76,0.76,119.111
0.59,3.9,2.24,2.84,0.74,2.0,1.6,3.22,1.42,8.55,3.8,7.51,47.165
1.93,1.28,4.35,2.47,3.24,4.37,0.08,1.93,0.74,4.96,4.08,3.55,114.993
8.21,0.81,0.1,5.29,4.38,8.77,3.08,8.87,1.33,4.86,3.94,6.32,97.042
2.07,6.22,0.34,4.42,7.82,1.52,1.3,4.42,4.79,5.05,5.35,0.36,105.266
5.79,9.71,6.15,9.4,6.01,8.87,3.01,8.64,3.19,6.81,1.44,2.17,181.829
0.62,7.02,0.27,8.86,4.32,0.09,5.47,0.62,7.43,3.49,6.07,8.4,67.281
2.62,7.56,0.72,3.63,9.98,5.9,1.01,3.54,0.23,0.18,2.77,7.18,203.957
3.44,1.13,2.08,7.29,4.61,7.6,1.37,8.89,6.86,0.43,3.16,5.61,99.354
0.63,7.06,5.62,3.59,7.43,6.11,3.99,9.4,4.24,4.46,0.29,5.98,107.334
1.94,5.03,4.54,1.61,0.02,2.03,0.18,2.94,0.05,4.64,7.75,6.51,68.736
6.07,9.47,8.88,4.25,0.95,0.83,1.31,9.82,6.22,5.85,2.77,0.44,115.297
8.8,6.99,4.54,8.1,8.64,2.1,2.96,5.37,6.88,3.36,2.92,9.85,124.984
6.15,6.25,8.89,5.75,5.05,1.15,0.51,5.87,4.84,8.33,5.46,5.28,109.739
5.91,1.45,2.36,2.59,6.15,7.55,0.39,5.66,9.43,3.37,3.21,6.44,91.263
2.72,1.99,0.15,0.94,8.13,6.15,6.23,2.67,4.57,2.2,0.47,9.43,78.530
7.76,3.23,0.42,6.08,5.94,0.76,7.85,4.89,5.9,4.1,7.37,7.16,64.905
5.43,7.84,8.86,6.22,7.39,7.06,5.04,7.91,5.52,0.32,9.55,6.57,122.601
5.28,3.84,5.09,1.07,5.6,3.26,1.89,9.04,8.88,7.16,3.71,0.21,78.148
7.18,4.85,0.98,8.16,4.76,5.83,8.05,8.39,5.32,4.34,3.22,6.32,89.113
9.58,6.75,5.32,6.94,4.44,1.89,8.89,4.01,3.35,4.45,5.19,8.1,102.736
6.52,5.76,5.52,7.76,9.15,3.24,7.5,9.38,4.26,7.63,4.76,6.64,94.473
3.52,9.27,6.5,1.04,7.76,2.33,6.07,8.62,0.33,9.23,2.08,4.67,98.129
1.76,3.2,1.05,2.94,2.49,5.28,5.25,2.13,5.71,4.51,7.52,2.92,59.629
1.06,1.46,5.75,1.86,8.46,4.96,8.62,5.79,5.46,6.65,7.61,1.04,66.960
5.48,5.75,9.01,7.31,4.64,1.44,7.65,9.3,6.37,1.17,1.65,6.11,104.279
4.8,0.68,4.56,5.69,7.25,5.25,9.56,8.38,9.51,9.09,6.71,8.55,54.498
3.8,3.44,6.99,4.75,0.06,2.62,9.49,1.99,5.52,4.84,3.1,0.84,84.019
2.92,1.26,6.19,0.05,5.57,5.02,2.4,4.82,2.56,5.03,9.96,1.03,81.434
1.83,0.18,0.13,5.42,4.09,5.8,9.98,7.36,2.15,4.57,3.09,4.28,55.520
1.28,5.84,8.92,4.86,6.43,4.35,7.49,6.96,5.0,8.92,5.19,3.6,85.253
2.78,8.83,9.28,3.11,3.43,1.03,9.88,8.3,9.45,2.73,7.38,4.87,66.792
9.43,9.71,0.78,4.48,8.55,9.63,0.98,2.98,3.92,0.05,8.76,6.28,185.372
0.89,8.6,9.03,1.7,2.46,2.89,9.97,0.91,3.15,7.62,3.1,9.09,75.561
4.62,8.24,6.61,2.85,7.36,7.96,1.36,3.23,2.03,3.25,1.21,9.9,179.409
4.79,1.59,5.53,3.36,7.86,4.62,7.59,1.32,0.55,4.07,9.11,6.09,96.589
2.85,7.39,0.56,0.9,3.34,3.86,3.19,2.1,1.14,0.16,8.49,3.96,99.265
9.55,6.93,7.63,8.38,7.12,6.13,1.51,6.43,9.77,4.28,5.57,0.87,160.886
4.64,4.07,9.54,1.41,3.34,8.58,1.07,5.97,0.89,0.14,3.49,6.62,173.707
7.54,9.36,0.35,9.71,6.56,1.56,1.65,9.12,3.53,9.99,9.87,2.69,95.197
8.51,8.53,4.8,0.27,9.64,4.53,0.3,6.56,1.53,6.0,6.47,6.53,132.457
3.41,0.67,7.85,9.6,0.91,6.15,0.64,6.1,4.67,9.7,1.1,3.22,112.426
4.23,1.17,6.18,2.46,6.02,1.73,1.87,7.2,3.43,0.69,1.24,7.26,100.461
9.35,5.72,7.72,3.99,9.28,6.41,7.19,3.21,3.4,8.46,1.85,2.61,158.945
3.77,3.23,0.24,3.28,6.89,5.03,7.63,7.73,8.16,6.85,8.89,5.86,49.734
8.63,9.37,2.67,6.47,1.16,9.32,6.42,7.15,6.9,5.82,7.66,8.64,88.331
6.34,4.67,2.86,1.59,1.56,4.43,7.89,6.18,2.93,0.76,9.94,0.34,76.498
0.78,5.6,5.35,0.75,4.41,1.19,5.82,8.45,6.49,6.57,9.44,0.26,48.825
8.04,4.84,5.43,1.11,8.62,0.64,9.68,7.59,1.61,0.68,9.01,6.8,81.086
6.58,4.2,6.03,4.59,9.42,9.92,3.95,3.26,0.73,6.32,7.34,8.2,136.711
8.65,4.47,3.86,5.89,9.47,5.26,2.28,0.55,8.9,2.88,8.75,5.12,132.022
4.45,1.1,5.98,6.12,5.96,9.07,3.07,4.69,6.34,6.1,0.46,7.57,115.763
3.84,2.03,9.35,5.88,3.72,7.22,3.26,5.62,1.53,2.96,2.68,2.0,177.507
0.31,0.2,6.96,8.28,9.48,2.6,4.22,4.12,1.02,7.98,8.82,5.58,87.681
4.47,1.28,4.25,4.79,1.82,4.59,2.66,7.26,2.92,9.73,4.07,8.76,59.887
4.87,1.32,7.1,3.17,7.39,7.09,7.09,4.58,3.72,3.91,0.9,8.85,106.506
6.99,2.52,9.67,7.0,8.93,9.76,7.84,2.6,9.93,0.22,3.07,4.54,159.113
9.3,7.13,6.59,8.07,2.65,4.5,5.91,1.35,2.55,7.28,6.03,9.05,118.869
5.03,4.59,6.08,6.84,8.25,4.1,8.81,3.03,2.95,9.61,0.86,1.82,128.840
7.95,3.88,8.03,4.47,0.24,4.08,3.2,0.66,2.69,2.96,9.97,0.88,140.717
8.78,2.28,3.02,3.51,4.03,1.15,4.43,0.78,6.12,5.48,2.89,8.13,81.818
4.94,0.24,4.71,4.64,1.9,0.49,7.83,5.77,9.89,6.75,0.37,5.71,46.586
2.87,5.55,4.34,9.44,0.83,2.85,4.59,3.21,4.27,1.81,0.7,9.08,109.383
3.03,7.52,2.94,8.37,2.76,8.81,0.42,8.07,1.68,1.54,8.96,7.76,117.587
8.4,2.0,8.1,3.62,8.09,6.23,4.04,7.92,9.55,0.63,4.63,5.71,112.192
2.89,2.32,5.6,5.72,1.1,6.86,7.02,5.13,3.32,5.15,4.55,4.14,83.555
1.93,0.03,5.78,4.77,6.22,9.58,4.78,8.66,4.13,9.5,5.04,4.63,77.055
8.04,6.15,3.89,4.29,9.38,0.11,5.83,1.33,1.65,8.58,2.15,2.6,143.902
7.69,7.15,3.33,8.73,9.12,7.22,9.44,6.6,6.26,4.42,2.32,8.11,116.393
9.0,1.65,6.49,3.15,6.58,4.43,3.74,4.43,5.14,1.93,6.41,1.8,133.475
9.41,8.01,9.05,0.14,9.85,1.57,4.87,5.18,4.57,4.49,3.33,4.6,140.643
9.17,3.64,2.65,6.35,2.17,8.11,3.83,2.03,4.85,2.52,0.46,9.14,140.561
3.93,9.49,5.65,3.07,3.3,2.06,0.78,4.79,7.02,6.85,1.42,9.9,89.402
1.21,9.98,2.58,2.5,9.48,3.38,9.99,3.7,6.65,1.73,8.48,8.92,73.803
0.91,2.35,5.68,7.19,6.88,1.45,6.27,0.92,2.91,5.98,6.37,8.01,80.302
9.24,7.85,4.99,4.04,8.36,9.13,6.03,9.99,1.63,2.45,6.24,8.64,124.671
0.29,6.18,5.69,4.92,0.28,4.82,8.0,5.92,6.9,1.85,6.86,3.74,66.667
6.31,9.65,5.88,0.72,2.22,9.63,5.49,6.56,1.11,6.28,8.44,7.14,98.258
3.05,7.12,7.91,3.42,8.42,3.14,5.1,3.86,8.81,3.84,0.51,2.47,134.445
7.16,1.05,6.63,2.64,2.57,8.67,6.28,1.64,2.33,0.45,7.63,5.98,118.141
0.52,5.13,5.73,6.63,7.56,2.11,2.38,9.3,8.1,2.35,1.93,0.78,111.433
1.89,8.52,3.41,1.77,1.82,9.04,7.84,4.38,7.82,4.6,8.36,0.54,78.861
5.23,7.54,2.65,1.76,8.14,1.03,7.91,1.09,2.6,4.18,3.94,1.64,123.361
2.96,7.49,2.47,4.43,7.02,7.02,8.07,1.77,4.99,6.29,5.37,4.63,100.868
5.63,9.93,8.32,1.07,0.41,5.62,1.5,5.87,7.62,1.15,5.5,6.99,108.208
7.41,6.55,2.64,3.56,7.07,5.41,2.38,5.93,5.35,2.52,3.38,8.94,114.526
2.95,5.97,9.38,0.23,4.6,1.31,7.28,1.01,7.53,0.44,0.91,6.16,104.758
2.28,9.87,1.79,7.92,8.69,7.89,7.97,1.9,0.14,7.18,5.33,0.42,167.568
5.91,5.42,7.91,8.17,9.27,2.53,5.3,0.64,9.42,1.27,1.03,5.23,171.298
3.05,5.06,3.47,9.14,3.34,7.32,0.96,8.42,6.31,8.91,5.08,1.76,99.809
5.72,4.41,6.89,3.7,4.9,5.59,4.15,6.9,0.42,3.46,5.81,9.19,104.277
4.33,9.38,6.28,0.16,7.84,7.5,6.58,1.11,1.84,0.22,4.38,3.26,204.083
2.19,1.63,8.44,3.92,3.92,8.14,0.9,2.96,7.41,6.51,0.05,5.84,119.307
3.43,1.26,1.45,5.71,8.59,6.79,7.26,4.33,2.84,2.6,4.65,5.02,101.985
6.13,5.02,9.86,3.88,4.71,5.26,9.95,4.69,9.79,9.28,5.71,7.43,74.408
5.89,8.54,4.8,6.46,6.44,7.77,1.61,4.23,9.37,9.5,9.58,7.08,96.447
4.77,9.14,6.67,5.41,1.23,8.88,7.54,7.6,8.73,6.69,9.33,4.78,80.815
0.82,4.94,2.33,2.85,3.28,3.71,1.38,6.76,9.3,4.11,1.4,9.69,54.933
6.88,7.16,3.81,1.22,7.16,7.16,6.18,5.74,6.77,0.1,9.3,7.09,94.912
0.94,2.88,4.53,5.58,7.41,0.67,2.08,6.82,7.66,4.09,6.89,7.87,62.158
8.14,2.85,1.25,3.97,5.83,2.04,1.11,9.95,9.08,5.58,7.06,8.84,57.857
5.06,6.43,5.3,3.48,8.86,3.92,5.88,7.91,3.72,3.72,5.09,3.3,111.580
8.5,2.63,9.82,4.09,5.13,6.7,1.1,5.57,9.97,5.57,1.48,6.19,123.394
2.97,4.73,2.06,2.53,8.33,4.48,5.09,1.83,6.17,6.97,2.32,5.28,90.745
7.24,5.12,4.02,9.23,8.81,9.84,1.36,5.35,1.4,8.26,6.08,5.82,156.562
7.99,6.02,1.08,4.07,4.07,3.56,1.4,9.41,7.86,0.17,4.89,2.04,103.958
1.86,5.0,2.46,1.21,9.1,4.44,0.39,9.17,0.93,2.83,5.81,7.43,90.625
8.83,5.84,0.33,7.27,4.28,6.22,0.58,6.63,0.41,4.04,6.99,4.69,140.403
8.6,7.03,9.73,4.77,3.09,6.9,2.34,1.64,0.74,3.19,6.32,0.74,268.003
4.72,4.14,5.18,1.67,5.98,5.1,1.73,4.76,5.14,1.39,4.85,8.19,102.801
9.5,2.19,0.21,7.25,8.92,9.92,1.2,4.83,2.5,9.79,3.31,9.64,121.490
4.85,4.49,6.0,1.86,6.81,6.49,6.95,0.4,2.35,5.19,1.75,0.81,174.785
6.12,4.89,3.38,4.62,8.54,3.1,2.0,3.52,4.47,8.57,8.03,2.18,106.535
8.04,4.7,5.95,1.78,4.19,2.58,8.26,7.99,5.67,5.62,8.25,3.42,69.472
2.01,5.25,1.01,4.46,3.37,1.32,6.88,1.15,8.03,5.98,4.89,1.49,61.295
5.33,4.58,4.83,9.59,4.44,6.47,5.99,4.23,7.57,7.19,9.81,8.67,81.086
6.23,8.73,4.65,2.99,0.57,1.46,2.12,0.31,9.1,9.46,8.17,6.48,69.108
1.57,7.28,6.06,6.07,2.77,9.57,6.13,6.72,2.31,3.4,6.5,0.96,128.055
0.87,0.05,7.55,0.44,0.74,4.12,0.61,9.66,2.33,4.58,9.16,1.81,48.917
9.84,7.33,1.34,5.92,7.91,8.07,9.55,0.88,3.14,2.41,0.19,2.88,212.126
9.83,4.27,4.77,2.61,5.07,2.99,7.52,3.66,4.39,9.42,6.61,0.57,91.825
6.76,1.89,2.31,5.85,1.24,5.42,9.44,3.56,5.55,3.2,2.97,1.49,89.546
8.7,3.91,0.93,0.78,6.83,8.6,2.9,4.68,0.86,2.62,4.78,6.17,135.166
5.65,6.68,3.73,4.59,0.83,0.58,0.16,5.75,7.25,5.94,4.91,6.24,72.926
1.91,9.97,1.65,8.41,2.88,0.87,7.46,1.36,7.63,2.7,2.81,7.55,87.055
6.59,7.96,4.24,6.97,2.31,6.69,8.2,2.31,9.65,0.31,9.03,5.08,100.521
0.31,7.26,1.31,4.91,7.69,3.94,8.11,9.24,9.39,9.99,9.22,5.02,49.872
4.19,0.98,4.99,0.01,2.37,2.76,5.5,7.71,6.67,1.28,8.82,3.79,45.306
2.62,8.71,3.86,2.48,7.02,1.83,2.46,5.15,8.72,5.42,7.04,5.63,77.048
0.38,5.5,0.55,2.42,1.54,3.23,8.94,4.09,7.19,6.78,2.03,7.67,37.112
8.36,1.79,2.24,8.64,5.54,1.08,6.89,7.84,5.58,4.15,1.9,3.82,91.617
4.15,4.57,1.46,0.99,3.17,2.42,2.9,4.66,1.56,6.46,4.59,0.61,80.654
0.85,7.12,1.85,8.93,5.23,3.93,8.95,6.55,1.17,7.8,1.68,2.87,96.175
4.55,5.96,3.28,5.65,0.58,4.99,9.12,9.56,9.33,3.1,9.53,9.39,49.990
8.13,2.88,0.2,7.48,1.01,5.81,6.39,6.03,7.89,0.36,7.36,6.7,73.452
6.06,4.28,7.58,9.99,6.68,1.32,6.98,9.63,2.78,4.91,0.68,1.79,134.143
6.0,9.69,0.45,4.45,9.35,7.36,0.73,0.78,3.46,8.17,3.17,2.25,200.970
8.2,2.91,0.22,7.19,6.56,8.13,1.22,2.32,2.78,8.97,4.16,3.17,146.817
5.29,3.64,7.39,2.73,5.4,6.7,3.94,3.8,0.41,4.2,5.05,8.76,119.075
4.98,4.47,5.36,1.2,1.11,3.3,8.15,6.08,7.79,0.82,5.35,5.39,60.810
6.77,6.16,5.11,5.67,9.81,8.83,4.49,5.74,6.87,5.74,2.5,5.76,136.174
3.22,4.24,9.29,1.44,1.62,7.96,0.67,0.63,2.18,9.34,4.45,2.62,139.618
9.73,3.95,4.37,6.29,7.38,9.37,6.75,8.34,9.67,8.28,9.65,5.81,84.722
9.42,0.11,7.57,2.76,7.85,7.76,0.65,0.93,5.53,2.18,3.79,5.0,196.184
8.22,7.69,0.63,3.07,2.84,5.6,9.88,7.31,2.38,6.95,9.68,7.74,63.837
1.82,8.66,5.07,7.33,8.94,5.61,4.7,7.93,1.14,3.07,5.54,3.47,144.797
2.28,1.84,8.53,7.91,5.84,0.6,2.3,5.92,5.79,0.54,0.78,7.09,120.428
4.74,0.98,7.64,7.54,4.08,0.51,1.95,1.21,3.6,0.34,9.96,0.37,146.242
6.97,4.95,9.81,2.39,1.22,9.42,8.97,2.53,4.43,2.36,9.19,4.04,110.279
3.51,3.71,6.93,9.63,6.8,2.27,7.74,8.31,0.43,6.64,2.0,9.18,95.773
9.4,7.69,1.66,5.05,0.97,4.85,6.88,7.57,5.34,7.57,9.26,4.83,71.460
6.98,6.77,1.02,8.59,8.71,0.99,2.56,8.75,6.86,2.46,0.62,2.36,140.025
1.5,7.36,2.51,3.56,7.68,2.81,1.67,6.18,7.1,7.0,3.44,7.47,77.358
5.36,9.45,7.85,3.9,2.4,3.2,8.11,2.48,9.95,6.03,2.09,0.36,110.820
5.95,9.08,7.62,7.54,7.09,3.03,0.63,0.73,8.43,6.2,0.69,7.31,168.028
5.0,2.56,7.78,8.39,1.92,1.31,0.7,5.02,4.18,6.35,5.15,3.33,109.017
1.08,8.26,8.03,2.55,2.65,3.98,9.76,5.68,2.42,9.07,8.58,1.49,71.757
5.88,7.33,2.73,8.29,4.74,8.17,7.06,5.19,6.86,3.99,8.85,1.45,111.198
9.33,1.8,9.02,9.5,5.55,6.02,9.97,9.92,1.56,0.92,3.34,1.57,151.100
8.66,3.42,6.69,6.62,0.24,1.93,4.69,7.55,2.41,1.55,1.37,4.25,126.306
1.69,0.21,1.11,0.74,1.85,3.75,6.7,4.49,9.11,6.68,3.92,8.06,23.999
4.67,1.69,3.21,9.45,4.34,4.17,7.23,4.8,9.8,4.27,4.17,5.86,76.197
4.08,3.01,10.0,0.3,9.72,9.36,7.74,6.34,0.9,4.15,0.96,0.28,179.038
8.17,4.82,1.68,8.78,0.85,4.69,2.35,5.96,1.91,7.71,1.61,6.07,113.198
4.45,7.6,3.54,9.65,2.65,7.68,9.02,0.7,9.39,5.93,1.42,0.35,132.674
0.66,6.31,4.66,7.07,3.53,6.4,0.43,2.34,4.05,8.55,6.67,4.57,107.591
6.8,5.68,8.5,9.88,4.77,3.61,4.16,8.98,7.51,1.91,8.14,0.17,127.114
4.01,3.06,9.67,0.47,8.72,2.79,6.9,1.28,4.68,0.38,0.97,6.94,135.792
9.57,7.96,6.07,0.65,2.86,7.03,5.85,9.17,9.66,5.81,3.54,0.02,100.264
6.75,3.39,8.64,7.92,8.43,8.68,7.86,7.08,7.3,6.05,2.51,8.07,112.709
6.9,9.86,3.68,4.42,9.25,5.04,8.41,2.43,5.64,1.37,7.25,2.43,142.208
2.66,4.33,7.44,2.38,4.12,9.79,2.4,2.67,4.35,3.69,6.82,4.93,123.572
0.85,0.81,4.99,7.82,2.0,8.94,5.37,1.47,4.55,3.72,4.42,8.14,91.832
2.44,6.32,6.19,4.7,0.76,7.83,3.77,9.65,8.05,1.19,9.32,5.89,74.571
9.66,3.4,6.31,2.15,2.48,4.44,5.12,6.93,1.74,0.53,2.03,9.42,110.361
1.47,0.74,0.58,0.07,6.14,6.38,0.06,5.26,0.23,9.76,0.4,2.83,82.956
4.14,6.17,3.69,9.19,7.25,2.35,0.69,5.32,6.74,8.51,4.35,5.77,104.493
8.12,2.18,5.18,2.01,4.65,8.53,6.17,5.77,1.87,5.47,7.31,4.15,99.772
0.62,7.53,1.07,1.11,9.49,5.42,8.4,1.94,7.05,3.93,0.84,9.2,80.485
3.4,1.62,1.05,7.76,2.81,2.87,8.73,0.37,2.26,1.7,6.58,6.71,74.042
2.4,6.66,6.82,6.01,5.13,0.38,5.77,3.77,1.18,5.41,5.02,7.49,95.670
6.12,9.79,7.38,2.34,5.39,4.84,1.41,7.94,5.49,9.18,8.07,5.19,96.191
2.17,1.4,2.54,8.87,0.22,4.35,5.88,9.9,9.61,4.9,6.53,5.51,46.185
4.16,7.23,5.54,3.55,2.56,4.08,5.81,7.02,8.68,5.77,1.45,9.22,71.462
9.16,0.97,4.6,9.39,8.78,0.07,7.63,3.16,6.35,1.71,9.42,6.68,94.335
4.05,8.34,7.07,8.41,8.96,0.54,5.84,4.77,8.8,1.31,4.26,8.29,112.323
3.28,1.16,3.29,1.8,5.77,2.14,7.35,9.9,3.46,3.81,0.75,5.62,56.458
6.21,7.37,7.31,6.34,8.5,9.02,1.01,6.98,9.67,2.29,4.6,8.59,135.033
1.94,3.56,5.01,8.29,4.56,5.53,6.06,9.92,9.62,8.03,2.67,7.28,66.292
9.87,1.34,7.22,1.55,1.35,5.66,8.87,9.06,6.09,1.74,9.41,3.11,70.507
9.05,2.8,4.82,5.8,7.87,1.17,2.93,4.8,3.9,7.07,1.66,7.33,113.796
2.91,0.33,3.77,7.11,7.86,3.67,6.45,5.1,4.7,3.1,1.55,9.8,83.550
2.19,0.68,7.33,7.66,0.23,8.62,5.46,5.02,4.21,1.98,7.11,3.31,98.597
6.94,5.37,4.23,3.77,1.47,5.6,1.88,2.39,3.14,8.01,9.27,1.4,104.944
0.14,5.27,6.94,2.84,0.56,1.54,1.92,5.01,8.85,1.95,5.23,8.46,55.029
1.56,4.15,6.72,2.68,3.17,8.06,8.42,0.28,0.56,9.19,4.32,8.01,85.575
2.53,7.6,1.79,3.44,2.38,2.56,8.65,2.46,1.43,8.27,7.44,1.38,68.512
8.82,1.04,7.39,6.86,7.29,6.12,7.63,8.72,7.08,6.2,8.11,9.17,79.983
1.56,5.77,3.81,2.87,9.01,3.1,1.3,1.91,8.49,5.25,7.99,7.88,79.586
8.47,8.31,9.84,6.7,4.76,5.54,5.68,1.52,5.56,5.49,6.25,1.87,165.415
0.5,1.36,7.46,6.92,9.34,7.95,2.06,7.49,3.79,6.71,0.39,8.88,114.359
6.39,2.28,8.27,9.09,2.09,7.48,3.03,2.73,5.38,7.96,1.66,7.71,125.044
9.12,2.42,3.63,8.84,7.29,3.27,4.27,3.19,8.99,1.91,4.99,8.94,107.061
1.62,4.63,5.53,0.44,6.65,5.59,7.03,4.28,3.82,3.21,3.28,9.53,78.523
4.31,4.92,2.99,4.63,7.78,4.83,6.98,6.78,8.58,8.36,0.32,2.26,88.522
9.31,7.56,4.95,2.14,4.27,1.08,7.74,6.03,8.87,8.87,9.27,3.0,66.948
4.52,0.22,0.08,0.93,8.71,7.34,5.35,6.7,4.97,5.62,7.28,6.08,60.556
7.87,3.27,2.12,1.63,5.31,5.97,4.33,1.39,6.97,1.54,4.01,3.63,119.662
3.62,9.59,9.73,3.15,9.25,7.13,7.76,3.04,9.3,6.87,1.09,3.24,135.687
5.28,0.53,8.36,7.41,3.63,6.99,5.14,2.32,6.59,6.86,0.88,1.07,140.857
4.02,1.48,4.55,5.82,0.79,9.13,8.48,3.36,5.38,8.66,6.62,5.04,68.700
3.32,6.0,6.43,3.91,7.43,8.81,6.63,1.68,6.37,9.13,8.75,2.49,102.425
7.23,3.4,7.32,3.73,8.28,0.37,5.24,1.26,6.7,7.43,0.66,5.33,113.937
7.01,5.42,7.58,7.5,0.31,3.6,1.51,3.78,0.74,3.76,1.04,3.18,224.268
3.23,2.48,8.2,3.12,1.79,2.28,8.98,7.15,7.04,2.15,6.23,1.71,63.440
8.25,6.78,3.99,9.66,6.01,6.89,5.93,3.45,9.09,7.01,6.69,3.55,116.405
0.6,6.39,8.4,8.59,1.0,2.65,9.61,2.03,8.27,8.73,4.45,3.69,75.122
5.53,4.15,4.4,1.5,1.37,6.92,0.38,5.65,3.52,6.48,7.79,0.78,97.033
5.42,2.92,6.27,2.63,1.95,1.21,4.96,9.49,1.04,0.35,4.7,2.89,87.068
3.67,6.67,6.43,6.95,5.15,3.34,5.93,7.51,7.68,7.77,2.82,5.74,86.008
0.71,7.08,6.67,8.13,9.21,5.33,9.7,0.64,0.64,8.31,7.97,4.58,116.614
1.22,9.18,3.96,7.24,0.06,0.52,2.86,0.29,6.99,0.51,5.7,2.05,120.543
0.34,6.46,5.65,5.29,6.52,1.68,6.41,1.86,1.62,3.04,8.88,8.26,86.265
1.42,3.36,7.94,2.76,3.3,0.36,5.75,0.36,6.38,0.4,5.82,8.39,70.627
6.66,3.43,9.21,8.24,6.89,3.88,8.44,9.43,9.11,8.28,1.49,8.72,84.253
0.09,3.9,1.03,0.58,3.6,8.1,3.41,8.41,9.46,8.43,8.36,3.82,41.299
8.25,2.28,1.52,1.53,6.82,4.71,4.55,0.25,0.69,1.74,2.92,5.2,163.583
0.53,7.01,2.04,3.97,5.64,3.76,5.58,1.44,7.12,6.38,4.24,0.56,90.640
6.82,0.91,7.15,3.97,8.9,7.62,3.13,6.24,0.77,4.12,6.63,4.17,141.141
9.59,9.19,8.89,5.44,9.68,3.57,4.05,4.87,1.32,5.59,9.3,8.39,138.305
3.36,8.83,8.07,4.12,3.08,3.65,4.23,3.1,3.5,5.36,1.51,7.93,121.381
8.7,3.88,4.68,7.83,9.7,9.07,7.66,4.5,8.19,9.3,4.98,4.01,113.509
4.31,4.94,3.54,3.58,1.81,0.63,5.65,8.6,2.5,2.24,3.58,0.19,82.645
5.45,3.41,9.03,8.52,7.11,1.1,0.1,6.04,3.67,6.3,2.81,7.48,131.136
6.98,7.66,3.19,9.12,9.92,7.62,1.08,1.31,4.4,2.12,9.43,3.73,201.586
0.69,8.66,7.19,8.26,8.84,6.02,9.06,8.29,6.56,4.65,8.45,6.61,90.922
2.88,9.97,6.54,4.63,5.25,9.43,3.36,8.88,2.86,6.66,0.82,8.05,126.347
7.54,9.14,9.66,4.78,1.36,0.33,6.04,4.32,5.63,0.05,1.52,6.59,135.859
1.28,2.74,7.68,9.36,0.4,9.89,0.25,4.72,4.53,7.95,5.43,6.06,108.328
2.83,6.81,0.46,7.03,4.63,6.48,0.66,7.75,5.0,2.55,7.58,4.33,101.328
5.04,4.56,4.94,3.48,3.78,2.35,3.92,1.45,8.97,1.57,1.38,7.82,96.177
9.16,2.45,6.77,5.13,5.26,9.98,1.27,7.16,9.53,1.96,7.2,9.85,104.815
4.21,9.2,7.41,1.1,0.42,7.56,0.11,3.02,3.67,9.82,2.27,7.58,112.958
8.47,1.25,9.56,6.08,3.76,6.2,5.57,3.29,6.02,9.78,6.03,1.58,109.452
8.08,2.2,4.24,7.36,0.03,1.7,8.38,5.73,2.07,4.18,1.53,9.09,76.210
9.34,4.28,6.11,9.11,6.79,6.48,6.39,2.99,6.58,4.82,0.45,6.41,152.352
0.2,5.45,5.45,7.2,9.77,0.4,3.8,2.8,3.61,8.78,5.21,1.26,111.822
6.6,6.29,9.61,9.02,1.02,3.01,0.1,9.51,8.05,8.42,4.91,3.13,104.191
9.33,0.77,0.74,3.38,8.33,6.34,4.34,2.85,9.85,3.03,5.23,0.49,112.020
6.17,6.1,5.01,2.77,6.33,4.5,3.6,7.12,5.11,2.32,8.64,2.06,107.036
6.12,1.65,5.43,0.76,0.61,0.57,1.89,4.08,5.37,4.68,0.19,8.75,60.657
4.9,5.54,4.79,9.38,1.9,5.47,0.81,9.33,1.18,8.09,2.24,8.34,106.636
0.15,1.46,4.5,8.49,2.52,2.21,8.86,0.42,4.98,8.63,4.47,1.86,66.153
1.82,0.1,9.15,5.0,8.95,1.57,6.38,0.52,8.33,7.19,8.27,9.35,66.409
5.18,6.18,0.06,0.99,0.91,5.56,4.83,0.24,9.6,0.42,2.04,3.84,90.033
3.23,8.61,5.08,0.27,3.95,3.49,0.09,8.27,1.61,7.52,5.63,7.89,79.426
7.69,4.15,8.54,2.98,0.06,0.6,2.26,7.95,2.57,2.68,4.32,7.95,86.621
8.28,7.2,6.89,1.11,8.95,3.4,7.9,2.29,6.96,8.29,1.35,2.51,122.287
3.8,1.29,1.33,4.04,2.18,9.21,3.94,2.05,6.47,2.32,7.8,3.38,84.168
6.39,3.21,2.51,9.51,4.42,5.55,7.52,6.99,9.86,1.23,1.9,0.19,114.085
1.81,3.68,5.02,3.9,6.55,1.12,5.58,4.82,6.77,1.98,0.89,6.01,84.760
1.43,8.12,3.2,5.43,4.72,7.49,8.09,7.68,4.78,1.5,5.99,5.82,89.752
8.43,5.75,5.2,1.97,2.87,2.14,4.51,1.91,3.53,8.59,4.02,3.65,100.572
7.52,1.08,0.92,7.22,0.12,7.0,8.15,2.63,6.34,5.71,2.41,8.3,71.139
4.58,4.57,5.21,0.93,8.06,8.41,6.93,5.84,1.4,4.4,7.9,6.63,95.952
2.19,8.82,3.74,8.17,4.92,1.03,0.48,9.02,2.91,7.79,7.62,4.19,90.191
1.95,7.65,3.58,5.48,4.93,2.3,1.09,0.4,7.18,1.01,8.28,4.05,117.628
4.43,1.96,0.57,8.89,0.58,8.71,3.2,1.86,3.38,1.89,1.53,4.12,157.322
2.64,4.46,6.32,5.51,2.07,1.22,0.97,4.87,7.92,3.34,7.75,9.67,64.368
7.97,0.3,0.12,5.94,7.67,8.4,5.31,2.2,3.23,1.51,4.6,0.47,175.520
2.85,9.9,8.85,3.36,5.31,0.84,5.21,1.96,6.29,4.03,7.4,4.75,104.960
5.04,8.38,8.01,7.96,8.92,4.3,4.26,7.72,7.04,8.58,4.58,0.03,132.288
8.25,6.3,4.24,9.32,7.09,9.93,6.3,2.04,3.39,0.42,5.23,9.39,168.584
2.45,5.62,5.93,5.03,0.33,3.53,3.16,7.43,9.26,9.82,1.5,4.11,64.881
8.96,9.11,9.75,0.93,2.65,8.46,0.49,4.86,3.47,7.44,1.57,7.78,155.642
4.68,4.66,0.53,2.97,7.27,1.48,1.36,1.53,1.85,8.24,5.93,9.15,76.942
0.39,8.02,8.33,2.02,0.98,4.29,5.75,3.88,9.01,5.61,5.86,1.48,76.068
3.07,5.09,3.39,6.23,9.99,3.2,7.87,8.16,1.32,0.03,1.84,8.62,111.243
7.38,7.82,8.94,2.75,9.77,0.44,2.13,8.62,4.16,1.67,4.64,9.05,122.564
3.5,3.92,7.32,7.09,7.29,5.68,0.8,8.02,1.47,4.57,3.46,4.33,153.642
3.83,0.79,4.6,4.56,6.15,4.01,6.46,4.4,5.78,6.22,0.73,8.34,74.977
5.89,1.92,3.78,5.0,3.52,3.27,0.92,0.51,5.39,2.74,2.57,6.24,127.273
1.76,7.55,5.3,1.66,7.48,6.01,0.14,8.53,5.57,7.9,2.38,1.99,112.260
8.92,2.91,2.91,6.99,4.04,2.25,7.66,7.95,1.09,8.01,8.48,3.28,76.830
2.57,4.99,9.65,4.89,5.39,5.6,8.17,5.21,2.85,3.24,1.49,1.03,150.477
9.65,8.07,5.59,3.54,7.42,0.54,0.61,6.39,4.8,6.01,9.84,0.63,123.091
8.23,6.11,8.82,9.77,2.94,7.73,5.67,6.0,9.2,8.52,2.35,6.29,114.646
5.24,5.5,9.95,8.81,0.43,4.9,0.82,6.88,3.54,5.65,1.71,8.71,127.536
3.6,0.39,3.06,0.57,7.24,6.88,2.0,8.42,2.39,3.36,4.35,5.3,84.198
8.39,1.91,7.24,9.28,9.44,6.12,4.84,0.16,7.44,6.71,6.96,6.4,130.360
3.25,6.98,5.83,2.07,2.54,1.57,1.17,0.86,4.95,9.32,8.4,1.33,85.440
1.45,5.64,2.03,0.74,7.54,8.33,6.4,2.42,9.82,8.45,7.16,2.53,69.956
6.49,6.59,9.44,1.87,9.78,4.93,9.69,9.3,6.34,0.14,4.89,2.18,120.160
1.1,1.53,2.94,3.16,1.73,2.64,4.29,6.89,9.5,4.65,1.24,9.66,36.158
5.21,9.63,9.42,7.43,5.0,6.2,3.0,9.8,5.84,9.73,5.98,0.12,124.427
7.3,3.56,4.08,5.51,7.12,3.44,5.8,7.67,4.67,1.0,3.06,8.47,101.109
1.59,2.99,7.44,6.66,7.06,4.86,7.36,5.31,9.04,9.82,8.96,4.85,67.490
6.61,3.92,5.45,5.33,9.46,2.95,9.73,8.15,3.95,9.45,1.68,8.18,81.964
2.52,7.86,3.72,8.22,1.48,0.62,9.63,8.39,7.17,1.21,5.39,1.16,74.112
0.21,0.16,7.69,3.75,4.48,4.27,8.27,7.03,3.78,8.88,2.69,0.15,66.753
7.32,4.05,1.03,7.62,5.79,5.01,5.1,7.65,0.27,1.52,8.46,8.96,96.433
4.84,4.21,0.18,9.1,5.46,8.32,2.66,3.25,9.97,9.99,7.33,3.68,87.066
3.14,6.35,0.68,8.39,0.09,7.41,2.46,4.39,4.26,9.32,1.91,4.76,96.162
6.99,3.52,1.93,1.77,8.09,0.13,7.86,2.8,3.22,5.59,8.37,8.14,62.340
3.91,5.82,0.98,7.87,6.57,7.41,9.31,4.35,9.02,1.3,8.49,6.26,84.069
6.9,0.22,8.33,6.24,8.87,0.87,6.45,2.53,2.3,8.57,5.19,7.89,95.445
7.27,1.07,3.43,2.16,5.34,5.94,4.46,4.8,7.88,1.22,6.79,8.24,75.502
4.48,6.55,0.82,0.68,4.34,8.93,7.62,9.52,1.64,0.29,6.92,9.18,73.358
0.46,1.11,6.77,1.29,5.86,1.62,9.9,6.47,1.81,7.3,9.87,2.89,44.744
5.23,4.38,1.0,9.77,8.73,8.33,8.49,3.79,4.97,1.44,8.25,9.69,102.211
4.63,4.5,4.4,0.24,2.37,6.51,1.87,6.9,5.16,4.13,7.73,0.61,85.795
7.92,1.69,8.54,5.95,5.23,0.43,2.77,5.33,0.94,7.37,3.4,7.56,108.732
4.44,0.82,0.09,3.89,8.64,4.56,1.75,0.81,9.3,8.66,5.33,3.5,76.457
1.72,8.56,7.95,2.49,6.87,0.39,4.54,8.91,1.87,7.25,8.98,7.51,71.633
5.03,8.53,5.49,4.39,3.82,7.82,0.79,9.57,4.67,3.24,2.39,2.12,153.995
9.27,1.97,6.47,0.4,3.46,9.71,7.61,7.18,6.45,7.64,7.97,0.16,84.518
3.26,2.7,5.31,8.36,0.62,6.33,6.57,4.31,5.75,0.99,3.98,5.57,97.828
2.36,5.32,7.47,2.9,5.31,0.6,8.83,6.45,5.61,4.38,6.05,2.94,69.936
6.48,9.95,1.55,8.95,6.25,3.48,7.61,7.83,4.3,4.34,9.17,7.41,90.162
7.3,1.56,1.44,4.92,1.5,4.36,6.0,6.13,9.76,6.7,1.98,3.47,61.927
1.0,0.52,2.0,0.69,5.84,2.26,3.33,2.13,7.84,4.92,0.49,5.43,50.994
7.5,7.41,7.93,8.16,9.38,2.34,6.7,6.47,7.08,5.16,6.26,1.95,127.067
2.67,5.36,0.5,8.3,2.64,0.66,1.82,8.48,4.22,3.98,9.16,8.79,55.226
2.57,8.74,10.0,8.37,5.44,7.84,5.05,1.07,1.17,5.87,2.95,2.39,232.216
1.99,0.66,5.21,7.96,4.85,3.67,4.07,7.22,8.98,2.39,9.63,9.39,58.397
8.42,4.93,3.02,1.93,6.51,8.22,6.09,5.74,8.61,3.75,5.05,4.43,98.099
0.92,6.98,0.17,9.73,5.03,4.92,5.71,7.43,7.05,9.52,9.63,9.96,56.288
0.22,6.41,5.29,5.35,7.78,1.18,7.33,6.01,7.38,1.92,6.45,6.06,74.623
8.07,1.1,3.45,7.89,9.5,9.32,4.2,1.89,0.98,3.83,9.48,1.72,177.964
4.31,4.29,7.1,0.34,6.42,5.08,2.1,0.36,2.54,1.36,8.27,7.09,126.796
9.87,2.12,1.47,6.1,7.89,2.39,1.4,0.26,9.09,3.1,3.42,1.91,155.579
2.7,10.0,9.28,8.03,8.63,9.13,2.23,3.76,6.33,5.93,6.82,9.83,136.877
7.41,8.09,2.98,9.08,9.65,5.69,9.08,5.74,9.85,4.21,9.57,8.62,91.141
1.42,0.85,1.52,7.78,3.65,8.25,6.6,5.61,6.6,9.53,3.74,8.7,57.553
5.71,4.2,9.79,5.28,5.36,2.96,4.71,6.28,6.79,2.12,2.8,3.62,126.520
1.14,3.73,9.76,7.63,5.54,8.63,1.38,4.67,7.04,6.67,7.61,5.12,112.127
2.59,2.7,5.89,2.23,2.73,4.0,4.82,4.01,1.43,7.81,2.91,7.28,71.267
6.69,6.71,4.09,9.43,8.73,1.66,6.94,4.26,8.42,3.2,3.04,5.15,120.316
7.5,5.8,6.13,3.94,6.69,9.71,7.9,3.28,1.88,8.79,2.24,2.35,150.416
4.26,8.41,3.88,2.55,0.43,4.59,2.78,5.05,3.44,3.18,3.42,3.53,112.710
1.61,4.96,0.73,9.25,1.48,7.73,4.37,5.14,5.57,1.71,9.7,0.75,94.567
5.92,0.65,9.99,6.65,3.92,6.22,7.2,6.64,4.74,4.82,1.61,2.68,120.441
4.37,2.87,3.78,9.77,5.78,9.92,6.77,3.08,3.38,7.33,3.46,3.28,133.663
9.32,4.82,4.87,8.03,1.1,0.09,8.43,7.24,6.1,7.1,4.64,3.02,77.279
3.77,7.02,0.51,6.66,3.5,3.69,3.82,5.15,0.74,5.58,3.02,8.04,95.446
6.18,5.14,2.64,5.49,1.26,6.26,4.43,9.84,9.54,3.0,9.96,7.2,61.337
6.43,3.59,9.05,2.58,0.42,2.16,8.57,5.5,8.5,2.15,4.92,4.83,70.293
3.94,8.46,2.47,4.5,5.76,9.88,9.26,2.47,3.1,4.3,3.82,4.67,126.756
8.1,8.25,4.76,3.23,10.0,7.34,1.05,9.29,5.02,9.37,1.18,1.59,151.564
7.52,4.75,7.11,1.17,0.91,1.54,9.31,5.8,0.59,9.28,2.85,2.52,75.783
1.51,3.82,7.4,8.61,0.63,2.51,2.04,1.49,5.92,8.73,7.34,4.74,80.899
3.43,9.29,0.41,6.49,5.66,2.13,8.35,5.12,5.73,8.19,3.63,4.88,76.351
7.39,8.25,5.55,4.51,7.61,1.57,0.11,2.33,8.54,6.76,7.39,1.07,133.130
8.33,3.94,9.09,3.09,4.64,3.12,5.61,9.96,0.47,2.48,8.09,4.44,103.736
2.48,9.14,2.28,2.25,5.09,2.23,0.13,0.38,2.43,9.66,4.25,5.97,102.848
5.94,4.72,7.24,1.6,0.31,0.95,6.36,4.7,2.51,3.81,5.12,0.86,88.870
6.8,5.34,6.04,3.72,2.52,1.27,6.18,9.1,0.96,9.06,2.04,9.5,69.734
0.36,1.69,3.38,2.98,7.93,8.25,6.82,5.72,1.6,8.51,8.55,7.91,62.874
6.97,6.24,6.19,4.53,0.96,0.93,2.01,7.42,2.57,9.7,1.66,4.97,91.140
3.14,1.75,6.43,8.44,0.21,9.81,5.27,2.01,4.58,6.37,3.9,4.14,113.361
1.32,9.31,4.41,1.72,0.8,2.12,3.86,0.74,1.29,5.77,6.02,2.54,97.329
6.27,1.47,5.84,1.22,9.23,6.93,3.12,0.13,5.97,4.59,6.45,8.84,106.392
0.15,3.36,0.75,1.88,9.51,5.36,6.12,1.72,1.57,2.73,5.35,4.75,94.469
3.48,1.8,7.34,0.58,1.8,5.56,0.36,6.34,5.36,6.99,3.42,2.85,81.201
5.49,1.32,8.26,5.97,9.37,0.62,8.23,4.31,0.47,3.04,9.62,1.93,112.428
5.13,3.17,8.82,1.07,1.98,6.64,8.31,1.92,0.93,2.92,3.87,6.55,109.429
2.04,8.79,1.31,4.45,4.53,2.53,4.99,7.56,5.29,8.44,4.74,0.92,74.045
6.33,4.93,4.98,0.9,2.8,7.21,6.55,9.78,4.38,0.09,0.47,8.66,90.712
7.62,0.8,3.38,2.22,1.87,5.42,9.25,0.88,1.15,8.05,3.96,9.07,65.853
0.08,1.03,8.91,5.24,7.76,2.96,6.78,5.63,1.36,9.68,3.28,0.57,95.165
2.53,5.26,0.19,8.13,9.58,1.76,5.04,4.89,8.14,9.89,4.25,5.71,72.389
5.03,1.07,5.5,9.36,4.46,2.13,7.12,4.5,3.92,7.98,9.92,9.14,64.702
5.33,7.39,5.17,2.6,8.86,1.2,2.38,3.44,3.97,7.99,3.23,9.3,100.792
2.83,6.96,5.7,0.58,4.57,8.28,2.26,4.32,3.83,0.22,7.12,4.58,129.512
6.13,0.43,4.3,4.21,2.53,6.19,4.44,9.78,4.54,4.14,1.62,3.6,84.602
2.53,4.54,5.14,8.63,4.31,5.41,3.27,7.25,0.32,2.69,0.03,9.16,134.507
2.5,6.88,5.25,3.68,8.3,9.54,2.05,8.99,7.47,7.45,5.59,5.47,97.650
6.46,9.54,2.43,1.9,5.12,5.76,4.74,0.45,2.95,1.11,3.69,0.87,225.996
0.01,9.62,4.01,9.0,7.89,9.93,3.76,8.92,5.07,5.55,1.1,4.18,141.568
5.38,0.44,8.76,6.19,9.16,9.71,6.45,7.19,3.91,1.09,7.5,5.67,124.615
7.92,9.13,8.5,0.68,5.85,4.33,2.52,6.31,4.1,2.94,2.91,1.3,181.325
9.06,5.16,1.17,4.22,7.74,1.65,7.29,7.34,6.65,9.15,7.97,0.55,74.454
0.67,3.88,8.24,5.07,5.02,6.41,2.77,6.85,6.06,8.87,3.67,5.52,86.811
3.1,9.26,3.28,7.58,3.18,5.95,4.41,2.74,6.65,4.97,6.99,1.15,120.216
3.58,4.95,9.36,9.54,1.57,6.73,0.03,6.28,9.06,8.4,4.27,6.73,102.761
0.7,5.14,3.49,5.77,5.57,1.33,3.14,5.82,4.11,1.85,5.91,8.17,75.862
3.46,2.63,4.86,5.26,4.72,5.75,6.64,2.41,1.44,7.35,5.19,4.98,95.252
6.72,6.46,7.57,0.96,8.3,7.8,5.19,9.73,2.61,0.24,5.07,3.82,141.823
4.15,6.8,9.98,3.29,0.75,0.99,9.29,1.59,6.68,3.04,6.55,3.96,83.446
9.69,0.86,8.84,4.38,1.8,8.55,9.55,7.01,0.94,8.6,6.73,0.21,103.269
1.96,2.05,5.08,8.3,0.56,3.51,0.05,8.67,6.93,0.71,1.72,8.57,80.525
3.25,8.1,6.82,6.27,3.7,1.31,9.21,5.72,2.39,7.73,8.01,2.12,83.712
5.43,3.26,6.22,1.58,9.58,7.52,7.5,4.06,7.62,7.4,3.67,2.18,103.577
0.48,7.58,3.25,7.64,0.3,4.79,4.89,1.45,1.89,1.67,0.64,7.57,132.744
2.18,3.78,8.1,3.17,4.23,4.27,4.26,9.03,9.43,0.78,5.6,1.4,84.361
6.48,3.17,4.67,8.08,2.05,2.3,7.56,2.69,0.63,7.34,6.32,3.08,96.850
2.0,6.29,7.07,5.19,7.27,9.13,8.99,9.03,3.89,3.4,3.32,0.88,125.212
5.0,3.91,7.2,8.28,4.64,9.69,4.46,7.5,5.02,9.55,1.49,1.46,131.343
4.73,5.82,8.01,7.76,4.96,8.82,5.02,0.67,3.46,6.78,6.54,0.94,171.294
5.69,9.98,0.67,3.81,0.93,0.73,5.99,1.88,4.77,5.97,9.95,3.22,68.628
1.18,3.24,2.72,1.33,6.04,6.31,8.74,7.16,5.7,9.48,6.22,7.87,46.093
9.47,0.89,1.05,3.85,8.16,2.42,2.41,3.21,5.67,2.71,2.71,8.16,103.900
9.06,6.12,9.89,1.87,1.76,9.36,0.12,4.2,6.87,1.68,4.09,1.67,204.294
5.15,4.92,6.88,8.37,8.22,3.54,7.6,4.91,8.28,4.94,7.4,2.6,103.778
7.52,0.7,3.07,3.43,9.63,2.51,8.85,6.04,1.44,3.12,4.25,5.45,92.144
7.19,3.69,1.76,7.06,2.27,6.21,6.23,4.14,0.01,8.3,5.76,7.45,88.366
7.26,0.07,5.1,6.48,9.64,8.87,8.34,7.74,3.88,9.51,7.57,2.42,94.830
6.34,2.38,2.82,9.82,9.44,9.16,9.99,2.34,7.03,7.25,0.29,6.06,121.238
4.51,2.18,4.09,8.7,2.86,7.05,4.53,3.45,8.31,4.29,8.85,4.14,87.548
1.41,5.42,7.1,8.7,6.65,9.89,8.81,9.78,8.87,5.27,5.58,7.49,85.524
1.65,0.23,0.82,7.27,1.02,5.86,2.29,1.84,9.18,1.91,2.38,3.9,78.372
9.2,6.79,7.53,0.73,3.05,9.84,8.77,8.7,10.0,1.87,0.5,2.32,115.485
4.69,0.09,4.48,9.84,7.65,9.37,2.34,0.15,0.07,6.01,1.74,8.49,192.128
0.81,9.43,0.59,0.35,5.23,1.26,8.03,3.65,0.71,7.36,6.18,1.37,64.725
3.74,8.22,1.08,3.43,5.41,8.27,8.01,5.97,9.53,4.09,9.95,1.01,78.190
2.25,7.33,3.55,5.19,5.56,9.76,6.43,3.64,0.96,8.07,3.68,4.24,124.500
0.45,2.63,3.22,2.27,2.83,9.14,5.44,4.51,0.24,0.62,0.73,9.4,98.090
8.56,3.08,6.38,4.4,4.81,5.17,1.35,9.82,5.11,9.84,3.69,2.28,100.966
6.82,0.61,9.49,4.38,8.05,1.52,6.95,7.2,6.91,5.96,2.48,3.12,94.635
8.54,2.01,0.35,8.0,5.01,3.04,2.88,1.28,2.47,5.37,9.76,4.78,101.545
7.54,1.89,5.86,2.12,8.7,9.29,5.29,4.29,0.07,3.16,2.29,7.13,159.244
2.4,7.2,8.06,3.92,1.66,7.46,1.33,0.34,9.87,2.86,2.77,4.06,144.607
9.68,1.62,0.18,9.31,0.3,5.04,9.47,5.28,3.79,7.67,5.23,1.34,79.713
7.84,2.29,4.93,1.11,8.86,1.56,2.39,6.78,9.57,5.21,0.05,1.09,105.978
6.02,8.62,4.35,3.75,5.34,8.73,3.23,5.55,3.56,6.66,6.1,0.95,141.305
2.5,5.23,4.38,9.46,8.51,4.16,9.22,1.75,1.96,1.01,8.75,2.85,134.064
5.9,0.16,2.8,2.37,3.28,0.36,1.4,3.23,8.9,7.24,6.47,1.6,51.560
2.77,0.1,6.07,3.97,2.81,5.66,9.64,6.75,5.3,5.65,8.14,2.43,56.397
5.86,6.77,7.96,2.68,7.8,6.69,5.47,3.18,9.52,2.72,9.26,8.96,96.548
5.1,6.21,6.38,4.43,7.1,3.52,4.55,1.25,4.11,2.75,5.28,0.6,176.591
4.6,6.0,0.88,2.41,0.99,5.69,6.87,0.24,9.0,4.99,3.31,5.12,69.658
9.19,5.33,1.06,1.6,4.26,5.97,3.81,7.19,4.98,2.0,3.85,1.91,115.459
9.73,7.34,8.89,5.6,9.4,6.13,3.96,1.15,1.27,0.17,5.04,8.82,230.720
1.81,3.27,7.18,7.73,4.11,6.31,8.67,7.65,5.76,7.25,6.16,2.44,80.174
0.64,5.15,2.07,6.26,5.26,0.14,6.81,7.15,6.0,9.82,7.38,7.6,43.610
5.98,3.29,2.41,0.86,9.59,3.38,2.5,7.01,5.58,4.52,1.29,9.39,84.219
6.15,0.9,7.54,3.08,4.03,9.82,1.07,8.49,8.72,6.32,6.31,6.45,84.368
2.53,6.17,3.79,1.93,1.1,3.53,1.99,7.27,7.22,2.66,2.15,8.43,64.098
7.03,4.58,8.77,7.49,4.19,7.87,2.94,4.84,0.61,9.12,7.01,1.23,155.068
2.08,2.58,1.78,0.98,5.78,7.4,6.33,9.58,2.78,2.61,8.45,5.57,58.324
5.85,0.42,9.82,4.23,5.45,3.78,2.66,3.96,8.0,1.59,5.09,9.48,96.004
6.29,8.81,9.46,8.59,4.18,4.33,7.58,0.36,6.63,9.81,9.86,0.44,120.127
4.04,2.83,3.56,9.8,5.18,0.23,7.47,9.4,4.96,0.76,9.66,5.2,68.465
1.57,2.57,0.16,6.05,1.17,4.55,0.44,3.21,4.47,6.81,9.13,9.99,47.195
0.86,6.78,2.27,3.7,7.13,2.42,5.86,6.16,5.09,7.11,6.35,7.87,60.250
7.24,6.11,8.02,1.82,7.03,3.46,3.35,8.76,9.33,4.26,4.45,4.92,96.036
2.81,7.05,0.84,8.9,9.2,7.3,6.3,7.52,9.15,3.39,1.95,9.09,96.524
3.07,6.57,6.58,0.36,9.3,3.41,6.69,8.24,2.49,7.18,6.75,0.16,92.955
1.63,5.29,7.98,9.75,8.31,4.84,4.45,2.39,2.33,1.97,0.13,6.12,217.366
2.4,0.27,4.03,9.43,6.04,6.76,1.67,2.68,2.14,1.45,3.94,0.37,236.163
3.33,4.75,6.12,0.67,9.3,0.11,1.21,7.27,2.55,7.72,3.48,4.67,90.260
8.37,5.45,9.81,1.53,4.02,2.47,1.56,6.34,5.83,9.12,4.68,6.39,93.308
7.73,8.16,2.55,9.06,1.07,5.46,6.52,7.78,6.82,3.9,2.11,7.95,97.007
7.78,2.67,0.33,1.3,7.36,6.46,6.94,0.4,2.58,8.1,1.87,7.29,95.291
9.3,8.74,6.29,8.2,2.58,7.24,4.23,8.63,4.44,0.59,5.68,6.32,141.686
9.97,7.74,6.06,9.97,8.46,1.1,4.22,1.45,2.99,8.64,0.67,8.71,162.294
3.73,1.83,3.26,5.61,5.32,7.16,4.71,7.67,6.04,4.7,3.18,6.5,82.043
2.22,3.02,9.41,5.94,3.79,8.71,0.69,6.6,9.78,7.83,2.98,9.39,88.785
6.66,3.65,2.32,8.43,9.52,9.01,5.37,5.86,1.6,5.48,3.82,3.54,154.227
5.41,6.99,9.51,5.31,9.61,1.11,6.78,9.71,1.7,9.91,5.88,6.42,93.911
9.74,6.41,7.9,5.64,0.24,9.03,5.05,3.45,2.29,6.45,1.93,4.21,166.638
6.49,6.74,2.15,1.42,8.83,4.74,4.12,2.49,8.29,5.97,5.7,0.08,113.959
8.33,1.12,3.47,6.41,1.78,3.02,9.94,3.12,1.57,8.61,8.4,6.46,63.333
9.72,3.83,6.95,7.6,0.87,3.9,1.82,4.02,1.4,6.55,5.03,0.81,167.448
5.61,3.56,4.27,4.64,7.22,1.72,3.49,1.04,6.55,5.54,2.46,4.47,114.735
1.55,2.1,1.6,9.52,9.67,1.99,8.88,1.67,6.49,1.37,3.38,4.03,102.363
3.31,8.61,6.76,2.73,1.92,7.51,1.31,8.71,3.83,3.07,1.14,3.71,141.663
8.95,1.65,4.27,1.99,1.35,5.5,8.8,7.81,4.93,3.79,0.08,1.88,86.882
9.08,4.07,4.56,2.28,9.79,6.99,3.91,3.2,9.29,3.38,6.47,9.58,102.623
4.89,7.1,2.52,7.02,5.34,6.06,8.68,2.26,5.92,1.7,0.13,4.76,140.426
3.37,8.85,3.56,5.01,6.81,3.6,3.42,2.83,1.81,5.24,7.56,3.07,130.380
3.54,3.88,1.32,7.88,2.37,9.51,6.11,0.4,2.43,8.44,9.61,2.19,97.670
7.16,9.78,4.52,7.49,4.27,2.76,7.92,4.89,0.64,6.19,0.84,7.93,126.646
0.15,0.31,0.12,9.05,8.91,2.57,8.63,1.98,5.72,2.12,8.97,4.54,66.051
7.04,4.43,4.63,8.16,6.5,4.72,0.5,7.12,0.27,0.42,7.27,9.92,139.137
9.29,8.11,4.33,5.13,0.79,4.29,4.22,5.03,8.35,8.59,7.67,2.24,88.476
3.97,3.82,8.58,3.7,0.83,2.39,8.19,6.27,9.0,9.12,2.23,6.67,56.148
5.82,3.32,5.27,3.71,9.11,2.67,5.0,9.9,4.43,9.28,6.24,1.44,82.392
0.36,2.88,8.73,0.93,3.06,7.95,6.69,1.77,9.65,8.28,9.9,1.14,63.879
5.43,1.23,8.07,6.16,0.87,0.78,3.64,7.46,6.11,1.89,9.61,9.45,59.067
8.77,7.95,9.54,1.65,1.71,2.4,7.74,9.9,6.7,6.88,1.72,6.88,80.412
5.17,1.64,3.07,4.27,5.81,9.65,8.47,5.33,0.13,5.62,6.16,9.76,83.479
5.52,2.05,4.03,0.17,7.64,9.17,4.06,8.53,6.05,8.28,8.68,6.98,67.121
6.79,2.95,3.74,3.61,1.62,6.13,9.55,3.6,2.62,9.87,4.75,2.21,76.196
4.11,5.15,1.77,6.19,0.33,5.74,0.59,2.46,4.67,2.59,1.04,1.61,179.707
1.2,3.04,2.86,8.77,9.75,7.05,1.84,6.18,8.16,6.96,1.04,5.65,109.521
3.75,7.22,1.78,2.92,9.45,9.32,3.62,6.46,5.93,8.83,3.98,9.14,90.727
0.82,2.57,5.37,3.8,2.77,0.25,1.6,6.2,9.89,9.84,9.17,9.42,33.781
9.6,7.33,3.3,2.46,4.39,9.79,7.16,3.85,8.12,3.98,4.14,0.29,133.878
2.25,2.94,6.91,6.86,6.57,6.26,7.06,5.78,7.64,3.76,0.33,7.4,99.437
2.3,8.22,4.35,2.85,0.67,5.68,5.21,9.36,3.31,9.34,8.16,8.0,55.486
8.29,5.89,9.16,4.77,0.32,8.79,4.28,5.37,1.69,4.27,0.2,9.49,147.115
4.05,1.03,7.07,1.58,5.96,5.94,8.66,3.07,6.95,3.42,8.7,1.88,78.427
4.66,5.37,3.52,7.2,7.64,2.11,8.84,7.23,6.96,2.73,0.32,7.99,89.522
5.62,1.39,2.79,8.31,6.34,9.96,3.8,8.73,5.8,0.42,1.4,5.75,132.857
5.08,5.67,8.92,6.78,6.09,7.17,1.74,4.58,9.38,6.06,1.8,9.94,118.537
2.14,5.83,9.37,6.56,3.99,2.94,1.24,3.86,8.31,4.74,2.66,2.63,131.527
0.93,0.03,7.33,0.39,0.08,2.0,6.49,4.81,2.48,4.61,5.43,6.02,36.059
8.82,3.02,4.67,0.62,0.07,4.93,1.15,0.12,9.06,5.91,1.41,7.65,87.470
0.75,0.02,9.9,5.34,0.75,4.85,0.86,5.24,2.47,0.7,4.3,1.41,144.259
6.93,8.26,0.58,6.9,6.17,2.69,8.27,3.59,6.82,3.96,6.84,8.8,82.367
2.7,7.81,3.59,1.17,4.34,2.1,0.31,2.58,4.49,4.01,8.8,4.13,89.268
4.57,9.32,0.29,1.69,3.14,0.35,1.32,2.45,8.78,0.1,5.06,8.48,73.921
0.27,2.52,6.0,5.21,0.57,3.66,1.88,4.19,0.61,6.79,9.62,1.5,74.136
6.56,2.64,2.76,5.87,5.59,1.68,7.42,3.63,1.99,7.51,8.76,6.78,69.548
7.74,9.35,1.62,7.35,2.92,1.84,5.79,3.46,5.54,7.1,0.08,2.94,123.725
5.83,3.25,7.69,5.35,3.92,0.83,6.73,4.24,8.67,5.5,0.28,8.37,79.521
7.36,1.69,2.9,7.53,7.24,8.06,3.64,7.18,6.77,7.46,6.94,4.51,95.288
8.58,9.48,7.98,0.11,7.73,8.29,5.43,6.84,3.63,7.8,8.82,7.2,106.168
9.73,6.45,1.85,7.67,7.06,9.19,1.56,5.1,1.45,8.44,3.55,0.18,206.854
5.07,0.86,7.95,8.96,7.03,8.51,8.51,3.86,8.64,6.18,4.57,7.47,97.833
9.2,8.09,7.22,9.76,3.23,4.03,9.31,6.92,5.94,5.94,8.51,7.37,94.408
1.47,2.2,9.71,0.69,4.21,8.61,7.91,4.78,9.19,5.4,0.31,8.76,73.975
5.11,7.58,9.67,6.63,1.4,3.53,5.5,8.27,1.53,7.39,0.17,1.32,140.281
1.41,6.27,1.58,8.09,2.81,2.69,1.63,7.62,1.23,4.72,1.4,8.32,91.693
1.99,9.45,5.22,6.54,9.78,3.93,0.96,0.41,8.12,6.31,8.86,6.22,119.527
9.84,9.94,1.91,6.24,2.38,2.94,7.89,8.05,0.16,7.12,4.96,8.25,91.271
2.64,5.63,2.72,6.82,9.6,5.48,3.02,2.05,4.52,8.2,4.32,1.92,136.871
4.82,9.43,3.39,0.05,3.22,0.33,5.57,9.2,2.18,8.25,1.95,4.84,66.396
3.87,3.07,1.56,9.39,4.86,2.01,6.36,7.93,1.12,7.56,3.76,9.53,68.285
3.64,2.01,1.35,7.39,8.5,0.25,5.9,3.38,9.01,6.38,0.51,6.56,72.905
5.97,4.5,0.85,2.23,5.74,6.02,4.75,9.18,5.22,0.63,5.01,8.76,75.440
2.72,1.65,9.67,0.91,7.25,8.45,1.67,6.38,8.6,5.62,3.08,0.87,116.895
5.72,6.16,2.51,5.32,1.54,6.94,9.02,5.31,6.64,5.98,0.61,1.89,95.722
4.51,5.33,2.81,2.84,7.22,9.0,0.2,7.23,9.81,3.37,4.88,0.55,121.774
2.38,8.66,6.29,0.57,7.92,9.83,1.03,8.45,7.32,3.35,6.87,9.89,96.586
5.23,7.32,0.11,9.87,2.98,4.45,2.19,3.69,6.95,9.98,1.76,8.16,91.537
0.68,5.97,1.47,5.08,1.99,1.45,3.85,9.62,5.07,3.22,8.43,5.58,46.519
5.6,4.67,8.59,5.32,1.11,7.14,8.32,3.3,7.09,1.56,4.47,5.31,107.920
4.24,8.34,2.09,7.26,3.91,3.96,6.87,9.85,1.13,0.19,0.55,3.51,134.842
3.01,0.43,3.67,9.01,0.1,0.26,2.1,8.76,2.11,3.6,6.66,8.62,51.743
1.83,3.11,7.51,1.94,4.88,9.79,0.5,5.02,7.07,4.63,9.47,4.05,94.535
0.34,9.46,3.2,7.05,0.93,2.32,7.64,4.71,7.67,6.67,5.0,2.13,68.894
4.62,1.42,1.36,0.88,1.76,1.26,4.5,6.22,0.6,8.27,0.4,9.18,38.738
7.04,1.18,4.47,3.91,3.86,0.01,2.91,6.23,2.41,8.82,0.58,0.44,95.699
3.62,4.43,2.11,1.41,7.05,7.42,0.45,7.61,8.37,1.34,8.1,2.49,91.819
0.8,8.89,7.46,4.73,8.64,0.54,8.89,1.75,4.53,0.99,8.26,8.33,94.840
6.92,7.79,0.13,0.41,3.28,1.64,8.36,1.79,8.1,8.63,2.76,1.9,63.951
7.92,3.94,3.13,5.68,1.76,8.58,9.55,2.5,1.28,5.31,9.02,5.08,94.716
8.87,8.98,8.22,2.17,8.96,1.7,4.52,0.68,9.28,4.85,6.33,4.69,128.171
9.14,6.12,8.45,6.26,9.88,4.96,6.44,2.51,6.51,2.98,1.0,7.27,167.765
9.41,4.92,8.63,4.27,7.74,0.88,8.25,0.57,8.27,9.16,0.65,5.42,110.922
6.77,9.24,7.83,4.66,8.74,7.72,5.64,3.99,2.55,6.65,2.15,2.01,195.563
1.55,8.04,4.23,8.82,1.09,1.42,9.77,4.93,2.74,5.73,9.71,6.06,64.587
1.34,5.97,8.73,2.71,1.71,0.7,1.21,4.28,7.27,7.38,6.85,5.69,64.749
2.62,2.09,10.0,3.44,3.95,8.51,1.42,5.77,8.82,7.37,5.72,7.78,82.999
1.6,5.44,0.25,2.29,4.14,7.79,8.44,8.92,5.19,9.47,1.17,1.98,61.160
9.72,2.74,10.0,6.1,9.91,2.17,5.86,9.11,7.58,8.12,8.04,1.01,102.316
8.47,3.66,6.01,2.31,9.38,9.91,1.94,9.71,1.07,4.94,2.58,8.41,138.709
0.56,3.84,8.87,5.46,7.38,8.36,6.97,5.8,3.19,4.07,1.0,9.8,111.807
8.7,6.11,7.35,5.23,3.28,2.81,5.98,6.36,3.11,6.95,9.62,1.55,99.732
2.07,2.24,0.12,4.2,7.9,8.6,4.58,0.83,8.11,7.67,8.2,1.16,82.259
4.96,0.24,0.27,2.06,7.08,2.43,1.3,0.78,7.38,9.76,1.58,0.7,79.256
6.7,6.06,6.28,1.38,8.11,6.54,5.11,9.54,6.78,2.8,7.8,4.84,95.118
0.84,9.16,2.72,1.86,8.77,1.48,9.07,8.99,2.77,5.62,5.99,2.02,72.055
9.24,1.52,7.58,5.12,0.5,0.71,1.37,7.86,7.79,6.5,0.14,0.04,104.093
6.84,6.53,9.87,9.05,8.07,1.34,4.28,5.85,0.28,9.96,4.0,9.23,124.107
4.14,1.58,2.34,7.82,6.76,4.47,0.03,2.04,3.95,1.77,6.48,4.27,146.224
3.09,3.81,6.62,4.02,6.81,4.48,4.53,3.42,1.04,9.14,0.99,0.17,149.456
5.54,0.22,9.26,1.84,3.9,2.23,1.77,6.94,9.46,0.23,4.77,3.51,86.169
4.93,9.86,7.73,1.86,2.31,1.12,4.79,3.3,4.38,7.24,4.03,5.49,95.142
3.11,2.55,2.58,5.98,4.02,1.57,8.53,7.02,8.82,7.0,6.93,5.77,44.951
3.47,6.14,4.52,7.56,4.81,8.22,9.91,7.93,9.38,4.0,7.73,0.6,87.788
9.22,9.2,5.23,0.84,5.3,5.32,2.74,3.2,6.11,1.72,7.52,8.93,116.181
5.88,6.97,7.37,7.55,2.6,9.85,3.41,0.97,4.66,3.77,6.25,2.48,186.722
1.05,4.73,7.29,7.1,4.72,1.56,3.84,3.17,2.17,6.57,3.86,8.27,94.871
0.07,2.1,4.3,9.88,6.49,3.21,0.13,8.08,6.22,4.73,1.91,0.8,119.113
6.28,0.08,8.64,4.2,8.89,2.47,9.35,0.68,7.37,4.54,8.39,1.17,97.016
4.52,3.76,0.29,8.75,4.33,3.04,9.02,8.8,8.35,8.96,1.87,0.69,65.508
9.76,2.65,8.21,4.81,0.66,5.76,9.31,8.34,1.63,0.76,1.46,5.88,116.326
7.6,4.24,9.5,1.26,0.48,1.8,6.9,1.86,1.29,6.64,2.08,4.18,108.410
4.15,7.1,6.28,7.81,3.91,9.79,1.91,4.0,9.52,9.87,7.08,3.68,108.264
2.59,6.32,6.88,1.11,4.87,6.47,1.17,1.96,9.94,2.94,2.81,6.96,109.542
1.32,4.73,3.57,8.04,7.63,3.97,0.29,1.9,1.88,6.38,1.86,4.76,171.412
2.99,2.64,3.16,6.65,5.43,4.37,1.74,1.81,2.5,0.1,5.99,4.66,150.238
3.35,6.39,4.45,1.68,6.44,7.9,5.96,5.07,6.55,5.04,8.47,6.08,81.275
1.7,9.07,1.93,0.34,8.79,8.08,4.79,5.12,8.87,1.97,7.65,7.09,84.277
9.28,5.72,9.72,9.66,5.47,7.27,9.45,6.45,6.95,2.82,8.08,6.85,116.059
1.52,2.34,7.22,8.36,2.58,0.53,3.55,5.72,7.66,2.21,1.96,0.01,106.821
1.89,2.34,9.23,1.73,2.72,6.15,9.46,7.0,1.72,3.33,1.45,7.38,79.301
2.75,1.23,1.7,7.9,8.16,6.98,8.6,9.15,0.37,2.67,8.68,4.55,84.421
0.17,3.17,2.15,3.78,6.0,9.85,9.27,1.03,4.51,8.32,1.55,3.25,89.939
1.65,0.26,5.09,9.99,9.91,8.47,4.37,2.15,8.7,6.93,2.3,1.44,136.616
5.87,7.25,7.92,0.28,9.0,8.25,3.66,7.03,8.22,8.71,9.83,3.95,93.164
0.78,2.43,7.44,7.59,9.06,0.26,9.99,9.87,8.11,9.03,3.01,0.31,68.353
3.27,4.13,7.63,6.86,4.38,5.33,6.9,8.95,9.88,4.16,8.58,8.56,67.191
3.51,7.19,4.86,5.18,4.94,4.65,4.39,6.57,9.41,3.6,6.7,7.52,79.419
6.08,0.21,3.17,6.2,9.74,9.76,4.51,0.66,1.47,9.13,3.39,2.42,162.929
1.93,0.33,9.62,2.15,4.89,4.59,8.32,7.11,2.09,6.26,5.72,8.06,62.593
3.01,8.62,6.53,4.66,2.2,5.67,6.84,4.68,6.04,8.13,9.11,3.5,80.131
0.62,5.59,2.76,5.82,3.44,5.24,0.48,2.53,8.76,0.26,3.58,9.72,92.657
2.28,0.59,6.8,0.95,6.78,6.81,2.16,5.98,5.23,7.32,0.09,2.98,101.894
4.42,6.47,0.42,0.12,8.26,6.27,7.14,2.28,2.88,4.35,7.56,7.02,83.125
6.95,2.13,3.44,0.93,6.03,7.87,4.12,1.4,1.36,2.83,7.17,1.36,149.945
5.31,1.15,6.08,7.41,3.32,3.94,8.29,7.34,4.34,7.75,4.27,5.11,73.342
0.78,3.66,1.06,6.58,1.12,0.62,3.52,2.37,3.56,7.9,8.16,3.81,47.135
0.49,8.06,3.72,7.2,9.31,1.0,4.9,1.26,4.87,9.86,2.65,8.41,93.208
2.69,3.82,7.4,7.21,2.5,2.32,2.14,3.29,3.4,0.77,1.26,1.51,209.701
0.32,8.47,3.37,8.58,8.96,5.73,1.78,4.06,6.19,8.41,0.48,4.2,141.043
5.22,5.34,4.46,3.67,5.89,0.2,2.92,9.04,9.24,0.67,6.45,4.69,75.068
9.66,2.57,4.75,8.25,8.79,7.22,8.86,8.52,3.33,9.37,4.75,3.44,107.761
8.5,6.98,4.7,3.61,3.94,6.15,2.56,0.3,6.72,7.38,8.53,4.16,114.266
6.03,4.3,8.46,0.05,4.18,6.13,9.37,3.96,4.73,4.57,4.51,8.73,81.266
1.74,0.23,4.87,2.98,8.45,4.19,4.72,8.23,0.26,5.83,5.57,2.92,81.584
0.75,3.55,4.59,9.51,1.04,9.7,9.16,0.47,4.91,5.43,1.46,6.52,104.258
5.92,0.96,7.38,5.71,9.0,0.93,2.13,7.43,7.63,3.63,9.52,9.06,75.888
8.78,8.67,9.59,8.24,7.9,8.52,2.71,9.01,8.38,9.12,4.82,5.47,130.853
9.65,7.94,3.24,6.12,1.8,6.24,0.78,7.56,2.71,4.6,6.39,7.56,118.209
4.31,4.25,5.74,2.62,2.37,2.83,2.74,2.78,5.89,3.36,8.25,4.26,81.085
4.7,9.68,2.27,5.49,2.03,4.82,9.7,4.28,4.63,0.42,6.92,0.77,108.496
0.27,3.43,9.92,8.97,6.77,9.66,2.09,1.5,10.0,6.88,8.59,3.68,119.181
6.44,8.36,4.06,1.5,7.54,8.79,2.71,9.9,0.96,4.49,6.71,9.52,106.999
8.38,0.54,4.68,6.68,2.5,9.91,9.95,9.46,4.8,8.16,0.32,5.95,84.601
2.5,8.11,9.11,2.33,9.52,7.45,6.58,5.62,6.53,7.48,9.05,7.39,91.489
9.05,2.84,8.58,9.59,9.85,2.77,9.49,4.11,9.4,1.55,9.3,6.3,106.301
4.92,7.04,1.48,8.04,9.53,6.58,7.52,0.71,7.61,7.66,7.0,2.76,113.019
5.37,8.91,3.46,7.57,2.8,1.35,1.38,0.46,0.4,7.82,9.92,7.78,106.124
4.48,6.62,1.65,5.87,3.53,1.33,7.56,7.55,1.93,5.11,0.43,9.5,73.192
0.61,7.05,1.51,7.97,8.59,8.4,1.17,6.02,5.02,5.65,1.7,6.13,132.853
2.15,3.13,4.57,4.62,2.3,9.07,0.98,4.51,7.05,5.29,5.61,6.98,84.944
5.16,1.73,4.5,3.99,3.64,6.86,2.88,0.61,0.62,3.15,3.9,3.33,178.606
8.58,7.52,8.41,3.9,8.98,4.57,8.62,9.35,0.64,4.19,9.14,8.65,103.375
5.05,2.05,5.45,2.84,1.54,9.53,6.82,8.91,2.89,0.01,0.42,0.79,133.367
1.77,7.69,7.53,5.3,4.35,5.66,4.79,1.7,7.9,4.9,0.56,8.53,113.813
0.15,6.75,8.51,5.0,3.23,1.41,8.58,5.73,6.89,3.04,8.54,3.66,68.743
0.78,2.45,9.96,2.65,9.02,7.43,8.56,9.29,8.74,7.91,1.83,6.01,76.264
8.19,9.49,7.6,2.83,1.28,8.02,1.18,9.06,1.03,4.23,8.2,8.93,114.649
4.25,0.49,4.38,2.55,7.03,3.25,3.91,3.99,2.09,5.31,5.52,6.24,81.116
6.97,1.39,1.3,8.83,4.34,6.83,3.5,3.37,2.96,5.09,4.86,2.17,135.125
9.83,6.29,4.82,2.55,1.97,0.72,2.08,7.89,6.51,9.63,3.72,3.4,78.784
5.06,8.73,2.75,8.23,8.27,6.41,3.66,9.05,7.46,6.29,0.39,8.18,112.618
1.01,2.96,4.7,7.92,6.18,4.4,9.36,5.09,9.52,4.6,9.33,8.76,58.230
6.5,4.89,6.9,3.39,9.92,8.82,4.21,9.22,4.23,2.64,5.46,1.69,147.250
8.46,0.9,5.26,4.51,8.18,0.31,4.82,8.13,0.55,1.92,1.75,6.62,116.099
2.72,3.92,8.32,0.54,3.95,7.98,5.35,9.64,9.83,9.8,4.44,3.29,64.770
4.42,10.0,6.24,6.41,8.01,7.16,2.9,7.32,9.02,0.21,9.69,1.06,139.868
9.56,7.32,8.94,2.23,0.24,6.33,0.54,8.92,8.15,6.35,0.25,2.59,129.179
7.15,8.95,0.06,1.14,9.76,2.56,5.17,2.4,2.04,0.65,1.72,9.79,136.059
7.31,3.12,0.18,8.7,2.33,4.65,2.42,1.66,1.52,6.88,4.86,3.31,127.312
6.43,5.76,5.13,4.86,3.78,1.04,7.47,0.15,5.54,2.06,1.83,1.75,143.617
7.74,4.63,5.36,6.73,3.12,8.95,4.58,6.13,9.15,1.55,4.5,7.22,110.263
7.97,7.98,6.55,6.54,7.28,1.06,3.19,8.52,4.58,4.78,5.04,2.64,130.017
6.59,8.09,2.05,7.76,1.51,2.22,1.9,5.98,1.48,7.11,5.34,8.7,92.494
7.65,10.0,8.51,5.75,5.09,7.5,0.27,5.6,1.14,8.57,2.12,3.65,208.431
3.44,9.06,4.93,2.55,5.64,1.67,6.78,0.96,0.07,4.83,6.7,6.02,107.610
2.88,8.21,8.41,2.35,3.91,5.74,6.29,1.75,0.27,6.69,6.91,5.03,116.927
3.67,6.66,5.92,3.68,9.68,1.79,1.41,1.23,9.21,9.53,0.39,6.08,112.747
8.67,9.21,5.21,3.12,1.82,4.27,8.86,0.52,2.55,1.97,3.71,6.07,136.402
5.38,6.16,8.18,8.95,0.31,2.03,3.99,4.29,7.98,8.59,7.32,9.96,73.606
8.83,3.1,9.22,8.6,3.76,3.62,8.25,8.48,3.43,5.02,8.19,0.96,108.156
1.61,8.19,6.78,7.8,4.17,9.79,1.06,9.47,6.01,3.9,8.3,8.25,103.650
3.09,1.45,1.9,5.69,1.58,6.54,0.94,0.75,4.73,8.23,6.16,4.28,80.709
9.29,9.16,0.09,5.66,8.69,9.98,4.89,8.2,9.76,8.71,5.17,9.99,91.759
0.36,0.81,3.59,3.0,3.95,1.07,7.79,9.08,1.8,7.75,4.8,7.01,33.429
0.81,3.96,5.71,5.43,4.79,9.88,0.11,1.55,5.89,6.51,2.2,8.28,124.613
2.85,6.8,7.53,4.64,0.16,3.18,9.76,3.24,9.18,0.56,8.34,0.19,80.461
5.41,4.56,9.12,2.34,6.94,1.25,4.75,2.43,5.44,3.39,4.88,3.9,119.484
7.45,7.53,7.26,9.92,8.63,9.68,6.34,3.09,7.72,8.72,4.69,9.57,125.766
3.94,8.74,6.41,9.53,4.56,7.55,2.31,3.16,6.17,2.84,9.24,5.58,139.010
4.62,0.95,7.33,2.92,3.58,4.97,7.16,4.16,4.18,8.83,0.84,5.81,78.664
0.17,4.09,1.53,9.75,6.05,1.74,1.35,8.06,1.3,5.74,9.56,1.19,85.772
5.88,6.83,3.62,7.17,7.61,0.48,2.51,9.02,1.43,0.96,1.04,1.75,189.048
1.89,4.48,7.69,0.06,6.14,1.81,9.45,0.95,2.32,1.14,0.67,5.03,112.832
4.96,1.25,0.37,4.96,8.02,5.66,9.06,4.77,4.53,4.2,8.09,5.9,69.001
5.73,4.15,1.03,4.78,9.42,0.53,6.76,4.44,1.3,8.17,6.5,5.28,79.014
7.88,7.98,6.74,5.32,9.69,1.44,2.61,1.91,9.3,2.73,7.73,7.2,124.047
8.39,2.76,8.58,6.23,3.97,4.55,0.06,9.11,2.83,2.98,8.32,0.6,144.268
1.0,5.59,8.81,3.42,3.98,0.85,1.42,6.24,7.44,7.35,2.79,3.58,82.061
5.22,6.06,4.12,1.18,7.53,5.25,6.99,8.66,1.09,7.93,7.77,7.87,72.836
0.56,9.29,1.03,5.56,0.65,5.31,1.77,1.8,3.12,4.16,4.72,2.63,123.077
5.01,3.65,2.85,4.8,3.69,3.59,1.32,3.67,6.69,3.16,8.1,7.4,77.752
6.94,2.1,9.89,2.71,4.47,7.02,1.8,2.72,1.58,9.22,1.35,4.77,154.524
0.83,6.65,0.73,5.53,3.8,9.44,3.88,9.35,8.23,3.25,6.63,9.9,65.422
5.53,7.94,4.75,9.73,9.65,9.5,2.62,9.03,3.45,8.16,1.98,7.4,144.301
5.12,5.06,8.39,8.0,5.85,7.11,4.59,7.0,9.62,7.11,7.24,1.19,107.565
7.55,9.03,8.83,2.41,3.95,8.52,2.77,1.35,2.25,1.01,0.82,9.32,229.966
5.64,3.37,0.5,5.25,8.8,9.45,1.0,0.78,4.4,7.26,5.92,1.05,161.734
3.63,7.17,0.82,5.22,5.75,6.54,0.23,1.8,0.27,1.36,3.52,7.75,195.111
4.13,6.18,6.14,5.29,2.96,5.71,2.55,7.77,7.44,1.7,3.76,3.03,115.848
9.45,1.21,7.16,6.66,3.29,2.88,0.52,4.85,0.37,9.94,8.95,8.03,93.846
8.99,2.91,1.37,8.03,4.44,0.57,0.24,2.97,5.24,6.98,6.36,8.44,87.033
6.28,6.42,4.9,1.16,2.22,2.81,7.69,7.74,3.05,8.79,3.86,6.93,62.507
4.81,5.13,7.18,2.56,6.74,3.11,8.8,2.9,6.78,5.86,5.87,7.8,77.690
7.47,4.75,6.46,5.01,0.9,0.97,5.38,7.81,1.59,5.88,3.15,5.06,88.535
2.79,1.13,1.73,6.98,9.62,3.82,3.38,2.41,7.63,7.96,0.42,5.69,94.834
0.5,4.71,0.78,0.95,1.75,5.86,7.12,0.95,8.99,8.18,4.09,2.62,45.540
2.78,9.86,4.63,1.36,3.4,8.38,9.44,3.48,6.56,4.15,4.55,4.79,92.235
4.33,6.56,9.92,4.85,1.59,6.65,0.2,1.53,3.59,5.4,7.05,2.67,165.851
2.67,4.12,1.74,2.33,8.26,4.8,2.5,3.74,6.0,6.96,0.21,1.65,113.580
4.51,0.11,4.66,3.57,2.39,9.43,6.97,5.88,6.91,4.05,7.55,6.76,64.717
1.63,7.49,1.68,3.82,2.24,9.32,8.26,9.58,7.7,5.14,8.68,7.77,55.548
5.4,0.94,4.78,3.3,9.81,4.07,9.75,7.13,8.5,0.19,1.97,9.22,76.986
6.61,1.53,0.52,1.07,5.65,3.78,7.34,7.92,8.02,6.63,2.87,5.04,50.661
5.37,1.52,4.29,7.09,0.52,6.01,4.38,8.75,0.87,6.49,9.51,5.09,70.675
9.33,9.35,3.54,3.75,9.25,5.38,4.79,6.05,7.4,1.98,5.24,6.55,126.835
5.75,5.55,4.54,3.81,7.05,6.19,3.64,3.67,1.26,6.14,5.77,2.6,142.504
4.46,7.3,4.64,2.38,2.93,8.12,2.25,9.68,6.92,6.35,8.53,3.5,80.124
7.58,7.12,0.4,9.94,0.13,3.51,1.55,4.09,8.58,3.14,0.14,7.78,113.449
6.55,2.21,4.2,1.42,5.49,7.87,8.84,7.12,8.73,0.33,8.42,8.62,65.953
2.68,6.03,9.65,3.63,1.01,1.42,2.86,5.33,9.48,1.28,0.65,2.42,110.899
5.7,3.4,3.4,1.84,4.78,9.81,1.76,3.59,7.68,5.11,4.11,5.22,105.315
9.85,6.0,8.1,9.04,3.0,6.35,4.59,2.79,3.2,1.75,0.63,3.2,262.005
8.27,3.01,0.01,0.22,5.52,3.42,6.22,4.26,2.87,1.16,5.42,0.25,101.338
9.12,8.1,4.02,4.89,9.3,8.92,5.93,6.66,0.94,4.88,7.36,0.34,169.858
5.4,0.96,7.42,4.04,5.38,4.83,1.92,0.47,6.58,5.28,7.74,6.8,97.360
6.82,3.53,4.78,0.98,9.77,5.33,4.4,1.47,8.38,5.84,8.91,2.85,97.991
0.51,0.74,3.91,4.76,7.68,6.31,5.54,4.54,7.0,4.33,7.17,0.43,82.420
4.9,3.67,0.92,7.28,9.08,1.36,6.66,3.31,4.98,0.84,2.28,9.21,99.743
5.68,5.56,3.9,3.35,1.85,8.48,7.87,9.16,9.34,9.05,8.82,1.21,63.410
6.29,3.59,5.6,2.2,1.2,1.32,4.33,2.17,0.89,9.06,0.21,4.91,93.649
6.64,6.46,4.44,6.13,5.92,3.71,0.24,5.39,7.3,2.1,0.85,3.4,172.718
5.2,6.43,6.02,5.19,9.13,5.59,2.95,6.46,6.08,0.78,8.78,9.97,107.253
9.98,7.89,8.91,5.54,9.93,6.68,6.23,0.28,0.88,7.27,9.86,3.57,174.190
2.57,6.73,5.91,4.8,7.02,5.5,6.35,2.1,3.96,1.24,8.52,5.69,116.762
3.6,9.24,3.32,7.76,8.25,3.11,5.58,4.77,9.19,8.3,9.11,2.05,90.462
7.05,5.03,4.83,7.92,7.66,4.12,1.22,9.56,5.29,3.99,0.76,7.83,127.784
8.18,5.62,8.41,5.55,0.96,6.58,5.83,3.26,9.92,7.63,8.96,1.93,94.058
2.16,5.45,4.56,9.74,5.9,6.56,1.32,8.27,2.21,4.97,6.12,7.92,111.555
5.97,4.7,7.36,6.27,9.28,0.24,1.59,2.46,7.04,8.33,9.52,0.38,115.348
3.83,2.32,8.87,7.39,6.25,3.7,9.31,3.71,9.13,4.95,5.74,4.32,87.083
4.24,1.37,7.07,6.92,5.38,4.96,5.46,9.79,7.43,9.82,4.05,7.12,68.560
5.1,3.96,7.61,7.83,4.01,9.83,1.66,2.55,3.13,4.07,2.13,0.13,280.468
1.45,8.52,4.18,5.12,4.16,4.69,6.38,4.52,5.67,8.3,4.0,4.44,84.419
3.27,0.84,4.7,7.48,8.15,2.95,2.53,1.98,1.24,4.22,3.94,8.84,120.396
8.27,9.8,7.39,4.02,4.29,6.76,5.81,9.45,5.25,4.36,4.22,2.79,127.133
1.04,3.14,7.86,2.16,9.79,5.19,3.27,7.78,6.71,1.77,0.17,1.13,140.086
8.82,9.09,0.21,6.29,5.21,7.96,6.48,7.67,4.71,7.56,8.65,2.73,99.418
3.85,1.18,7.16,7.01,0.94,7.59,9.73,4.22,8.78,3.72,0.09,2.67,94.933
5.46,8.02,4.46,1.76,8.64,7.75,3.25,6.12,3.44,3.96,3.26,0.4,176.652
9.35,6.84,7.56,1.22,7.29,3.12,7.87,0.3,2.57,7.48,5.17,8.84,109.774
4.75,7.65,4.78,5.71,0.46,5.21,5.37,6.11,8.41,9.29,0.79,1.72,90.123
8.77,7.21,4.71,2.97,4.09,5.54,1.9,5.87,1.88,5.39,8.39,0.1,141.479
1.47,7.73,3.11,2.54,1.71,3.46,0.96,8.63,4.2,2.88,5.33,9.71,63.135
1.81,7.88,1.07,3.25,7.42,4.87,0.46,1.14,5.44,0.63,3.37,1.61,207.905
9.06,1.79,5.18,4.35,5.18,3.02,5.87,4.09,5.17,1.61,9.72,8.65,81.401
2.37,8.58,7.29,4.03,2.83,0.05,8.02,5.55,6.44,0.34,0.92,6.37,90.991
0.36,5.75,5.38,7.61,1.93,0.99,8.33,0.59,9.34,1.23,8.19,0.83,77.236
6.74,3.16,1.56,5.66,8.13,6.71,9.13,1.2,5.58,10.0,0.09,6.12,99.502
2.62,1.27,0.28,4.77,6.04,9.19,1.41,8.94,0.26,2.36,1.53,1.37,152.300
3.56,2.53,7.49,6.88,9.37,9.3,0.11,6.73,8.93,8.88,5.69,7.25,104.097
0.22,6.62,2.68,6.34,5.07,8.56,0.28,9.41,4.64,8.05,6.85,1.26,96.720
3.81,8.3,8.59,0.97,6.85,0.32,7.78,7.55,8.81,9.3,2.07,3.66,73.628
4.73,5.17,8.18,2.76,7.0,3.41,4.71,1.13,6.9,3.12,6.88,5.12,112.168
2.27,7.45,2.86,9.7,3.9,2.77,0.58,7.4,8.04,3.07,1.63,7.05,104.249
8.18,0.26,8.09,1.88,6.85,7.2,1.74,8.23,5.37,1.44,3.91,1.88,143.819
9.81,9.57,6.63,1.33,1.01,2.86,3.24,0.53,5.3,3.84,9.45,1.37,131.521
4.18,1.86,5.37,4.6,7.93,2.95,8.4,7.96,8.13,4.28,2.35,6.31,71.841
9.84,5.01,5.05,9.69,7.5,2.89,7.12,2.66,5.33,2.72,2.02,8.1,143.041
7.34,2.62,6.82,0.72,6.97,2.99,5.88,2.64,0.11,0.56,2.76,3.12,182.216
0.67,5.71,8.26,1.0,3.56,1.81,6.07,2.79,2.61,2.25,0.82,9.49,87.432
9.28,2.23,3.49,0.42,4.92,2.02,2.49,8.7,2.27,3.31,5.06,7.65,75.848
7.44,8.54,5.9,4.3,3.8,3.09,2.0,7.85,5.82,4.8,8.46,4.25,99.668
1.93,7.96,0.53,2.78,5.06,0.77,3.21,4.04,0.06,0.09,2.13,8.93,103.088
3.21,2.65,9.39,6.44,5.06,5.79,1.51,8.8,5.03,8.79,4.69,8.42,87.379
5.28,3.57,8.66,0.82,4.75,4.87,9.16,2.5,0.39,5.32,5.04,4.46,104.019
5.76,3.54,3.57,6.37,2.88,0.59,3.41,9.74,4.82,8.73,2.63,4.36,67.409
2.88,0.79,7.74,0.27,2.81,7.05,0.93,5.68,5.06,9.03,0.65,5.04,81.622
6.23,4.22,6.87,1.72,0.55,0.54,3.49,5.25,3.83,8.58,2.5,4.02,72.750
1.65,6.13,2.79,4.61,7.06,4.39,6.76,1.7,9.59,2.0,5.05,7.4,81.938
4.8,6.65,3.11,6.78,3.4,7.49,3.21,3.14,4.87,7.86,0.51,1.02,156.380
8.64,6.32,1.88,9.2,3.24,7.66,9.85,6.51,5.66,3.88,8.21,9.73,84.261
5.34,6.45,8.56,9.6,2.48,9.35,7.11,2.16,0.88,6.53,1.89,6.54,166.388
4.27,3.97,3.85,3.41,9.53,6.69,6.23,8.81,0.99,0.38,1.46,0.36,173.999
6.94,0.95,9.75,6.33,5.58,6.15,2.38,1.15,1.81,8.91,4.19,1.29,180.943
2.3,9.02,0.13,2.12,1.92,2.12,9.91,9.99,8.61,5.06,8.05,4.88,37.871
5.74,8.93,6.81,8.1,7.08,5.21,5.09,6.86,9.52,4.08,4.21,3.75,124.948
5.8,2.63,9.58,8.13,5.26,9.83,7.08,8.85,2.69,9.16,4.28,5.66,109.305
6.53,7.6,9.11,4.26,6.33,9.23,6.87,6.62,5.29,4.0,6.7,8.86,112.311
7.2,9.24,0.88,8.11,3.84,5.24,2.83,6.79,3.18,7.82,7.82,8.89,92.446
2.55,3.9,1.4,9.3,0.88,3.55,8.2,1.33,4.2,2.24,9.82,3.7,73.177
2.37,9.15,5.92,5.39,2.66,4.13,3.4,1.33,3.87,8.79,1.39,5.42,122.397
6.68,2.73,5.92,0.2,9.45,5.41,7.7,5.25,6.58,4.0,0.21,6.04,102.048
1.83,8.78,9.08,8.78,8.56,8.43,9.73,7.08,9.64,9.82,8.87,0.39,99.846
1.08,8.73,3.8,4.73,5.9,2.21,6.4,2.61,0.19,5.05,5.98,8.19,93.068
9.42,0.5,3.08,3.07,7.34,6.86,4.26,1.66,4.11,4.8,8.34,7.79,97.771
6.98,9.15,5.81,2.43,9.2,2.04,2.81,3.4,0.08,2.89,8.85,2.24,175.678
2.37,0.41,0.04,0.81,0.86,9.75,1.65,5.64,7.39,2.6,8.75,6.99,43.125
6.36,7.56,2.91,9.75,8.26,8.72,1.19,5.47,5.33,3.23,2.09,4.21,202.416
2.45,3.07,2.25,9.57,0.85,4.2,9.86,4.21,6.22,8.96,2.5,6.43,58.643
0.68,5.15,8.33,6.19,9.71,4.75,2.04,7.14,8.69,6.03,2.03,2.09,124.233
8.83,7.96,2.73,0.62,3.22,3.84,0.51,6.07,0.82,5.47,2.13,3.76,144.989
3.84,2.69,0.5,1.8,4.63,1.26,3.13,3.92,7.11,6.06,4.31,9.45,43.320
2.91,0.46,2.22,7.58,2.39,7.31,8.74,1.4,6.99,0.34,3.48,0.89,104.716
0.42,2.68,7.28,2.68,0.92,6.15,1.55,8.51,7.08,7.91,5.32,0.92,64.334
2.77,7.83,8.67,5.82,6.89,2.03,6.44,4.16,8.01,3.91,9.4,2.18,99.736
6.06,6.24,8.47,4.69,4.62,9.14,8.61,9.33,5.16,4.62,4.64,6.47,101.004
9.84,7.52,2.06,2.56,1.01,3.0,2.33,2.1,2.8,8.01,4.91,6.67,96.905
3.44,9.62,2.67,3.69,2.93,6.83,3.01,8.34,3.48,6.81,1.08,0.22,127.201
3.92,2.03,8.61,7.04,0.42,1.97,4.47,1.34,4.64,7.61,9.79,4.89,73.274
2.3,0.24,6.55,0.51,2.95,7.23,9.94,7.83,2.9,2.43,6.3,5.34,56.937
8.94,7.93,6.86,4.4,2.75,0.77,9.1,5.28,8.14,3.91,3.87,0.3,103.431
9.21,0.94,6.73,6.13,0.36,1.54,4.13,7.25,5.11,1.54,4.58,4.93,90.450
8.52,3.24,5.72,3.37,7.86,4.06,8.95,8.92,4.14,4.2,8.36,7.88,77.197
6.78,5.02,9.13,2.03,5.71,9.75,7.67,4.48,0.82,9.72,6.73,4.44,113.467
1.26,8.79,8.85,7.3,8.87,1.79,2.81,1.56,5.3,9.53,6.01,4.98,122.093
9.35,0.71,4.31,7.93,4.65,8.2,7.69,4.89,9.92,5.07,7.05,4.84,89.078
7.14,9.41,2.12,7.49,7.32,9.19,0.43,9.27,1.58,5.79,5.86,4.84,153.655
2.89,0.93,9.5,2.78,3.63,1.07,6.05,9.51,2.07,3.48,8.86,5.7,58.312
3.76,6.83,5.57,0.32,7.11,7.18,5.25,4.12,2.93,4.88,6.76,4.69,107.475
1.41,3.87,3.24,6.5,5.24,6.24,1.55,8.95,6.73,8.46,6.12,2.44,77.372
9.78,1.0,0.15,1.67,8.09,7.62,5.04,3.64,9.5,2.03,7.11,6.07,84.786
2.13,5.03,8.58,5.9,3.12,7.99,9.93,8.1,2.73,9.39,4.52,8.97,75.046
3.92,1.18,5.3,1.92,9.58,5.08,2.88,7.21,4.02,3.87,5.85,5.55,91.831
1.91,0.67,7.87,1.75,6.28,9.89,4.83,2.52,5.89,5.86,8.22,1.86,97.224
8.34,7.28,7.68,1.03,9.87,2.37,7.69,0.25,1.85,0.39,9.11,2.24,169.856
5.23,1.81,1.35,8.23,7.77,0.73,8.29,3.41,7.76,3.97,8.25,7.69,63.805
6.41,9.37,2.1,2.44,8.86,4.37,8.15,3.56,3.66,3.14,5.42,8.2,104.420
3.41,1.77,8.89,3.39,9.77,4.89,4.81,2.54,0.51,2.31,9.59,0.52,158.383
4.09,2.67,0.14,0.95,4.98,3.5,1.95,0.48,5.03,4.61,1.78,7.49,76.523
9.99,0.56,4.92,7.46,0.91,4.44,4.85,9.01,6.6,1.34,8.0,8.98,72.924
0.29,7.37,5.82,9.65,5.5,5.83,1.87,6.08,6.75,5.2,9.64,3.54,104.172
3.46,7.98,1.24,0.73,7.13,3.01,2.33,1.83,4.29,4.81,3.45,0.02,140.765
9.67,8.25,2.55,0.42,7.15,9.23,2.43,3.26,4.93,8.94,5.32,3.18,132.823
1.71,4.44,4.11,3.32,1.52,4.31,8.78,8.18,5.54,8.61,4.38,4.5,48.537
7.06,1.45,6.01,0.47,1.38,4.2,0.53,1.59,6.3,4.44,7.0,3.76,87.087
5.71,3.1,3.46,4.56,1.67,8.52,0.32,1.17,0.72,1.23,9.2,6.82,138.849
9.18,1.43,5.18,6.7,6.41,6.45,9.28,5.14,5.43,0.68,0.5,0.74,162.379
3.21,0.29,6.97,7.49,6.87,4.24,4.47,4.71,1.89,1.38,9.66,3.56,113.245
8.21,5.09,5.93,9.82,9.73,4.22,6.54,7.88,5.13,6.59,9.14,6.21,103.639
7.66,3.61,2.66,4.42,7.7,9.64,2.99,9.89,3.65,9.93,7.17,2.02,100.112
8.51,6.89,7.75,5.4,5.01,6.83,1.72,4.64,9.46,5.42,7.92,7.97,108.780
2.09,3.6,2.16,2.47,0.83,9.81,9.53,1.34,2.16,7.3,1.56,9.32,67.158
1.23,9.8,6.44,1.49,5.05,9.43,1.8,0.86,4.43,4.59,1.64,0.87,235.659
8.76,4.52,0.04,3.44,4.31,3.49,6.19,5.64,2.2,1.93,8.37,1.53,94.973
6.66,1.97,3.99,1.4,5.23,8.77,7.18,4.08,4.83,9.24,2.71,4.88,85.115
9.55,5.3,6.91,7.58,1.11,3.57,3.17,5.34,2.09,3.52,2.98,0.96,188.372
2.07,5.82,8.35,3.89,7.81,5.98,6.39,8.1,9.12,3.21,2.9,9.01,87.581
4.95,3.68,0.72,5.47,6.27,3.27,6.27,1.31,9.65,6.96,0.66,7.96,74.246
3.27,7.58,5.62,7.72,1.03,9.46,3.04,2.59,7.06,7.69,0.29,1.69,155.098
5.75,3.07,5.75,9.89,6.91,6.73,2.98,4.45,0.23,7.21,8.35,5.23,133.919
9.25,5.78,6.41,9.57,3.24,6.33,1.0,1.9,3.3,9.51,2.81,5.79,166.927
5.62,8.17,0.08,3.9,4.91,3.09,0.99,7.3,7.65,5.23,3.79,3.68,89.979
9.25,6.65,2.69,1.05,7.39,6.96,8.9,3.38,3.27,9.78,9.18,2.71,91.322
5.01,6.85,3.12,5.87,9.63,8.59,2.76,8.33,2.76,1.37,3.61,8.07,145.242
6.94,6.54,8.92,4.73,0.42,4.13,9.75,4.37,1.28,5.64,3.32,9.37,93.922
8.69,5.62,0.25,9.93,1.56,0.67,9.2,6.05,6.66,1.31,4.77,2.44,87.808
2.63,7.51,1.64,4.35,1.38,8.4,9.9,6.87,5.98,1.68,8.17,9.01,62.269
0.54,9.85,1.21,1.84,1.61,6.98,8.73,9.81,9.25,9.08,4.23,5.54,47.234
5.47,9.81,5.97,8.98,3.18,1.54,3.84,6.52,6.02,8.22,5.33,4.5,101.510
2.25,5.73,0.15,5.39,9.06,5.78,0.17,4.92,3.12,6.48,5.98,3.86,115.614
3.87,9.91,2.69,3.46,8.0,8.44,6.61,2.85,1.11,5.84,0.97,5.78,157.038
7.76,1.98,8.87,6.09,3.66,5.09,4.07,8.2,10.0,3.09,0.53,4.61,109.672
4.83,9.78,3.1,0.98,6.75,4.28,8.88,5.5,9.36,5.39,9.75,6.15,66.000
0.42,1.71,8.4,5.81,0.55,9.93,0.18,5.54,7.21,1.59,7.18,3.92,104.684
3.27,2.16,0.85,8.22,8.59,2.78,8.38,4.87,1.65,7.08,8.54,8.43,66.418
6.86,8.75,9.47,4.76,5.14,3.02,8.95,6.99,3.31,9.27,7.69,9.08,83.904
4.42,6.11,2.47,4.07,8.29,3.29,9.45,1.32,8.82,1.5,8.92,9.41,72.679
5.01,5.33,5.79,5.67,0.74,8.18,4.41,6.34,8.41,3.35,4.87,0.41,110.543
6.17,1.54,9.58,6.33,6.84,3.08,6.57,5.01,1.29,6.36,0.92,7.62,120.778
4.19,7.97,8.63,4.33,5.03,1.78,6.3,7.85,2.77,4.25,8.88,0.59,104.210
3.92,8.2,8.48,6.77,5.58,8.16,5.59,2.89,7.12,1.38,4.64,7.4,141.661
1.52,8.25,2.95,0.57,6.71,5.69,7.38,8.83,8.64,6.75,4.19,7.43,59.440
3.47,1.15,3.9,4.69,8.95,0.87,0.09,6.08,9.74,8.73,3.89,1.65,76.309
0.13,9.98,3.67,9.57,6.4,1.51,2.73,8.04,2.88,7.74,3.6,9.04,91.860
8.47,5.45,0.76,9.43,5.02,3.09,3.64,0.28,5.76,2.74,5.1,8.08,125.859
2.67,0.05,4.46,8.58,2.71,6.4,9.05,6.66,6.47,5.78,3.47,3.68,70.835
4.38,4.59,3.27,5.73,0.46,3.74,1.45,7.01,5.41,9.08,6.58,4.73,64.711
6.57,2.84,5.39,6.74,1.74,6.27,9.42,2.6,0.06,8.41,3.62,0.93,118.011
8.33,2.44,1.45,5.47,9.2,4.29,9.95,5.13,9.13,9.3,6.9,8.65,63.555
7.37,3.36,2.04,4.2,3.28,8.92,9.03,4.63,8.89,6.47,4.18,5.21,75.944
1.21,3.51,0.87,8.0,0.53,9.84,5.12,3.8,2.8,9.94,5.25,3.24,79.469
7.34,5.84,1.92,5.85,6.12,1.1,1.35,5.41,9.04,3.12,4.84,0.99,113.818
5.73,0.46,5.37,1.74,1.34,9.38,1.94,9.17,0.61,3.54,4.88,7.92,85.602
4.74,7.82,7.64,8.16,5.78,6.2,2.72,3.55,0.27,7.99,5.22,9.89,136.100
0.48,3.21,0.5,0.2,3.8,4.2,9.58,8.56,4.71,4.9,9.0,5.74,29.160
6.38,2.27,1.85,1.18,0.49,3.15,6.22,8.35,1.72,5.36,2.16,4.54,54.039
4.95,9.86,2.41,2.29,9.53,3.88,0.79,0.03,1.89,4.56,0.4,4.07,280.409
9.14,8.64,0.79,4.7,4.02,9.61,4.47,5.56,4.25,7.63,4.95,0.37,135.512
4.8,4.26,3.21,8.21,6.31,0.06,0.6,4.76,8.55,0.29,0.04,0.23,185.556
3.62,1.17,4.93,9.48,1.02,8.92,9.18,9.74,0.57,8.73,5.79,0.09,85.455
0.09,0.02,1.66,0.07,2.23,4.6,7.36,4.23,3.68,2.91,1.31,2.1,40.157
4.49,3.69,0.87,1.94,6.28,4.8,6.4,9.5,1.58,1.26,7.25,1.08,81.529
6.31,2.88,1.31,7.44,5.18,1.12,4.64,3.26,2.21,4.24,3.71,0.32,131.882
3.23,7.24,1.95,6.55,2.16,3.46,9.75,0.95,9.18,0.87,1.82,8.76,78.487
9.49,6.51,5.05,7.03,0.97,9.53,5.61,7.16,7.09,1.8,7.84,6.08,108.432
9.52,9.17,5.36,4.12,5.01,3.34,2.9,7.87,7.01,5.52,5.28,7.87,100.192
9.66,7.51,0.47,0.67,5.52,2.19,6.91,7.27,4.3,0.37,7.32,4.92,83.693
0.31,9.98,3.3,3.54,0.09,3.36,7.34,9.45,9.25,6.73,9.91,6.19,42.112
3.02,8.33,2.79,8.93,5.31,1.62,1.42,9.47,6.63,5.21,5.13,8.94,81.522
8.73,4.31,2.04,3.01,8.88,8.85,4.64,2.14,2.34,5.42,7.22,2.16,149.749
4.36,1.57,7.03,6.37,9.61,5.43,2.51,6.24,5.2,2.29,7.54,9.35,103.743
2.55,1.93,8.44,9.67,9.58,0.56,2.73,4.9,9.91,7.48,3.84,5.12,96.321
7.66,2.36,1.75,5.3,4.69,9.49,4.84,4.07,2.84,4.9,2.02,2.08,150.602
7.8,0.63,2.08,5.12,8.72,4.5,8.39,8.64,5.94,1.97,8.33,2.83,79.917
3.24,0.08,5.75,0.83,2.55,4.82,6.04,5.77,7.03,9.93,3.13,1.21,52.159
5.58,0.19,2.73,0.3,2.86,9.73,7.66,7.96,2.34,10.0,1.45,5.6,61.097
4.76,8.5,5.62,8.66,6.37,7.89,1.3,6.09,1.34,9.93,3.11,5.27,154.586
8.22,5.75,6.47,1.73,0.04,1.35,5.85,9.05,1.79,6.78,1.94,6.8,73.145
5.38,7.12,9.85,7.26,8.58,1.76,7.23,7.2,2.48,0.2,0.08,0.11,230.925
9.11,7.44,1.31,2.29,6.0,0.31,3.34,3.97,6.88,6.06,1.48,0.44,119.350
5.41,7.32,6.53,6.43,6.7,4.97,3.6,1.08,6.29,9.67,8.32,1.11,124.243
0.22,0.8,3.74,5.09,0.4,2.47,9.79,5.44,1.44,8.03,5.7,4.33,36.625
8.36,3.39,9.82,8.72,2.74,7.27,5.84,9.81,5.26,1.14,6.24,5.36,119.762
8.49,6.12,1.48,3.06,1.59,1.31,8.29,8.99,4.32,4.57,0.59,9.78,60.345
9.08,9.49,9.31,9.52,7.95,3.14,8.29,1.55,1.03,7.93,6.23,5.79,157.333
7.09,0.66,1.28,0.15,7.27,1.77,2.74,3.76,1.72,7.87,4.6,8.94,61.492
3.17,2.8,9.64,1.93,4.64,8.68,8.26,1.3,7.87,4.65,8.01,9.24,78.464
0.76,8.44,3.1,7.49,2.17,6.81,2.2,4.91,9.56,6.38,3.82,9.17,79.828
4.19,9.39,9.28,9.32,8.66,4.94,9.62,8.84,4.66,8.84,4.1,1.55,121.723
2.92,8.85,9.83,4.22,0.82,7.51,7.72,8.43,4.47,3.02,0.01,9.46,103.141
3.29,2.9,3.12,5.11,2.73,9.65,7.12,7.98,5.22,1.33,4.25,4.13,89.244
1.03,7.39,1.66,7.52,6.57,2.43,4.66,4.98,5.83,1.63,2.12,7.62,99.106
7.21,1.99,1.01,9.81,8.65,5.02,8.54,1.99,5.64,0.25,0.54,0.47,193.287
8.86,7.21,6.94,8.04,5.53,4.16,0.21,2.38,0.64,1.77,2.65,0.64,491.435
7.67,5.61,0.81,7.49,4.39,5.71,9.73,4.42,8.28,4.9,6.1,7.2,77.972
2.45,0.3,9.41,1.92,3.99,7.94,1.43,7.48,4.17,2.11,9.43,4.72,88.650
8.93,3.13,2.26,7.2,4.56,4.77,2.6,8.55,8.31,0.75,1.85,0.09,139.278
4.37,1.23,7.99,7.72,4.35,4.79,6.43,5.95,8.46,8.16,7.03,9.16,67.382
2.29,4.65,1.24,4.52,2.49,9.02,5.04,6.13,1.3,8.03,9.56,7.12,65.116
9.4,8.34,7.59,5.07,8.3,6.96,0.16,2.85,1.12,6.52,5.26,5.54,212.867
7.74,2.83,5.07,1.94,9.82,9.48,5.3,4.59,4.11,9.78,5.86,6.42,102.274
4.7,2.28,4.12,0.22,4.49,1.41,3.8,8.32,8.0,2.27,2.84,9.23,49.971
5.59,0.36,8.45,1.09,9.39,7.29,9.11,6.66,3.41,2.69,7.79,7.91,85.627
9.77,3.33,7.77,6.05,7.05,4.2,6.1,3.11,5.29,5.74,3.79,9.18,114.935
5.74,8.67,3.55,1.51,5.51,3.16,0.72,6.57,7.18,9.69,6.64,1.19,87.965
7.55,2.06,7.46,7.39,0.03,7.52,6.7,3.33,8.4,4.62,2.35,6.81,99.379
3.87,7.55,3.85,0.41,3.64,2.76,1.74,7.96,3.54,2.94,2.42,5.26,92.540
1.45,1.45,7.86,8.85,5.78,9.08,4.4,7.53,2.99,9.73,4.99,3.48,104.076
5.11,8.68,8.16,9.38,8.51,5.01,8.5,6.26,4.81,4.38,1.92,3.59,152.240
3.8,1.5,1.07,5.69,7.73,4.9,8.88,1.99,9.6,3.31,4.94,0.29,85.109
0.87,9.29,7.0,6.58,0.99,5.76,7.73,0.47,0.86,0.05,1.57,1.22,256.218
5.93,7.6,9.86,1.19,8.71,5.49,5.86,3.58,5.37,9.51,3.75,5.78,114.564
8.28,5.7,4.76,2.63,8.5,9.26,0.51,7.98,5.01,5.16,3.88,9.65,121.559
8.84,9.57,4.87,2.76,2.32,0.96,6.24,7.34,6.77,4.65,5.72,0.09,95.164
6.7,1.68,6.62,9.56,3.31,4.4,9.42,0.55,6.06,2.67,7.71,3.0,109.725
5.72,5.51,9.14,6.53,8.03,6.49,5.19,2.56,7.82,0.42,1.54,7.07,168.374
9.49,9.05,7.86,1.44,0.66,0.91,0.65,9.97,4.53,3.65,9.53,8.4,80.071
7.78,2.45,6.48,1.06,6.45,6.59,4.03,9.91,5.86,1.86,0.42,0.04,139.286
5.89,4.81,6.64,2.12,1.07,3.54,7.29,5.92,5.99,8.59,5.83,8.84,56.689
8.66,4.24,1.94,8.49,6.03,9.65,4.29,4.51,3.25,4.08,3.48,6.44,149.750
2.74,8.51,2.43,6.43,7.91,2.6,4.31,8.76,3.75,6.46,9.52,6.95,77.031
7.24,4.16,5.97,8.58,9.68,0.57,8.6,5.29,7.72,7.72,0.33,3.46,109.300
6.36,3.83,3.24,4.38,4.27,1.22,7.76,1.25,6.98,8.12,2.22,7.0,69.907
6.35,9.1,4.67,2.74,6.98,8.34,6.6,0.18,6.64,9.21,1.59,9.59,112.925
8.86,3.46,6.51,8.5,9.14,9.01,9.04,6.49,1.17,3.6,4.76,0.64,176.965
9.65,8.31,6.33,5.51,0.35,3.64,6.94,1.7,6.91,3.95,8.13,7.08,97.349
8.17,3.39,7.72,5.66,6.21,7.49,8.2,6.39,9.21,2.75,0.26,4.99,121.509
6.42,8.03,2.5,0.76,3.74,9.66,3.74,9.22,8.84,7.54,4.66,2.87,84.378
2.8,2.88,9.01,2.36,7.1,6.8,2.13,6.73,7.26,2.77,8.74,2.92,101.309
6.28,6.54,1.63,6.31,1.57,6.72,9.52,3.04,6.66,8.58,4.34,3.44,81.647
9.94,8.89,9.84,3.01,6.53,8.58,9.87,2.89,0.91,6.13,1.29,0.41,217.628
6.08,8.41,6.79,2.7,3.6,7.26,9.78,3.16,6.31,4.75,4.88,6.83,97.564
7.08,7.6,6.76,4.27,0.01,8.49,8.15,9.6,3.85,5.36,1.88,5.08,100.855
9.33,1.35,6.51,2.97,5.18,2.75,0.34,1.77,0.53,1.8,1.48,6.98,217.752
2.67,2.74,0.2,5.86,9.82,8.14,2.57,7.99,9.89,0.99,9.22,0.37,94.844
2.38,6.11,8.48,1.96,8.38,5.16,7.21,5.31,2.51,3.32,3.13,0.02,151.023
9.98,5.25,0.54,4.77,1.01,5.31,7.07,0.31,1.32,2.74,5.96,0.78,147.745
8.6,9.58,6.96,9.87,0.21,4.01,4.27,9.99,8.64,2.3,3.21,1.07,133.073
1.42,1.01,6.92,3.26,8.95,7.58,4.11,5.77,4.23,4.25,1.0,4.52,122.027
4.05,8.9,4.95,7.5,5.38,4.63,0.13,6.12,5.4,6.27,2.74,4.31,141.810
6.99,0.75,3.06,4.29,0.71,7.35,3.34,4.23,3.63,4.33,0.82,2.51,122.747
7.76,8.98,6.38,1.07,1.32,0.14,4.47,1.34,6.81,5.57,1.36,7.64,94.336
4.58,1.85,3.27,6.2,4.11,3.94,8.93,6.52,5.88,2.71,9.16,4.29,63.884
0.23,7.32,8.4,7.77,6.06,5.38,2.22,1.59,1.57,6.51,9.98,4.9,131.341
4.48,6.43,4.55,1.2,3.99,4.21,6.9,0.49,8.6,1.82,3.59,9.2,81.242
4.61,0.71,6.08,5.04,8.5,6.82,1.84,9.54,3.46,6.22,6.92,1.92,106.221
0.46,1.61,0.3,8.5,3.03,7.46,1.46,0.78,4.93,5.03,8.97,6.17,78.127
0.59,2.66,2.98,2.35,7.38,2.86,2.26,3.24,5.51,0.73,2.64,3.29,106.508
6.54,4.78,1.59,0.74,0.77,7.19,0.78,1.13,2.34,7.68,5.81,4.09,98.992
7.2,8.23,2.86,4.01,1.75,5.37,1.27,3.57,4.82,2.84,7.94,8.33,102.259
9.85,2.42,2.34,2.7,1.62,8.07,2.36,6.29,8.7,4.64,7.71,8.18,71.278
9.5,5.66,6.18,0.51,1.27,5.44,7.74,0.66,8.09,2.01,3.42,2.3,117.919
0.6,0.77,6.1,7.98,2.12,8.31,5.84,2.71,8.03,0.1,3.04,6.25,99.653
1.45,9.09,2.26,9.94,3.75,2.91,7.16,4.83,5.45,3.68,8.53,8.34,77.389
1.38,0.84,1.32,9.63,9.64,4.56,7.35,5.94,6.01,1.02,5.04,5.22,89.503
2.61,6.87,4.79,8.92,2.68,9.95,2.92,9.25,4.1,6.08,4.72,0.68,129.081
6.24,4.2,6.74,6.88,7.43,9.52,6.89,8.27,7.94,7.21,2.23,0.43,124.386
7.55,2.78,6.44,4.01,8.73,2.18,4.81,4.22,8.57,1.47,9.07,6.26,92.122
5.26,2.26,7.6,3.97,6.02,5.68,3.93,8.74,8.9,2.03,5.94,1.59,98.908
6.07,0.87,2.92,1.1,4.96,8.16,0.29,0.22,3.93,0.84,0.42,7.74,179.167
6.93,1.53,1.86,9.92,2.04,3.18,9.11,6.31,1.72,8.53,1.14,5.74,78.218
4.57,0.75,6.89,2.96,6.26,0.85,0.6,7.5,1.12,0.67,7.51,4.16,103.340
6.83,2.92,8.8,4.32,5.7,2.9,3.88,8.33,1.76,7.97,6.04,2.79,102.275
1.39,1.88,5.0,2.78,7.54,6.03,5.33,6.37,6.67,8.25,0.86,6.74,71.946
9.93,5.91,7.79,5.97,6.04,8.96,8.35,9.98,4.77,5.83,0.05,1.86,144.617
3.4,6.48,6.64,5.43,5.51,2.06,1.18,7.17,6.72,8.45,3.33,5.46,91.365
4.85,3.92,1.8,7.39,6.26,7.89,5.58,5.58,4.64,6.81,7.08,4.17,94.832
6.4,0.33,0.64,4.66,9.58,5.26,6.97,7.07,6.88,3.15,5.17,6.95,74.247
6.66,6.89,1.81,4.03,1.46,9.0,4.54,9.73,9.45,6.61,1.26,9.41,72.805
5.93,8.97,3.94,2.98,3.77,9.3,1.9,4.1,5.28,0.42,6.35,5.15,150.388
9.6,9.37,2.96,2.39,5.44,0.08,8.27,7.9,8.0,6.43,9.77,8.0,61.691
8.45,3.02,1.98,8.78,4.24,9.12,5.42,0.25,3.91,5.62,9.49,1.06,138.214
6.58,0.13,8.55,7.69,2.58,2.15,2.69,3.48,5.05,7.53,4.09,3.09,106.749
1.86,1.49,6.57,2.49,8.88,7.57,8.06,2.73,4.22,9.24,4.72,1.65,94.252
4.04,9.51,0.86,8.33,3.34,2.66,0.27,5.54,7.38,4.13,3.79,0.98,130.104
8.14,7.64,8.36,9.48,6.84,2.97,4.75,0.36,3.86,2.44,9.52,1.58,192.936
3.24,0.99,1.61,3.59,5.44,9.4,4.48,8.11,4.38,2.16,4.19,3.77,89.590
2.38,9.49,8.86,3.84,9.82,8.17,5.88,4.31,9.84,6.42,5.43,2.25,124.700
4.6,5.32,2.92,4.64,5.37,5.7,1.72,6.0,7.65,6.89,1.71,8.45,88.063
5.1,0.7,6.67,2.92,5.82,6.2,8.36,5.99,6.95,0.92,2.68,9.16,80.476
3.38,7.1,0.34,7.06,9.91,6.17,7.24,9.21,1.35,1.09,0.42,4.74,141.206
6.34,0.22,5.19,0.77,7.43,1.59,8.89,5.62,0.04,5.61,3.54,1.29,86.194
2.3,1.45,9.4,7.73,5.98,8.33,3.71,4.8,2.24,9.4,6.7,9.18,97.669
5.18,7.14,2.68,0.97,2.68,0.9,1.79,4.22,0.17,0.14,4.48,8.57,100.929
8.1,2.74,1.62,8.72,1.37,2.85,3.06,1.14,9.31,3.19,4.44,2.38,107.993
7.01,0.74,4.71,10.0,4.32,8.83,6.17,6.01,5.01,1.58,5.21,5.02,122.793
3.83,2.46,2.41,8.27,5.31,4.36,3.71,7.99,4.21,3.94,4.03,7.63,84.545
3.08,2.03,4.28,6.09,5.92,8.75,1.42,7.72,6.29,5.22,5.27,9.16,85.946
6.12,7.85,3.62,2.07,7.21,1.34,9.56,7.52,1.62,1.18,4.34,9.45,83.784
6.09,4.3,8.46,0.06,8.67,7.01,7.96,7.24,0.82,8.98,1.99,7.62,99.942
5.12,0.57,6.16,4.12,3.74,6.11,2.12,7.66,3.99,7.09,2.54,9.65,78.124
7.74,1.01,2.24,8.22,5.8,0.9,1.01,8.88,6.03,6.07,9.3,4.61,72.173
7.74,2.75,9.37,8.62,1.65,8.81,7.84,0.54,1.39,1.8,3.66,4.62,196.171
9.28,3.08,1.27,0.39,8.39,5.01,4.22,2.38,5.53,3.88,2.96,3.18,123.792
7.77,0.7,6.56,3.06,5.96,9.42,7.65,2.7,2.52,1.62,7.62,8.3,110.062
0.96,0.41,0.92,6.25,9.23,5.35,3.17,5.17,9.19,9.71,3.88,0.3,73.584
7.46,9.31,0.21,5.17,3.98,1.28,9.21,6.72,9.67,0.05,0.23,9.06,78.449
0.49,0.4,5.87,4.78,8.18,2.53,6.98,4.11,5.45,5.22,1.35,6.27,75.732
1.58,9.94,7.21,8.85,8.77,9.32,6.01,8.28,0.42,0.3,6.05,1.13,205.813
1.05,6.43,1.3,9.9,8.4,5.92,1.87,1.43,1.07,3.72,0.01,2.99,297.565
7.18,6.97,10.0,9.82,8.19,7.71,9.02,2.74,3.98,2.4,2.53,6.35,184.567
8.21,8.45,5.6,7.6,3.28,8.42,9.74,8.33,8.02,0.36,4.31,4.76,117.005
5.7,6.54,9.11,8.63,0.37,8.18,4.98,0.18,8.5,6.98,6.89,6.42,113.490
8.14,8.42,6.64,3.62,3.39,0.3,0.34,3.56,6.09,6.1,6.8,1.74,123.873
5.15,0.35,3.46,1.79,8.31,1.16,4.37,6.95,6.55,3.67,4.89,6.45,61.496
1.04,7.75,1.94,8.5,9.3,4.87,4.93,8.87,0.08,4.98,2.91,9.44,107.017
7.49,5.23,9.24,2.07,8.82,5.46,1.03,7.23,9.88,8.93,4.44,5.83,102.598
0.17,6.78,5.56,7.6,7.56,0.44,1.37,6.8,1.08,0.71,7.37,2.06,144.972
0.14,4.7,6.38,2.56,0.62,4.81,6.15,7.97,1.06,3.12,7.41,1.89,69.601
9.98,5.23,5.45,9.15,1.01,0.02,0.81,7.82,5.32,3.11,9.9,4.94,96.677
3.39,7.56,6.46,0.64,7.94,7.97,1.29,8.73,9.35,5.19,7.67,7.31,85.888
2.58,7.13,7.43,9.76,4.62,9.47,1.16,6.06,7.12,2.27,2.01,1.24,206.395
3.39,8.77,8.71,3.22,6.99,0.22,5.78,6.01,1.86,0.42,9.16,4.49,112.915
7.66,2.37,1.37,6.86,8.84,3.64,1.74,9.98,6.74,3.92,3.22,3.8,104.558
0.86,1.21,1.96,8.63,7.81,6.5,2.21,5.53,4.77,0.18,6.5,7.52,100.973
6.49,3.0,3.9,0.21,7.85,2.33,5.58,4.25,3.04,6.96,8.74,4.56,71.778
7.05,2.35,3.22,3.15,7.67,8.57,7.94,2.76,1.14,5.75,4.05,6.35,114.362
2.41,7.24,4.53,3.76,0.12,3.78,8.82,2.14,4.05,4.0,8.53,4.74,67.658
0.29,5.32,0.75,2.91,5.76,8.9,5.41,5.21,8.7,4.19,1.25,4.57,81.589
7.56,2.23,4.06,6.91,5.78,0.35,1.53,1.14,7.67,6.67,4.37,5.71,99.262
2.45,3.36,3.62,2.11,9.66,0.48,4.88,4.84,5.29,6.64,6.21,2.85,70.596
3.79,8.74,1.35,1.9,0.77,4.8,7.12,3.78,4.48,2.19,6.08,7.37,68.827
3.43,9.78,3.38,1.45,0.6,9.88,7.21,8.73,0.15,0.03,3.66,9.53,97.305
7.11,5.16,5.83,8.17,7.22,7.77,5.9,5.58,4.32,4.57,2.44,0.47,177.234
3.52,8.47,2.74,7.13,7.39,1.92,4.11,4.55,9.27,8.39,5.58,1.17,94.255
4.58,5.07,7.48,9.84,1.27,9.41,1.67,1.75,7.01,0.14,9.84,4.85,149.050
6.21,7.06,5.07,9.91,1.09,9.49,9.86,4.0,8.19,4.52,8.98,4.07,98.006
2.0,5.86,9.75,8.49,1.6,3.26,7.43,6.34,3.29,0.13,7.51,6.84,98.161
5.36,9.39,0.34,2.87,6.11,9.06,8.32,4.66,5.76,7.66,9.02,1.82,88.963
7.05,7.61,6.52,1.81,9.84,2.62,6.7,3.94,3.6,6.09,5.49,2.06,127.152
4.93,6.07,2.95,5.32,7.59,8.29,7.6,8.02,9.41,7.96,2.96,7.8,80.343
3.45,8.83,2.53,5.89,7.67,5.86,3.2,3.17,9.36,6.74,7.41,9.99,85.854
3.73,1.03,5.23,4.66,2.61,5.64,3.58,5.24,1.85,9.91,0.04,5.47,87.773
5.67,0.57,4.28,6.66,2.08,1.08,2.82,9.61,5.0,7.75,3.54,6.06,58.482
0.01,2.13,0.06,1.54,7.47,3.63,2.94,0.86,7.07,5.36,2.79,6.96,57.121
6.54,4.33,9.08,7.32,5.7,6.83,8.88,5.72,8.85,3.15,3.64,6.84,107.335
0.09,0.86,8.38,1.36,6.8,9.07,5.84,2.09,6.02,8.93,4.48,7.61,75.951
8.69,4.11,7.31,8.13,5.17,8.1,7.27,9.4,1.76,6.42,8.64,6.48,103.853
1.3,6.08,4.02,4.36,2.94,3.08,3.08,1.58,9.76,0.71,8.8,5.47,74.082
8.15,5.8,4.1,8.47,9.72,7.64,3.01,5.24,1.65,8.31,9.33,6.23,129.938
0.74,4.26,7.83,7.75,1.31,0.44,9.8,0.33,8.94,9.54,1.86,8.85,56.790
6.08,3.54,0.96,3.1,9.15,6.35,7.32,5.08,6.04,1.08,4.03,8.54,90.932
0.37,8.22,0.42,2.84,1.78,3.13,8.03,5.64,6.14,6.5,4.1,4.38,48.175
4.51,1.69,4.76,7.89,0.83,1.81,7.14,9.86,8.44,2.62,1.76,7.55,57.506
6.67,5.46,8.79,7.42,4.69,2.43,8.35,4.56,5.02,7.68,6.64,9.91,84.108
1.21,5.41,6.02,1.97,6.79,1.85,9.47,5.73,8.91,2.95,0.22,0.3,84.300
8.63,2.2,9.59,4.87,7.89,1.0,1.43,0.23,3.41,4.3,7.62,1.5,184.857
3.46,2.4,4.09,0.88,0.48,3.45,6.8,2.73,9.32,2.96,4.58,2.05,51.899
6.05,3.57,3.58,9.65,8.85,1.95,9.44,3.29,5.14,8.15,6.47,9.28,80.560
8.84,9.63,6.7,1.24,5.21,9.7,8.27,7.05,8.55,0.8,0.45,6.85,129.246
1.25,2.76,0.87,6.84,6.67,1.26,9.94,1.37,7.97,5.46,9.02,2.17,54.690
6.64,7.57,2.6,5.05,2.72,0.33,9.24,6.09,7.26,8.4,4.39,9.25,55.814
7.86,9.32,5.91,7.53,1.61,3.7,1.66,3.67,5.38,3.22,4.63,9.59,127.638
0.59,0.27,4.2,3.0,3.25,8.1,4.5,8.98,7.63,4.83,5.24,4.74,54.037
7.95,0.49,8.87,3.88,9.77,2.59,9.99,9.13,5.15,6.46,2.32,5.45,87.143
9.37,7.22,6.7,7.06,1.47,3.5,3.86,7.72,9.7,6.04,9.78,5.63,82.659
1.28,9.15,9.74,5.86,0.38,4.13,5.85,7.21,8.51,9.42,2.53,4.41,80.517
7.59,4.85,2.88,0.63,7.54,1.8,3.43,2.05,2.08,6.99,6.93,4.84,96.087
8.97,6.68,7.92,2.6,1.57,5.09,6.01,6.17,6.5,2.55,3.38,7.74,101.484
2.14,8.95,5.26,9.29,1.4,4.53,3.28,6.2,2.48,8.35,2.65,1.66,128.229
0.04,9.34,5.15,3.9,5.08,9.94,9.25,1.75,8.4,1.6,4.66,5.5,107.349
3.2,4.57,9.76,6.07,0.63,3.81,2.48,5.28,2.93,3.55,1.21,0.77,172.873
1.51,9.78,5.66,4.59,1.23,1.8,5.57,6.1,2.1,0.55,3.77,6.83,98.596
1.57,7.03,2.67,6.61,0.34,8.56,2.8,0.93,6.63,1.67,7.24,6.6,103.518
7.92,8.27,2.18,0.22,2.47,9.83,3.58,6.85,9.63,3.86,5.79,8.81,80.192
2.73,9.62,7.28,7.74,6.33,4.0,7.04,4.55,0.41,9.52,5.71,3.46,122.841
1.11,9.25,2.05,6.42,9.1,6.98,9.0,8.37,2.79,0.91,8.73,5.97,97.596
4.82,0.31,6.31,1.62,9.82,4.2,9.18,0.87,0.66,2.5,5.2,3.32,124.620
2.34,8.21,4.0,3.02,4.97,4.8,9.87,9.56,7.29,2.08,0.74,9.76,69.567
0.3,7.19,1.94,0.23,2.38,6.12,2.48,9.14,4.47,7.86,4.91,3.46,56.188
1.75,8.4,3.11,0.27,9.46,8.46,6.26,7.41,8.12,1.58,9.77,6.39,79.560
9.07,1.11,2.11,9.28,9.22,3.02,8.47,9.02,7.84,2.97,4.58,0.66,100.805
2.87,4.08,2.64,6.18,6.47,3.64,6.81,2.84,3.12,5.84,6.57,8.45,76.955
4.31,7.5,1.19,0.39,6.87,4.27,0.07,7.04,5.59,1.51,0.51,0.59,160.222
4.1,3.04,7.96,0.83,3.69,2.23,3.38,6.65,5.05,5.7,0.3,9.94,70.438
6.97,1.59,4.11,4.69,9.3,0.77,1.88,2.01,3.65,7.04,7.04,6.57,97.304
7.68,5.86,5.54,7.57,2.59,0.47,6.81,2.74,5.94,9.04,3.84,3.41,93.486
1.24,4.33,0.82,2.44,3.32,9.71,0.1,1.8,7.59,5.32,9.54,2.62,81.053
2.21,7.71,7.9,7.23,7.63,7.85,4.12,9.62,8.34,8.22,3.8,8.06,96.134
7.46,3.41,9.95,1.29,3.96,9.87,7.6,5.54,9.49,0.31,8.4,0.74,112.032
9.51,4.12,8.62,6.91,3.91,7.23,4.71,1.69,6.84,8.91,7.31,6.52,112.007
9.61,4.25,6.03,9.17,6.21,4.15,4.65,9.01,8.84,7.49,9.18,9.43,81.111
1.09,4.09,5.35,7.36,2.52,1.83,9.71,2.41,1.64,4.45,1.5,0.87,108.066
9.43,7.97,0.63,0.98,7.93,1.14,8.05,4.44,4.22,8.15,5.99,3.05,82.832
4.49,0.13,6.41,4.49,0.23,2.7,9.52,9.0,8.27,7.86,0.51,6.82,43.949
2.36,6.83,6.55,4.35,0.14,6.93,2.15,2.04,1.12,5.38,8.2,9.56,95.466
7.34,4.93,6.51,5.35,6.71,8.94,2.73,1.7,8.67,9.33,1.61,7.99,124.196
6.46,6.23,9.42,1.0,4.63,5.84,2.39,5.83,0.09,8.91,8.66,7.28,101.267
3.73,5.69,9.43,8.13,5.99,1.55,5.08,7.32,4.79,3.59,9.74,4.5,98.572
0.14,9.48,8.93,7.24,3.77,6.76,4.02,7.68,3.4,5.25,1.3,6.51,128.977
1.57,1.47,8.05,2.35,7.85,5.74,8.99,9.14,0.9,6.75,2.45,1.02,92.410
5.75,8.67,0.04,5.63,0.43,7.24,1.87,4.64,2.11,2.77,1.1,3.77,170.726
2.85,8.45,5.31,7.47,0.69,3.47,5.91,5.76,3.63,2.7,5.11,5.86,97.480
3.49,6.0,5.92,2.79,2.79,7.24,6.22,1.97,6.13,3.48,6.45,4.13,99.471
0.49,5.7,2.94,1.95,0.23,3.99,9.61,3.79,7.08,9.24,0.83,3.19,45.347
3.58,7.33,7.82,3.21,9.61,5.75,2.01,4.18,5.47,8.8,4.53,4.4,126.914
8.46,8.31,9.53,5.05,3.81,9.74,8.64,4.61,1.71,9.49,6.1,8.18,115.931
8.54,7.87,2.84,0.99,2.84,3.29,2.99,0.01,4.01,6.27,8.15,0.13,122.310
8.0,4.7,0.4,2.07,2.17,4.48,3.87,5.18,2.39,4.38,6.19,1.64,92.262
3.41,6.02,5.05,5.5,9.66,2.18,8.88,6.82,6.88,0.78,7.43,1.13,99.687
5.38,9.59,2.97,0.3,5.17,5.4,0.74,3.59,8.8,10.0,6.66,8.94,74.387
1.22,4.92,5.26,6.78,3.58,0.53,2.91,3.6,7.48,7.46,4.66,3.04,76.467
8.7,6.85,9.16,4.63,8.82,3.38,6.48,0.6,2.21,2.66,5.98,3.8,191.164
3.23,6.05,5.76,5.36,6.13,1.94,0.84,9.36,3.69,1.09,9.13,2.35,107.596
4.29,4.34,3.03,6.23,0.69,5.76,8.01,8.24,8.95,4.11,1.74,2.23,73.137
6.0,6.76,8.92,3.08,6.18,1.76,2.18,4.04,6.89,8.84,5.43,5.28,100.122
2.73,3.45,4.19,9.88,2.23,2.29,6.71,9.16,9.81,4.3,8.48,5.03,56.956
3.14,7.43,8.97,2.05,0.11,1.85,9.76,0.73,1.56,2.11,9.09,7.19,77.365
1.71,1.83,8.08,1.1,1.93,4.91,7.31,1.46,6.11,6.68,7.95,0.2,65.836
1.95,5.34,0.04,5.05,9.39,8.81,9.72,6.57,1.3,8.87,7.28,7.91,73.421
4.45,0.08,3.36,4.36,2.4,9.38,5.72,2.1,9.56,3.02,4.4,5.04,80.529
8.66,1.68,2.16,9.46,6.93,7.45,2.76,5.29,1.6,6.04,2.18,2.68,176.837
0.97,1.93,8.96,1.29,0.71,6.01,9.5,5.13,1.22,0.2,8.3,4.65,68.517
3.55,5.87,6.98,8.88,7.85,5.76,6.39,9.51,2.12,0.76,6.38,8.1,116.927
3.37,1.89,8.24,6.29,1.6,6.23,8.66,7.31,2.3,0.76,5.42,2.56,102.258
1.36,8.0,4.68,3.16,8.72,9.52,3.72,0.79,7.76,2.21,1.41,4.13,177.023
0.56,3.02,1.14,9.82,8.14,6.07,1.11,4.73,0.26,8.9,0.57,5.8,134.534
5.9,8.49,2.92,7.99,2.72,2.72,6.05,8.67,2.62,4.6,8.37,7.42,81.474
5.93,5.14,8.6,8.41,8.29,9.86,2.46,8.06,5.6,9.74,7.92,2.19,128.524
0.01,3.96,3.08,7.59,7.41,3.17,0.06,9.3,4.27,2.28,2.81,3.54,113.297
2.47,8.61,6.05,4.39,5.6,0.9,2.66,0.1,5.74,7.45,8.66,6.51,90.039
5.1,6.97,5.61,1.03,4.15,0.88,0.46,1.75,4.7,1.75,6.98,8.42,98.670
6.52,7.08,5.61,3.68,3.36,4.4,2.6,5.56,0.88,1.18,7.67,5.4,131.602
2.18,8.86,3.36,2.65,4.93,1.31,6.72,0.51,6.22,9.62,8.89,6.8,60.088
2.2,8.6,4.48,8.17,8.39,4.49,0.57,8.26,1.71,1.23,3.53,4.36,184.791
3.12,6.47,8.85,8.05,1.34,2.79,0.11,2.17,1.03,3.37,9.69,4.22,148.713
9.48,5.63,0.52,9.83,1.05,2.56,7.43,7.93,5.48,9.7,4.24,2.04,78.952
8.37,2.97,7.76,9.37,3.64,7.74,3.8,6.81,7.84,9.06,3.62,6.51,105.871
2.85,5.35,5.82,5.07,7.92,6.1,9.81,4.67,5.15,3.49,4.51,7.02,95.556
3.52,3.96,0.66,5.13,7.91,6.58,5.53,0.93,0.44,2.59,2.73,0.71,214.695
7.19,0.54,1.14,1.02,4.29,5.68,7.61,5.87,2.95,4.21,7.17,7.14,56.824
4.46,6.85,5.56,7.74,2.37,6.93,7.21,3.23,0.34,2.91,2.67,7.07,144.729
9.72,2.9,5.29,7.1,7.45,0.25,4.77,6.21,4.24,5.87,2.62,3.28,121.193
8.06,1.48,4.19,2.9,1.11,2.24,8.72,4.63,5.06,4.73,4.47,7.42,57.037
1.68,0.48,7.36,9.12,7.23,0.58,6.35,2.99,2.78,5.13,4.35,4.69,100.609
7.51,7.42,2.88,6.44,4.6,6.09,6.41,4.9,9.79,2.75,7.06,5.24,96.653
0.72,3.85,1.87,4.39,6.04,4.5,5.57,5.08,3.15,7.47,6.02,8.45,59.793
3.23,7.17,5.62,0.61,7.19,2.58,9.63,0.44,1.84,5.44,0.92,2.65,126.195
7.56,2.88,1.79,9.91,5.54,2.76,9.22,7.85,5.38,0.01,4.35,8.5,86.208
9.78,9.29,1.43,0.56,1.42,8.67,3.18,7.03,0.14,2.06,6.36,7.56,118.306
1.53,8.81,8.33,5.77,0.52,7.56,2.03,3.48,2.24,4.89,6.14,1.55,159.961
7.86,1.35,8.26,8.66,2.76,0.01,6.55,1.14,3.52,9.9,7.94,3.3,89.335
8.04,9.16,6.52,3.35,7.49,1.66,3.74,3.99,9.73,0.29,9.05,9.93,98.611
1.38,6.75,2.8,7.58,1.9,2.8,8.45,4.41,7.92,1.9,1.25,4.17,82.598
4.11,9.12,6.67,5.38,8.21,5.76,3.29,6.31,6.69,8.01,6.53,7.12,103.426
1.05,8.03,9.16,2.52,9.85,9.23,4.21,5.32,4.64,3.78,7.46,7.62,120.618
7.9,8.71,6.74,8.92,4.56,6.26,2.88,2.21,0.46,5.79,2.13,8.78,193.663
1.53,3.98,5.8,7.34,0.79,9.2,8.99,1.52,3.65,8.8,8.08,0.35,91.239
7.21,5.28,8.99,4.11,4.96,0.4,6.13,4.92,8.93,8.21,0.48,3.48,96.267
6.85,9.14,1.44,7.75,8.73,1.96,4.09,4.96,6.46,2.92,8.16,0.26,133.594
7.7,1.08,7.95,4.42,1.62,2.97,3.55,3.38,3.41,0.35,6.39,7.53,104.592
5.87,0.42,9.51,1.9,0.2,0.43,8.63,4.13,0.34,0.6,2.12,4.04,92.296
2.05,5.83,7.87,4.33,7.03,8.78,3.57,3.28,9.2,6.43,2.85,2.43,129.287
5.15,6.96,9.12,9.9,2.63,1.35,6.34,8.48,2.48,1.95,2.28,2.41,146.658
5.8,9.44,6.93,8.47,9.26,6.0,6.7,5.06,9.18,5.11,6.28,0.66,139.133
0.73,8.83,9.07,7.46,6.9,9.79,5.83,6.51,4.25,4.0,1.62,0.37,189.460
0.04,3.74,7.29,5.2,6.41,9.08,4.35,1.34,8.19,5.9,2.78,2.69,125.782
8.54,8.6,8.34,1.16,3.47,4.12,5.17,6.8,0.7,1.89,5.28,0.39,169.204
6.25,8.81,4.14,4.45,5.51,5.53,4.63,7.72,9.63,1.75,6.05,1.02,112.630
5.79,3.58,1.95,0.12,0.67,7.76,4.66,7.68,9.56,4.75,8.97,1.89,52.973
3.02,3.5,9.96,5.57,6.38,7.6,9.12,8.02,8.9,7.7,3.75,9.94,75.965
1.62,8.88,1.18,4.92,4.09,6.5,1.01,3.18,9.82,6.19,3.64,6.98,88.222
2.49,4.25,6.55,3.0,0.91,2.1,7.59,7.31,4.72,7.09,8.44,5.65,47.304
5.68,0.8,8.55,0.56,6.3,8.72,4.81,9.46,0.8,2.41,6.39,3.13,113.370
5.93,7.56,0.61,3.24,5.58,0.18,2.86,8.53,9.33,8.28,3.55,5.68,60.424
3.37,2.43,2.69,2.66,0.6,8.05,6.34,8.29,3.0,6.79,0.53,3.96,68.488
9.55,1.58,2.42,1.57,4.3,0.91,6.83,5.26,9.77,2.52,3.93,3.35,64.214
2.42,1.72,8.38,6.95,4.95,2.82,9.17,5.55,4.94,8.95,6.84,8.85,61.490
4.55,8.83,4.21,0.44,2.25,9.01,6.96,4.77,9.32,3.08,2.13,0.33,110.154
7.88,8.17,3.9,8.82,9.1,3.18,9.26,8.94,3.82,7.42,4.15,0.5,120.417
9.59,1.97,8.03,6.55,9.82,0.68,0.54,7.28,1.79,1.46,2.56,2.59,225.894
7.3,3.83,8.27,3.61,6.45,6.14,4.88,0.76,4.92,6.27,7.25,9.94,104.644
5.87,5.63,4.09,8.08,5.88,2.61,5.51,0.62,2.41,7.06,6.93,7.41,107.415
0.58,2.14,6.46,6.64,5.3,9.17,6.28,7.79,4.45,0.51,7.9,1.67,105.909
0.85,2.26,0.67,0.31,1.0,4.9,3.24,1.83,0.52,3.64,6.75,4.73,48.238
1.41,0.6,4.85,1.45,9.16,6.82,0.97,4.43,7.21,0.53,4.15,8.3,94.920
6.53,1.76,8.95,4.88,5.04,0.64,3.74,3.08,7.04,9.74,2.49,4.7,90.289
0.44,8.83,3.47,5.99,6.03,3.15,6.37,5.15,4.34,0.06,7.02,2.85,108.220
5.17,6.82,6.98,1.58,0.1,3.17,4.22,7.63,5.05,6.87,7.16,5.73,64.975
1.97,4.5,2.28,5.38,7.15,0.62,1.5,2.97,1.43,8.92,7.56,0.42,96.053
9.38,8.85,4.68,2.71,2.64,8.02,1.15,0.35,4.62,8.93,3.16,0.33,195.685
0.94,3.12,6.29,1.69,9.78,6.4,5.31,1.97,2.85,5.84,3.17,0.01,147.363
8.55,7.76,9.5,1.94,2.18,4.82,2.42,1.85,2.95,7.3,6.67,4.26,136.542
5.1,1.13,6.2,8.03,3.03,5.9,3.61,2.65,5.62,7.33,2.71,4.41,111.622
9.64,0.61,6.71,8.93,8.11,2.62,2.96,3.76,2.22,3.41,1.85,4.77,193.042
6.45,3.22,8.81,6.97,3.59,3.62,0.31,8.4,1.83,8.64,8.06,5.9,98.552
1.38,9.95,8.07,9.2,3.36,9.09,1.72,9.25,4.48,9.15,5.94,8.06,106.347
1.06,8.03,3.04,0.43,5.49,9.08,4.13,8.19,8.71,6.14,2.15,7.33,74.025
1.0,5.75,6.31,1.97,6.84,3.35,2.65,9.59,0.56,1.33,4.18,1.39,128.020
5.34,2.55,3.44,9.01,3.92,3.21,6.03,5.83,8.02,7.23,7.95,9.6,61.509
4.51,6.83,0.94,1.56,8.58,4.52,1.07,6.39,6.15,7.33,9.61,7.37,71.044
6.6,5.83,5.83,6.38,8.09,8.44,0.41,0.88,2.31,4.3,4.65,5.38,229.615
0.32,3.75,3.5,3.22,8.5,9.48,1.04,1.25,2.3,1.48,9.73,1.59,165.440
8.68,3.45,8.33,5.89,6.79,6.0,5.95,4.71,8.92,7.08,8.45,4.8,98.071
9.23,7.75,1.8,5.69,5.63,0.04,9.98,8.75,2.2,3.4,5.11,5.82,85.479
9.39,2.33,2.13,0.17,9.58,5.5,2.74,7.34,3.89,0.96,4.29,7.43,109.193
2.43,4.09,1.58,0.42,5.69,5.01,3.82,1.42,5.29,6.42,8.81,4.42,63.685
9.23,8.21,9.72,9.14,0.74,8.54,7.13,7.97,9.03,2.32,0.26,7.22,134.335
0.02,0.8,2.67,3.61,2.96,2.25,8.35,1.0,9.96,9.52,5.47,7.29,29.598
7.93,1.59,8.58,2.57,7.95,2.68,9.79,2.87,4.24,1.78,0.21,5.61,127.755
2.01,0.29,6.5,9.54,8.78,6.57,8.16,1.71,9.01,1.67,1.85,4.7,124.317
9.72,0.32,9.85,9.19,7.8,6.59,3.06,5.44,5.36,9.5,4.55,2.97,140.771
6.16,4.42,7.4,2.59,6.81,1.39,5.17,4.05,7.98,7.2,1.12,8.73,84.000
9.32,1.52,0.5,8.12,8.3,9.09,9.41,6.08,3.39,8.31,2.07,4.22,110.066
7.68,3.82,4.41,8.93,8.24,1.54,6.8,2.63,1.89,3.2,8.38,1.83,139.992
6.42,5.4,9.05,7.33,8.2,7.01,0.45,9.9,1.69,6.5,3.88,4.47,161.435
9.28,7.57,0.09,3.05,5.93,6.23,8.39,3.01,9.03,8.31,9.09,8.43,69.498
4.33,0.9,4.17,2.03,1.83,5.78,3.53,6.17,6.4,5.2,2.35,0.48,78.906
2.92,7.79,4.53,4.98,3.43,7.13,0.38,0.9,8.68,3.95,0.35,1.19,199.223
5.2,5.02,4.57,2.77,9.4,4.43,4.23,1.51,8.38,0.13,0.35,7.88,139.635
2.24,1.66,1.37,0.5,6.1,5.51,7.74,0.41,6.72,8.44,3.85,5.19,53.725
2.03,9.77,5.86,8.21,3.68,4.96,1.03,1.04,6.18,1.67,0.93,9.55,169.167
3.72,3.21,0.89,9.28,9.24,9.73,5.22,9.32,2.12,2.67,1.8,4.14,142.738
8.08,7.61,5.81,1.51,3.48,1.71,0.76,9.99,3.22,4.6,5.35,4.84,98.053
1.31,3.79,5.73,6.34,4.12,3.08,0.25,7.78,5.11,0.92,7.22,0.77,110.522
3.07,9.7,6.38,1.45,4.29,1.4,2.04,3.21,0.62,4.93,9.98,3.27,109.314
9.77,7.94,0.65,3.95,1.28,9.9,2.71,4.09,4.25,8.56,4.59,9.36,99.791
7.26,8.73,1.92,4.62,7.29,0.92,5.17,3.11,2.1,1.38,5.24,2.38,158.617
6.6,1.7,0.62,8.68,5.92,2.29,1.28,6.84,4.58,5.49,9.84,8.67,70.327
4.06,3.71,9.77,8.07,1.16,7.91,2.33,4.49,1.61,6.37,5.72,9.53,115.408
5.99,4.49,5.5,0.25,0.57,5.86,1.62,5.48,5.85,7.46,4.34,5.93,73.859
2.18,2.8,9.19,4.0,4.99,1.41,8.95,9.76,1.31,5.84,7.16,9.18,58.223
4.85,6.7,9.41,3.08,0.01,5.01,9.58,5.42,9.83,0.67,4.77,6.81,78.371
6.0,0.11,5.81,4.32,4.16,6.42,6.82,4.26,1.96,9.94,5.11,6.58,77.358
2.24,9.3,4.04,6.41,5.66,8.81,2.81,2.58,7.81,7.74,8.62,9.9,92.397
0.09,3.4,4.18,2.56,3.31,5.54,8.5,6.24,2.47,7.31,8.16,9.24,45.515
3.2,7.58,9.45,8.76,0.09,9.54,4.51,7.94,2.79,7.48,5.12,4.33,120.050
7.14,7.54,6.47,4.25,3.47,8.09,1.7,0.99,6.4,0.63,3.89,2.65,227.306
6.92,2.5,5.28,6.94,5.82,8.85,7.55,6.94,2.92,9.06,3.61,2.63,111.006
7.3,8.87,8.18,4.36,5.07,7.38,1.49,9.24,3.19,3.7,9.21,1.98,142.867
9.38,7.54,0.97,9.45,0.19,1.58,8.51,2.14,0.61,7.58,2.46,2.8,120.788
7.79,9.09,6.2,2.41,5.86,2.5,7.01,5.27,0.89,4.04,3.17,5.96,128.512
6.04,4.2,2.12,6.56,2.36,2.32,6.49,7.86,0.24,1.39,7.36,1.26,95.935
1.53,9.61,0.9,1.93,3.58,7.47,6.63,0.16,8.58,0.66,5.99,7.91,83.595
5.19,7.5,9.23,7.06,6.92,6.7,6.38,8.09,0.17,3.95,5.16,6.86,139.170
5.06,5.26,2.2,8.27,4.52,8.08,6.17,0.87,9.85,3.49,7.25,3.55,107.088
6.3,8.57,5.5,8.7,7.98,6.08,6.74,4.03,5.3,3.55,6.57,7.49,128.058
2.73,8.38,6.69,2.01,4.35,0.99,0.71,8.14,6.67,2.08,6.68,2.37,94.371
3.9,3.83,1.53,5.09,8.56,6.11,0.51,3.36,6.89,6.67,9.13,3.3,97.187
2.46,2.72,5.93,4.64,4.08,3.67,9.0,0.59,9.2,5.5,5.62,6.98,63.703
8.65,7.49,4.03,5.56,0.08,4.55,0.54,9.61,5.72,8.98,7.03,7.37,77.350
4.48,5.92,9.31,8.51,2.84,5.02,3.89,9.47,3.86,8.07,4.74,5.41,101.806
9.65,1.15,6.44,9.3,5.55,1.82,7.12,7.67,5.26,4.83,8.25,7.14,84.207
4.85,1.03,4.13,3.97,2.8,8.66,2.71,1.4,7.63,3.89,2.55,8.1,96.804
6.27,0.63,5.75,2.66,7.51,5.01,4.99,8.6,6.92,9.78,9.78,9.21,56.473
9.25,0.58,2.46,3.22,3.87,5.39,5.48,6.55,4.68,6.59,9.71,0.95,72.939
7.13,3.55,4.59,4.81,2.86,4.42,4.13,9.17,9.9,0.34,3.17,7.73,79.443
4.64,4.78,4.38,8.97,0.18,4.12,0.28,9.23,0.61,6.75,3.09,1.92,123.720
4.78,0.65,0.81,9.1,8.12,0.73,3.34,0.75,5.84,6.94,5.92,7.7,79.337
9.17,6.78,4.18,0.17,1.78,7.06,5.74,1.97,2.21,8.88,1.83,5.49,111.562
2.77,6.82,1.53,0.69,1.6,8.14,8.65,1.62,2.0,3.67,6.91,5.14,76.992
5.32,0.53,6.09,6.42,3.08,1.61,5.71,2.51,3.41,9.67,6.44,5.77,68.785
6.44,4.65,7.63,2.17,1.47,3.7,6.17,7.67,6.95,6.35,3.24,9.93,64.649
8.57,2.36,5.18,0.99,1.08,9.4,1.02,7.11,4.08,1.27,6.06,6.39,106.363
3.95,2.75,4.25,6.34,6.54,8.74,1.32,0.14,2.59,2.87,2.45,3.78,247.681
5.26,5.8,5.12,2.41,8.18,5.16,10.0,8.54,9.84,8.51,5.02,5.89,66.799
6.1,6.73,4.49,1.69,3.01,4.25,2.3,7.07,3.39,8.13,3.61,4.72,89.904
3.75,9.88,5.76,0.38,4.61,3.51,4.98,9.08,2.91,4.14,6.17,4.65,87.347
9.18,4.64,9.07,9.22,1.25,4.04,3.65,7.82,6.94,5.99,7.69,9.62,89.667
9.25,6.62,9.97,6.91,9.23,5.72,8.23,2.46,5.06,2.9,8.02,3.13,160.067
9.24,2.93,7.73,6.16,8.28,6.52,6.24,2.9,5.31,4.88,2.93,9.01,130.668
9.84,7.64,1.86,5.66,8.93,7.26,4.96,0.53,1.86,7.8,6.6,5.54,150.934
7.87,6.37,9.82,1.36,1.95,3.07,7.29,8.81,5.82,1.87,9.67,8.91,71.843
6.62,6.18,3.16,3.43,4.36,0.04,2.87,8.24,8.4,7.2,9.5,0.29,65.178
9.33,6.22,7.47,7.73,1.74,4.44,6.3,4.23,9.14,9.22,7.84,8.07,82.433
0.86,6.67,4.04,4.1,4.05,7.81,2.22,3.55,7.85,6.45,0.88,8.41,93.767
1.23,3.89,4.34,3.75,2.37,5.86,0.57,1.56,9.02,3.63,3.46,2.39,103.926
8.01,6.72,0.3,0.94,1.69,5.81,3.28,8.4,7.55,1.56,1.87,6.86,79.505
7.56,7.49,6.33,9.32,9.78,5.46,9.7,5.27,4.35,5.37,3.14,8.46,126.591
9.17,3.37,4.88,1.81,9.11,5.37,1.19,7.29,1.56,4.16,3.77,5.06,146.374
5.36,8.56,1.79,4.29,8.36,4.1,0.27,2.05,9.5,3.63,2.21,9.41,119.911
4.68,5.67,9.58,9.01,8.18,3.82,0.49,7.18,1.42,6.71,0.38,2.69,216.958
2.87,7.74,6.53,0.79,5.71,8.64,8.31,0.69,4.84,5.28,3.28,3.85,122.971
5.39,5.4,2.55,1.76,2.03,5.16,7.5,4.85,3.81,7.81,9.91,2.65,61.018
6.43,0.2,4.85,1.93,4.84,1.42,2.01,8.65,0.99,3.35,0.58,8.94,80.220
6.08,9.07,4.74,1.28,2.55,1.17,1.01,5.99,0.63,9.71,5.76,9.11,77.274
7.74,4.97,7.37,6.82,5.91,7.69,0.44,1.6,6.84,7.17,2.42,3.05,188.197
7.11,6.59,6.55,5.06,9.35,9.6,8.18,5.98,6.42,5.11,7.2,5.11,116.474
3.45,9.3,0.34,6.11,5.71,1.62,0.63,2.03,6.25,0.54,2.44,6.7,142.711
8.93,1.26,8.56,1.39,7.98,2.27,4.15,3.6,5.56,7.5,9.22,1.83,95.386
3.94,1.19,6.86,0.83,7.45,2.32,4.5,9.85,5.72,9.82,0.64,4.18,65.082
7.98,1.11,9.97,2.25,4.15,8.57,4.0,7.28,0.68,4.91,3.88,9.23,113.509
8.54,1.89,5.91,6.44,0.62,2.18,3.25,4.18,0.02,3.64,2.09,6.21,131.924
3.49,5.04,0.57,7.19,2.9,2.57,7.34,4.87,7.21,6.12,7.85,8.28,52.220
1.14,1.56,9.01,6.19,0.6,2.49,7.64,2.81,4.42,1.67,0.63,2.66,105.850
4.81,2.51,7.23,2.91,5.65,5.98,0.81,7.04,1.14,1.63,5.07,6.43,131.510
5.78,3.6,7.43,4.59,7.52,3.54,5.33,6.42,9.84,9.87,9.68,1.17,76.719
3.03,8.37,8.78,9.73,3.35,3.6,7.98,1.76,5.0,8.0,7.1,6.47,101.515
9.83,7.36,4.84,7.42,3.39,4.72,1.68,2.34,5.79,7.67,4.75,0.43,165.755
0.76,2.15,6.27,6.06,5.97,2.96,0.77,7.89,2.41,8.43,5.9,2.71,85.984
4.33,7.67,4.02,2.4,0.92,1.52,5.12,3.23,8.41,8.26,1.35,5.82,64.803
6.4,2.34,3.88,5.65,9.9,3.11,2.95,8.27,1.0,1.41,8.31,2.32,128.937
8.0,0.02,2.08,7.62,2.13,7.87,8.19,7.52,8.09,3.57,1.95,7.12,76.070
7.72,9.33,1.31,7.34,4.55,2.31,1.08,5.59,1.74,4.9,8.1,1.68,141.013
3.13,9.04,6.56,3.45,1.34,7.68,5.6,7.98,0.88,1.4,6.38,4.0,118.902
9.12,9.97,7.08,8.27,0.01,5.15,5.23,2.46,5.75,6.07,2.1,7.85,134.420
1.58,0.13,5.98,5.5,9.98,8.43,9.58,5.17,7.4,1.34,3.63,3.54,103.066
0.58,9.48,1.46,1.56,1.15,1.83,2.11,1.14,7.58,6.1,7.65,9.96,46.497
8.68,1.39,0.71,0.24,4.29,0.06,2.39,1.62,8.62,6.46,8.99,0.2,54.349
6.14,5.64,2.9,4.93,6.14,2.5,6.15,3.33,8.68,6.26,7.82,5.93,74.011
9.57,1.48,9.06,3.71,7.63,1.36,4.17,2.71,6.73,8.0,7.27,7.09,91.215
6.66,0.39,5.95,9.33,4.6,7.72,2.52,8.11,1.85,8.38,6.13,5.32,107.242
7.02,1.4,7.6,4.53,5.6,4.91,5.46,6.0,3.35,2.5,2.21,9.21,108.110
5.06,9.98,1.44,6.21,9.86,5.49,5.31,7.23,9.35,2.77,2.15,9.29,105.374
4.49,7.55,2.39,9.09,9.8,1.19,5.84,1.99,9.03,8.94,1.95,3.22,111.430
5.01,9.02,6.89,1.57,0.53,0.37,4.74,3.21,5.85,7.63,7.12,1.78,77.118
4.92,7.15,5.12,5.29,3.01,0.56,6.71,1.61,4.7,5.69,4.74,6.73,86.315
9.56,6.72,2.47,9.99,5.68,2.28,9.62,2.23,3.0,0.41,7.32,7.67,121.322
2.47,4.96,5.27,6.77,0.4,3.17,6.72,6.62,9.11,6.72,3.02,3.52,64.520
6.84,7.48,2.01,9.74,3.01,3.47,6.75,3.73,6.44,1.97,6.43,9.13,94.485
9.97,1.74,4.64,9.78,3.64,1.72,5.18,0.4,9.51,9.26,1.25,5.9,99.968
9.61,8.31,3.98,0.71,6.08,7.83,5.13,0.95,3.02,6.78,7.79,3.14,136.218
3.34,8.68,6.59,9.86,7.2,8.45,6.49,1.52,0.28,7.79,8.81,1.81,165.243
8.15,5.17,8.0,0.49,8.87,9.16,6.24,0.15,2.45,5.53,8.55,4.21,146.849
0.42,0.06,1.08,3.4,0.53,5.38,0.95,9.51,6.93,1.17,8.73,0.85,38.628
9.35,7.19,9.27,6.26,6.57,1.77,4.12,4.35,8.02,8.1,6.23,0.83,127.678
2.59,8.29,0.16,3.49,4.16,4.21,5.22,1.59,7.46,3.6,4.78,2.67,90.442
6.06,6.91,9.05,7.28,3.33,8.8,3.84,3.45,1.65,1.81,7.27,2.83,198.705
2.04,3.88,6.62,4.43,4.67,2.37,6.51,2.94,6.72,8.96,2.87,1.27,82.029
0.08,5.3,4.77,4.99,3.99,5.16,9.19,0.31,6.76,0.5,2.9,7.13,90.668
6.76,9.52,7.86,4.52,4.84,3.9,5.43,8.92,2.0,1.56,6.5,5.47,125.167
6.33,9.48,3.66,3.14,1.2,6.31,4.19,2.89,0.13,1.01,6.08,3.02,173.903
0.24,6.25,2.21,8.37,1.84,9.38,3.6,0.6,3.99,4.66,6.18,6.45,111.028
5.99,3.58,7.1,1.06,3.83,3.06,3.73,7.83,4.66,5.83,2.21,9.94,71.988
3.06,8.58,1.59,1.55,2.58,0.68,4.46,9.26,3.82,8.54,4.56,8.36,46.256
3.85,2.96,5.6,2.62,9.33,9.05,8.75,8.38,1.74,1.9,0.62,3.55,133.962
9.38,5.74,0.91,1.27,8.05,6.19,4.66,2.65,1.69,2.01,9.89,4.33,125.010
2.71,9.54,6.38,2.08,6.33,2.23,7.34,6.38,9.78,8.27,9.49,2.47,66.933
7.49,9.94,0.01,0.32,7.84,3.43,5.62,3.73,0.68,7.77,0.13,7.23,115.382
1.11,0.43,1.82,1.91,5.78,6.29,3.93,3.99,4.09,5.22,6.9,6.68,56.280
6.04,0.32,1.2,8.84,4.84,9.22,5.88,9.88,0.95,4.39,7.31,5.6,89.562
5.52,1.73,1.18,7.75,4.03,3.88,6.8,7.86,0.96,6.09,6.53,3.9,74.953
2.99,4.12,8.83,5.28,3.71,5.79,9.5,2.65,8.67,4.34,5.64,5.21,85.310
7.1,9.84,8.34,7.06,4.52,5.45,5.26,6.55,8.06,0.16,0.91,4.28,167.764
7.32,0.93,1.91,6.87,4.4,5.57,1.44,6.12,1.43,6.97,1.5,4.62,122.283
4.12,0.49,2.42,0.17,3.02,7.07,7.5,3.8,1.85,3.19,3.75,7.14,63.496
1.82,6.27,2.7,4.33,7.61,4.23,8.45,9.58,3.04,4.53,5.21,0.62,85.778
7.1,0.91,8.46,9.76,7.99,3.63,1.42,2.58,5.36,9.1,1.13,6.55,144.797
8.75,8.41,8.6,5.78,1.11,9.06,8.85,7.85,3.25,2.16,0.4,5.27,150.144
7.64,7.43,7.89,2.32,6.58,0.74,9.77,8.41,1.58,3.33,8.44,9.45,79.551
3.44,2.58,7.92,0.36,1.44,2.37,3.89,3.83,0.39,1.9,2.02,2.3,126.378
6.38,3.0,0.69,0.55,2.31,2.49,7.07,1.16,0.53,7.99,7.18,0.92,62.052
9.89,2.07,8.83,0.14,3.25,1.19,0.18,6.15,0.47,1.16,6.91,1.14,158.463
6.21,0.29,8.0,5.67,3.49,2.45,2.69,2.95,5.53,6.02,1.43,8.38,96.704
7.08,6.08,0.54,5.8,1.37,6.19,7.19,3.6,1.18,1.5,8.86,0.17,120.267
1.37,7.73,8.84,9.26,6.93,5.33,9.45,0.66,4.77,4.31,3.78,3.74,147.735
4.43,4.97,5.72,0.6,8.42,6.9,0.89,5.07,9.1,4.03,1.88,5.2,118.609
6.07,2.88,8.3,7.41,1.25,5.2,1.05,0.46,3.76,0.31,5.43,3.61,212.791
5.78,3.97,2.24,6.86,9.5,0.54,9.01,8.74,8.88,0.83,4.76,2.13,84.105
7.74,1.84,4.95,4.4,6.91,7.21,9.5,2.34,9.07,8.36,9.5,5.75,74.236
2.36,4.26,7.41,8.38,4.56,5.12,7.4,7.71,1.28,4.59,4.41,8.14,95.705
3.74,5.17,7.07,2.63,9.54,0.46,8.95,5.36,3.63,8.61,9.24,5.89,68.642
9.46,7.04,7.52,3.15,2.77,7.42,1.86,4.49,0.27,1.67,0.63,8.14,218.992
4.47,5.93,8.44,6.17,0.32,8.31,0.16,9.12,9.55,9.78,4.73,8.25,80.885
1.17,9.96,1.32,8.25,5.8,6.2,9.87,7.76,3.44,4.05,5.55,7.54,85.580
9.25,3.93,0.71,1.81,1.48,3.98,0.64,4.73,6.96,7.26,8.47,1.08,72.615
7.56,4.35,5.69,9.91,5.86,7.2,5.76,0.55,3.62,6.31,9.78,7.52,120.960
9.86,6.38,3.41,1.98,8.58,1.45,5.92,2.24,4.19,3.87,1.24,3.48,151.194
3.7,5.48,3.89,7.11,1.47,7.08,1.37,5.59,8.64,6.65,4.02,2.43,100.105
2.2,5.65,4.53,9.25,8.3,8.54,3.05,6.66,1.92,9.58,4.55,9.97,107.669
0.5,1.72,5.68,5.33,3.81,6.48,8.58,7.13,6.05,0.94,4.21,5.23,73.180
1.98,5.83,8.09,6.49,0.31,8.04,8.93,4.78,9.39,5.33,9.38,4.75,72.227
6.61,5.2,1.44,3.3,9.14,0.63,6.26,1.89,8.59,3.25,4.1,5.65,88.500
9.7,1.76,7.28,4.47,2.16,9.56,8.88,7.81,3.11,4.72,9.13,0.21,103.160
7.56,9.9,7.96,5.2,4.73,1.2,7.29,6.68,7.54,2.0,2.78,3.96,120.826
8.98,7.93,6.18,7.71,9.85,5.52,6.54,9.7,9.27,4.24,1.55,8.58,115.772
7.09,3.85,7.69,3.46,1.06,3.22,2.87,4.38,8.21,7.89,4.71,7.08,75.043
8.13,4.4,1.13,5.7,9.3,9.75,9.48,5.79,2.62,4.25,4.31,9.86,105.784
1.2,7.19,2.38,1.77,2.07,2.85,2.56,8.78,7.44,1.11,4.79,0.68,68.849
9.11,7.9,4.82,0.11,3.39,5.47,5.19,0.47,7.46,5.69,7.4,2.54,107.130
7.23,3.78,2.28,8.73,0.66,9.8,9.78,4.4,9.96,7.47,7.18,1.36,80.897
2.23,3.42,6.02,1.73,2.74,9.39,3.3,0.86,2.2,9.04,4.51,7.82,92.066
7.6,1.32,1.84,8.56,7.56,6.47,1.02,5.3,6.43,0.03,8.88,8.67,109.957
5.41,3.24,6.5,9.34,5.65,4.2,2.9,1.8,9.33,8.75,4.25,3.86,111.169
4.97,7.29,2.45,1.98,7.0,4.11,1.51,1.87,3.21,9.31,0.73,5.9,123.391
7.44,7.33,0.52,8.61,0.12,8.0,3.94,1.4,5.44,1.6,6.19,9.1,115.721
4.47,3.64,1.3,6.86,1.16,2.67,8.24,6.19,9.82,1.55,7.42,4.78,52.895
7.44,6.96,6.33,6.12,7.62,3.94,7.47,4.99,9.32,6.94,1.78,1.25,120.976
9.35,2.67,1.5,7.5,6.78,3.56,4.35,4.39,7.45,0.39,9.1,5.3,101.227
7.97,2.93,8.03,6.41,4.53,3.5,2.72,8.69,3.62,5.95,5.87,6.87,98.962
8.64,1.54,2.91,3.71,2.77,1.05,2.45,4.17,4.87,4.66,6.23,7.22,69.662
6.25,2.35,9.15,0.57,1.66,3.17,9.31,7.01,0.85,1.85,7.18,2.64,80.270
7.61,3.9,1.81,1.09,5.98,5.99,5.41,9.55,7.26,10.0,4.38,1.29,69.623
7.69,9.03,7.26,7.42,0.24,6.53,9.21,4.72,3.85,0.74,1.18,6.86,143.712
6.43,0.94,1.56,0.68,7.95,4.18,1.16,4.6,6.0,8.2,7.62,0.45,77.560
3.47,9.23,7.71,2.59,7.96,5.21,8.55,9.7,3.01,4.58,0.22,7.01,109.374
4.24,4.44,4.15,9.59,0.15,5.86,1.26,8.58,7.72,8.81,8.68,4.29,72.267
9.26,1.76,9.64,1.39,9.21,3.86,2.25,6.21,0.32,8.93,5.94,9.49,105.975
8.63,6.12,7.03,7.14,4.08,2.91,8.17,2.54,8.7,4.96,1.15,6.88,110.833
0.6,4.46,1.88,5.99,5.57,4.71,7.16,5.33,4.22,7.19,5.61,9.06,60.176
2.44,4.48,8.1,2.41,1.6,4.87,1.08,6.94,1.02,8.97,4.91,5.99,82.670
1.01,6.95,2.24,4.5,0.04,3.1,7.78,8.67,3.71,3.63,7.16,0.16,57.345
9.02,7.4,7.01,9.21,8.31,5.08,1.09,5.42,7.08,1.74,6.8,1.23,197.046
5.57,3.32,1.01,4.43,7.35,4.72,6.84,9.21,9.83,2.35,4.57,1.99,75.884
7.03,0.06,9.49,2.12,3.61,8.69,3.07,8.85,1.35,6.69,6.33,3.02,105.766
8.44,2.58,8.4,7.1,2.65,9.28,7.6,4.5,9.18,6.96,5.95,5.89,95.933
7.5,9.06,1.57,7.33,5.6,7.15,6.48,3.56,1.35,7.47,3.84,7.42,126.859
9.0,1.32,9.3,1.71,0.24,7.47,6.1,7.94,8.97,5.95,7.67,7.71,65.494
5.28,0.49,6.65,8.79,6.92,2.96,0.84,5.87,1.51,5.75,1.77,8.75,126.950
6.14,2.3,3.64,0.96,7.36,9.2,5.74,0.59,9.52,1.02,2.97,1.5,138.707
9.96,1.23,8.67,8.68,9.1,3.53,6.19,1.15,9.92,9.41,6.28,4.29,110.553
2.58,9.02,9.19,7.59,2.73,9.34,3.67,5.21,4.14,4.54,8.02,4.9,132.710
6.35,1.51,7.15,3.09,3.9,4.3,0.58,5.77,6.61,7.7,0.15,5.84,98.687
6.98,9.22,0.01,4.33,0.46,4.69,5.97,0.07,5.36,0.52,0.79,6.06,136.867
2.0,7.05,9.07,1.48,5.4,4.36,4.65,3.06,5.51,5.58,4.38,7.29,96.357
2.4,4.96,3.76,0.36,9.74,8.93,8.71,4.11,9.48,5.28,5.19,5.32,79.155
8.13,5.8,8.64,0.11,5.93,6.81,1.22,3.49,5.59,8.36,9.44,0.93,122.012
0.74,1.43,7.94,1.38,2.01,3.92,9.31,4.94,7.51,2.4,7.85,4.41,47.831
3.52,8.3,3.49,6.4,5.62,9.27,9.79,1.12,0.8,4.78,4.37,1.17,166.137
7.57,2.65,1.71,2.29,2.08,9.01,6.09,8.22,0.22,7.48,6.22,1.06,86.412
0.67,6.18,4.47,9.61,0.51,1.31,5.16,4.71,7.15,4.3,9.8,2.27,68.134
5.69,9.75,5.6,8.27,9.43,1.67,5.44,5.31,4.34,9.06,9.97,6.83,98.681
5.9,8.22,2.0,6.68,4.67,7.87,9.49,2.66,8.19,4.97,1.21,8.96,99.605
7.8,8.32,0.57,7.8,4.47,6.42,1.37,0.21,2.33,4.06,5.74,8.8,157.175
7.71,8.05,5.01,3.37,8.65,9.18,2.2,5.57,8.93,7.93,8.91,1.56,119.573
8.7,9.53,4.74,4.46,8.78,9.47,6.27,3.78,0.42,0.8,0.54,6.53,249.073
5.93,4.58,6.03,5.74,4.76,5.78,9.02,1.4,6.47,0.8,2.03,0.58,161.675
9.08,5.92,9.25,0.64,5.51,7.68,2.57,8.54,5.72,7.78,3.03,4.48,118.555
8.53,1.82,8.35,1.53,3.76,1.71,0.42,6.39,4.15,8.73,5.56,8.95,75.146
0.97,7.45,2.27,3.93,3.11,1.5,4.68,2.65,1.77,5.06,7.66,0.39,86.583
4.92,3.98,0.31,5.71,4.5,7.35,4.83,3.79,9.77,2.7,9.25,3.02,80.246
6.95,1.73,6.05,3.39,3.33,7.01,6.59,0.97,2.52,3.21,3.24,3.95,138.965
3.01,6.48,3.25,9.7,6.44,1.79,0.92,6.57,2.43,9.11,3.9,6.32,104.855
2.74,5.17,7.09,1.3,0.15,6.37,5.49,5.98,7.94,8.74,1.87,7.79,60.354
3.56,4.21,1.21,0.84,6.33,7.47,6.3,3.66,0.52,2.26,9.64,8.38,76.788
2.81,7.94,3.26,2.78,9.65,1.32,5.24,9.46,9.79,0.44,6.92,2.7,80.347
1.58,5.04,1.28,3.67,0.4,3.49,9.69,1.27,8.29,0.38,9.37,9.14,40.535
8.76,6.48,5.84,0.14,0.15,0.77,3.32,8.95,3.32,8.78,0.73,9.32,64.323
5.76,1.89,8.48,9.53,0.32,5.39,0.05,6.17,7.94,7.0,7.91,1.24,103.497
2.42,3.4,7.96,3.39,9.37,9.24,8.33,9.34,7.02,8.39,6.38,0.29,90.013
2.92,1.29,7.67,9.89,8.22,0.3,6.85,0.72,2.63,8.72,8.51,1.99,102.957
1.29,8.44,9.69,5.62,6.87,8.47,7.4,9.55,0.29,1.12,4.72,9.28,124.784
1.98,0.08,1.72,10.0,7.0,6.27,2.7,4.04,7.47,4.83,6.89,9.71,75.898
9.48,7.92,3.81,8.4,3.2,5.65,7.55,5.97,1.38,7.76,2.91,8.45,113.051
7.07,4.69,8.64,0.91,7.83,9.99,5.85,0.12,6.36,8.22,6.48,0.79,140.654
8.8,8.81,8.06,9.29,2.37,3.59,9.73,9.93,3.26,7.94,5.36,7.39,93.832
4.67,5.38,3.33,2.14,7.99,3.84,2.41,8.08,2.49,4.24,5.78,5.31,96.609
0.33,0.36,6.15,6.41,5.49,6.76,6.73,7.66,3.64,7.64,3.99,1.3,82.364
9.48,2.52,8.95,1.85,9.26,2.94,2.59,8.98,7.32,5.85,5.97,4.48,99.460
4.41,1.62,5.14,6.32,2.27,7.39,4.77,8.36,3.98,5.86,9.21,1.54,80.516
8.77,4.42,5.49,5.71,4.04,7.74,4.44,8.34,3.97,6.83,8.52,1.33,108.196
5.39,4.8,1.93,7.95,3.9,1.6,0.26,5.05,1.92,3.13,7.98,5.47,107.392
4.05,4.22,0.88,0.98,9.41,9.53,1.92,4.05,7.68,6.23,1.02,9.56,95.437
3.49,5.57,1.63,5.08,3.55,3.54,2.97,2.0,5.63,1.94,7.38,0.89,109.851
8.79,1.85,7.47,1.98,8.28,4.74,3.89,1.12,6.82,5.04,4.35,2.46,139.823
8.08,9.69,2.2,6.81,2.36,2.59,4.68,8.73,8.87,4.32,3.97,1.48,99.002
6.42,0.68,1.27,1.93,5.58,3.28,5.47,6.96,8.08,5.66,3.02,7.65,52.009
6.49,2.22,2.23,1.63,9.52,1.41,1.44,7.51,3.0,8.36,9.34,3.95,69.940
3.83,4.62,9.65,0.32,8.87,5.83,5.36,7.48,8.7,7.92,3.93,2.81,91.492
4.09,4.32,0.2,8.85,5.24,6.77,2.15,8.64,9.68,9.0,1.4,6.73,78.378
3.42,3.51,7.0,2.54,4.07,1.33,4.93,4.67,6.31,8.28,7.33,0.7,67.877
3.65,0.8,3.67,1.94,3.6,5.92,2.27,8.35,2.97,5.73,8.25,5.34,59.496
6.93,9.1,2.07,5.51,7.89,8.96,6.59,7.48,0.4,3.78,6.06,8.19,124.492
2.53,1.01,1.54,1.72,7.67,0.1,8.64,8.05,2.31,4.98,9.64,5.28,37.455
8.4,5.9,8.05,0.17,8.56,8.31,2.64,5.46,3.32,9.56,6.08,0.86,141.082
8.39,6.65,7.21,4.7,5.63,2.69,0.95,3.44,4.57,9.8,1.45,0.4,171.131
3.19,2.53,5.03,5.5,7.23,4.21,9.91,9.67,3.66,0.75,8.03,3.67,77.585
6.35,3.69,3.66,8.81,1.49,2.87,7.8,7.61,8.7,8.92,4.93,2.22,66.874
1.9,0.05,3.99,3.47,8.11,7.29,9.66,5.54,8.9,8.87,8.36,4.04,54.684
6.39,9.92,0.68,7.34,8.5,9.29,2.42,3.07,5.34,1.11,0.61,0.07,333.756
6.83,0.63,8.64,0.68,3.58,7.34,8.07,0.61,1.19,0.9,8.73,3.4,120.961
5.16,5.94,8.14,8.83,4.56,6.14,4.07,8.44,7.84,2.22,8.62,6.0,104.248
0.78,4.9,0.16,9.71,8.54,1.29,1.2,7.24,7.59,5.82,2.03,0.83,102.711
9.97,9.88,7.3,2.14,2.29,1.37,8.49,1.75,1.62,8.84,5.12,2.87,114.848
6.26,5.69,1.09,4.53,5.28,1.43,3.68,2.57,9.73,6.26,3.52,5.99,76.472
1.99,1.75,2.6,4.52,5.26,9.6,1.22,5.77,4.51,9.58,1.42,5.82,90.819
4.88,5.25,0.16,6.78,1.25,0.01,7.63,1.83,8.96,6.51,5.3,9.1,46.606
4.41,4.2,5.94,0.29,9.07,6.59,1.84,9.29,0.42,3.11,4.82,7.83,111.681
1.01,6.71,0.04,7.08,1.67,9.9,8.74,6.36,0.76,4.25,8.09,9.43,70.183
6.65,5.43,7.93,9.16,7.51,5.9,0.63,6.29,2.16,0.19,4.79,5.52,217.467
1.87,3.33,7.11,5.16,6.57,7.33,6.93,7.46,5.6,9.19,2.31,1.04,96.434
9.65,7.95,2.57,5.37,9.5,8.81,2.43,1.49,0.09,6.74,4.82,8.18,184.632
5.12,8.46,4.78,0.24,9.98,9.25,1.13,7.24,7.87,8.94,0.24,6.32,119.187
8.85,3.74,7.62,4.45,8.57,7.67,7.22,4.48,2.83,1.25,6.81,0.52,176.980
4.36,4.37,8.42,2.79,0.14,5.85,2.75,4.31,5.09,2.55,0.52,6.49,119.438
8.73,6.28,4.01,5.97,1.19,0.44,3.88,7.51,3.25,1.73,3.49,6.82,99.775
3.46,4.73,2.8,5.97,1.25,6.8,4.38,4.85,3.86,5.19,3.03,2.62,104.513
1.54,9.21,8.26,5.01,9.31,1.05,6.59,3.26,2.15,9.6,0.59,8.78,111.011
9.93,5.45,5.81,9.24,4.19,6.92,4.4,8.51,9.58,1.58,3.51,1.87,141.053
2.75,9.23,6.01,3.03,6.99,5.35,3.72,3.47,1.12,2.11,4.56,7.29,149.798
0.38,9.1,2.48,6.52,3.92,8.49,1.98,6.69,6.6,0.19,5.61,1.08,139.458
0.01,8.47,6.81,3.52,9.39,1.51,6.27,4.54,4.05,5.68,6.28,6.92,88.056
9.51,8.86,3.39,2.12,3.73,7.31,7.79,4.06,9.73,0.67,7.96,4.66,100.143
4.05,6.62,0.09,7.18,6.94,7.86,4.77,0.82,0.08,0.42,8.24,3.98,178.809
9.62,1.56,9.13,1.22,8.43,1.78,8.76,3.2,3.37,5.16,4.88,7.78,95.747
9.37,9.35,2.74,5.74,4.19,8.3,3.23,3.12,1.49,0.95,2.2,4.75,252.160
6.28,8.4,5.64,5.37,6.28,0.94,9.46,2.4,0.76,6.07,7.28,3.33,112.321
3.65,5.1,2.83,8.99,3.06,1.24,4.65,6.1,5.06,0.28,7.32,6.37,83.512
9.12,4.7,9.73,5.86,7.62,5.64,7.84,3.8,2.15,9.18,2.03,8.27,128.254
9.71,9.94,1.35,5.95,6.25,8.2,0.83,9.91,2.78,6.61,3.78,6.68,135.338
1.66,7.17,2.05,1.24,1.66,5.09,2.67,8.68,4.28,3.66,8.19,0.5,67.441
9.91,8.71,3.29,7.38,6.2,1.26,1.73,2.74,7.95,2.38,8.28,3.77,136.872
7.96,5.35,8.96,2.74,1.44,8.99,7.68,7.79,1.15,9.32,8.38,1.47,99.022
9.19,1.54,8.04,0.15,2.43,5.44,2.89,3.6,6.68,5.19,9.2,7.75,75.871
8.42,5.9,4.77,1.38,5.45,6.69,4.24,6.04,4.08,0.78,9.67,7.99,99.421
3.0,6.15,6.07,0.14,9.94,3.93,5.12,3.82,2.62,3.68,0.35,3.31,154.656
1.34,4.36,8.53,4.43,3.55,0.17,6.4,3.65,7.47,4.24,3.3,3.7,77.816
4.03,4.27,0.36,3.54,1.38,7.71,8.97,5.82,0.7,6.16,5.42,9.44,58.313
8.47,7.12,9.12,3.72,7.31,4.51,2.2,6.23,3.44,5.83,1.04,5.14,168.551
7.37,4.82,5.46,9.48,7.75,8.33,4.8,4.49,6.36,8.71,0.98,5.47,140.247
4.79,4.22,7.48,5.78,7.28,4.3,4.02,8.79,3.72,0.56,9.95,5.65,103.548
9.96,1.42,6.46,8.73,9.09,6.3,8.2,1.1,7.87,6.48,3.26,3.1,139.820
9.15,9.72,5.78,4.02,2.97,9.79,0.25,1.22,6.81,7.84,7.71,6.56,136.328
8.35,1.04,7.66,0.28,0.08,8.71,1.55,8.42,9.53,1.49,5.21,2.7,90.381
6.09,0.95,4.56,6.23,7.14,8.89,2.69,0.64,7.86,7.27,6.84,7.24,104.057
1.77,5.62,1.15,0.02,7.39,0.21,3.94,2.56,8.11,1.3,7.52,6.54,53.921
3.58,2.84,9.89,8.84,6.31,1.27,6.02,8.57,1.55,8.16,4.5,6.11,93.755
9.73,0.55,8.11,8.65,2.75,9.46,0.53,3.0,3.76,9.09,0.81,1.04,215.304
8.44,7.49,6.78,9.46,3.6,6.09,3.39,5.58,8.58,5.49,1.55,2.24,156.019
0.3,6.13,8.61,9.89,9.02,8.37,5.77,5.42,4.87,7.02,1.19,2.74,156.683
9.98,2.26,9.5,2.33,9.9,1.34,5.24,5.54,1.25,1.99,6.1,3.85,147.309
8.41,7.92,7.92,3.36,9.64,8.75,1.66,0.47,6.74,2.63,4.09,1.53,268.692
8.47,5.24,7.67,8.76,0.53,8.85,0.96,2.99,5.17,3.66,7.21,6.41,149.697
8.58,1.57,4.65,1.32,6.62,4.63,7.2,6.62,7.22,1.27,0.11,2.22,111.080
2.7,1.78,6.5,0.2,6.04,8.03,9.49,7.27,4.92,8.61,9.35,9.35,51.541
7.07,2.04,6.53,2.62,4.71,7.88,2.1,0.9,5.79,4.33,7.66,0.31,146.278
8.76,7.72,2.8,7.4,9.34,7.86,9.06,5.48,0.98,6.9,2.89,9.29,126.821
6.64,5.81,4.36,0.74,9.28,6.69,8.34,7.54,0.18,4.64,2.15,2.69,131.245
3.59,4.37,7.07,5.69,3.53,1.52,0.2,1.42,7.79,6.48,6.77,0.31,112.190
0.17,9.04,6.79,8.76,8.46,6.85,4.21,6.29,5.16,3.38,4.46,9.52,121.351
0.62,4.87,3.73,5.81,8.78,2.0,5.12,6.51,4.67,3.79,4.63,2.67,94.231
3.09,0.19,3.08,9.54,9.24,0.35,6.89,7.73,4.24,8.71,8.52,4.11,63.408
6.2,5.45,1.21,8.93,0.7,9.9,7.31,6.63,1.34,1.36,1.54,6.34,132.096
5.54,9.3,5.61,2.88,9.88,0.63,1.86,8.03,7.45,5.74,0.5,3.16,126.552
2.01,4.94,6.75,7.31,6.98,0.49,4.73,7.83,1.91,2.14,8.86,9.28,81.957
5.02,9.29,3.75,1.88,1.16,5.96,5.07,9.23,6.55,6.51,5.2,5.08,71.892
3.49,2.94,7.96,7.59,8.03,6.75,7.71,1.48,8.76,7.36,6.71,6.08,96.483
2.43,8.8,5.64,5.72,5.11,6.59,4.86,1.56,2.78,8.49,5.99,2.17,132.650
5.34,8.13,1.8,5.45,2.72,5.11,4.56,6.6,1.58,4.65,4.87,6.4,99.616
3.81,3.31,0.86,2.96,2.5,6.38,4.02,4.87,2.09,9.59,5.21,2.69,69.617
0.94,9.9,7.68,2.53,2.63,2.81,7.87,4.73,7.48,6.43,4.4,8.4,67.387
8.2,4.86,6.47,2.81,8.2,2.87,3.18,9.01,9.77,0.52,5.89,5.98,97.263
0.05,4.94,1.34,0.53,9.34,6.95,9.69,9.05,0.55,4.6,5.71,0.7,76.403
2.7,5.91,1.13,8.16,2.41,3.81,1.13,8.19,9.72,2.8,5.7,1.63,82.688
2.31,0.53,4.64,4.62,2.7,2.36,4.19,7.1,0.52,2.84,1.92,3.3,86.361
1.51,2.68,7.57,0.73,0.72,3.83,6.62,1.22,7.18,2.41,9.71,1.01,60.533
7.06,1.61,9.7,6.82,2.62,8.82,2.74,6.27,9.98,3.77,9.66,6.55,93.995
2.87,1.11,3.6,9.72,7.05,5.74,9.81,4.49,3.28,2.74,0.64,1.89,131.685
7.9,1.73,6.07,3.86,8.25,7.29,3.51,1.74,0.61,2.25,7.21,0.28,225.000
4.92,0.56,8.6,6.36,9.53,2.04,0.68,9.39,8.1,9.15,2.87,1.0,102.629
8.22,0.21,0.59,7.72,3.99,3.17,3.84,6.6,0.03,2.59,1.0,3.12,139.115
6.1,9.59,0.49,8.03,8.42,8.82,4.71,3.01,3.1,2.45,6.57,0.09,207.978
5.02,1.85,3.02,1.38,4.68,0.79,5.92,6.7,9.22,9.46,9.28,9.12,33.682
7.35,6.61,6.02,4.41,1.28,8.28,0.88,0.85,4.19,4.91,2.46,3.51,202.083
0.2,5.91,3.14,4.84,1.63,0.12,6.56,3.55,9.42,5.08,7.66,9.14,38.252
7.75,2.67,4.17,0.63,3.01,9.3,9.22,8.47,3.88,8.01,3.51,2.92,76.451
8.17,8.75,2.59,3.52,5.99,0.56,6.86,4.0,2.34,4.44,9.35,6.43,88.510
7.09,4.3,8.99,7.47,5.83,5.73,8.41,8.89,1.78,4.75,2.55,3.24,133.052
7.17,9.61,2.91,7.21,2.59,6.47,1.16,1.0,0.76,5.74,8.38,3.12,178.373
7.31,6.25,5.22,4.79,3.65,5.13,4.33,0.49,0.15,3.36,3.61,9.07,153.974
4.86,2.42,4.58,3.09,9.09,1.2,7.0,5.98,7.7,2.31,6.62,6.73,69.455
7.75,6.27,3.09,9.68,8.07,9.84,3.94,1.66,6.11,3.39,7.97,0.14,192.589
0.48,6.58,9.44,1.3,7.1,6.05,4.24,4.12,9.13,5.56,8.52,1.86,92.582
1.76,8.54,8.09,1.19,9.29,7.18,5.43,1.04,7.0,2.09,6.03,7.16,125.391
8.83,9.97,0.76,2.58,2.39,6.36,4.98,7.59,2.87,6.1,1.3,1.77,125.518
6.42,3.63,6.15,8.81,0.73,8.38,3.28,8.59,5.63,9.89,0.63,8.35,93.814
5.53,8.92,0.15,6.79,8.17,5.67,0.14,1.65,3.39,5.06,7.0,7.74,141.033
9.05,0.06,7.81,5.05,1.29,3.41,1.04,0.78,6.53,5.22,9.34,3.59,100.642
1.1,6.25,9.9,9.91,8.87,9.19,4.68,4.47,5.02,4.78,6.23,6.24,143.921
7.83,7.53,5.13,7.27,9.0,0.62,6.49,0.25,1.02,1.14,0.5,8.21,212.266
6.83,5.79,4.41,3.55,5.79,9.45,5.32,1.61,3.88,9.64,1.3,4.63,135.785
0.19,6.38,9.57,3.42,1.38,6.41,2.56,2.25,7.83,9.42,6.62,2.89,86.633
5.37,6.67,8.56,4.47,8.81,3.64,2.32,0.36,8.69,1.33,4.89,6.79,153.897
3.62,3.19,3.03,2.01,3.27,7.17,6.62,9.35,8.43,6.24,7.68,1.76,55.614
5.74,9.19,5.26,6.8,7.72,8.47,0.58,3.41,7.78,4.77,9.51,6.32,133.395
3.76,1.71,8.13,3.09,7.9,0.77,1.77,2.13,4.16,8.02,5.59,3.91,99.140
2.06,4.69,6.92,2.93,9.68,3.01,9.43,3.57,8.53,1.65,4.47,6.65,85.394
5.35,3.82,2.28,7.65,0.3,7.33,1.57,3.81,6.84,7.89,1.08,8.43,90.243
2.46,5.23,3.0,7.6,9.76,10.0,4.32,3.99,0.21,8.35,0.71,9.25,141.819
3.79,4.02,3.51,3.51,6.66,4.36,4.45,3.04,4.77,7.7,1.01,5.25,98.589
4.25,9.02,3.41,3.65,4.16,8.14,1.41,8.73,5.78,3.38,5.41,4.12,113.181
9.24,6.1,3.02,0.72,0.44,6.5,8.61,3.41,4.62,1.83,1.96,0.27,125.700
8.45,1.04,4.12,5.77,1.38,2.16,5.07,6.28,7.31,9.61,6.95,2.08,61.448
4.66,7.0,2.82,8.61,9.98,9.16,5.5,0.21,9.43,5.8,6.57,7.19,121.700
9.25,7.01,2.6,2.79,0.38,9.4,5.35,0.91,5.6,7.04,9.28,2.46,102.578
2.56,2.35,2.57,6.28,9.1,4.16,8.36,4.08,1.75,6.18,3.39,5.78,91.469
0.23,9.0,2.41,5.79,5.69,6.31,7.92,7.73,3.06,5.29,6.59,6.28,79.821
4.05,7.24,0.33,8.76,1.95,7.94,7.7,2.19,8.48,5.83,2.72,9.23,83.734
8.84,9.18,3.87,9.23,4.38,4.38,0.51,4.85,4.05,6.64,2.62,9.68,140.670
1.02,6.12,1.22,9.66,9.25,7.03,7.4,3.97,7.13,3.29,8.01,8.49,89.580
2.5,2.95,3.91,2.01,8.71,0.42,3.51,5.27,5.94,6.57,1.88,0.39,87.012
9.93,4.59,6.53,9.73,1.96,3.59,1.34,4.68,9.51,9.48,9.67,0.13,104.367
1.19,0.71,1.0,2.1,4.88,4.62,8.03,4.39,6.88,1.45,5.41,7.82,42.672
7.83,8.18,4.06,7.19,5.9,5.34,1.36,6.22,6.5,9.51,9.96,8.07,92.504
8.72,9.71,2.18,6.72,1.93,6.47,6.45,5.3,9.15,1.71,0.1,5.07,128.618
4.84,4.22,7.18,8.92,5.6,3.09,9.58,9.02,3.01,2.09,3.62,8.81,93.689
6.8,4.86,6.95,7.58,9.17,2.27,0.88,1.27,3.44,9.71,6.89,8.43,122.894
0.57,4.57,3.92,3.83,3.62,5.46,7.51,8.63,6.05,1.87,5.61,6.97,59.962
8.08,6.16,2.93,3.45,9.62,2.67,6.24,4.01,8.61,0.01,9.54,1.55,109.846
3.03,6.98,4.44,8.11,1.19,0.71,7.6,1.2,2.64,0.35,9.54,3.27,99.431
2.83,4.16,4.71,3.42,1.4,8.64,4.02,4.46,9.06,8.43,3.88,2.13,78.674
1.65,3.6,1.04,6.86,6.86,0.24,3.05,1.71,5.73,3.69,6.63,1.92,89.089
4.91,2.04,5.17,9.47,5.13,5.07,5.18,7.94,1.57,8.11,4.66,1.31,110.497
8.73,5.43,1.67,2.88,0.6,9.68,5.05,8.83,6.17,2.23,5.16,4.81,89.891
3.73,2.43,9.16,0.17,5.95,2.21,2.56,2.2,9.9,3.72,9.28,7.04,68.156
6.2,0.02,3.4,2.21,2.88,8.19,2.9,5.71,6.88,7.9,5.37,4.04,69.817
9.23,3.93,6.36,2.82,7.33,2.3,0.54,5.91,0.51,2.5,0.62,3.98,227.383
2.97,7.55,1.15,3.77,7.74,8.1,7.54,2.89,3.57,7.33,9.64,5.56,85.628
4.61,9.18,1.06,0.68,1.85,9.81,6.98,0.49,0.4,3.9,3.49,3.28,146.656
8.47,7.99,4.04,2.24,9.75,5.17,8.82,7.19,7.22,7.12,2.73,3.92,101.784
2.0,5.05,5.84,5.09,4.84,2.49,6.46,7.86,4.56,3.65,8.19,6.2,68.554
3.49,4.86,6.56,3.17,8.65,1.23,6.54,7.18,3.79,6.95,0.66,2.23,102.230
4.62,2.42,7.63,4.09,4.88,0.88,7.41,8.71,9.65,9.66,2.83,1.79,61.223
4.88,6.37,9.26,1.93,4.31,7.64,3.35,3.76,1.35,2.39,8.09,6.1,137.340
2.9,4.49,3.43,4.7,0.48,7.69,4.63,1.0,2.92,7.56,3.47,0.38,118.687
6.44,1.71,0.45,6.0,8.8,9.72,6.49,1.49,3.05,1.72,1.89,0.77,214.925
2.65,8.25,1.22,2.56,9.47,0.97,0.13,2.74,5.28,9.78,6.25,9.18,75.300
3.02,7.58,4.89,4.89,5.75,3.59,0.69,2.0,3.92,0.29,0.96,9.18,174.413
1.03,8.95,7.05,0.94,1.78,3.68,0.89,8.06,7.14,2.5,2.98,8.33,78.361
5.6,2.29,3.66,9.34,5.59,7.31,4.6,6.45,0.01,0.57,2.82,6.27,163.079
2.71,0.08,4.35,5.16,1.17,4.35,5.09,0.96,4.95,9.58,0.43,9.58,58.254
5.29,0.63,6.71,2.79,9.33,7.65,5.61,5.29,3.01,8.66,1.95,7.92,99.877
3.58,6.76,9.89,7.61,8.39,8.17,4.57,8.33,2.54,8.34,9.98,4.88,114.907
8.34,6.99,6.27,1.28,5.7,3.02,2.87,1.13,5.86,3.28,1.44,6.08,152.953
2.75,7.39,5.89,6.87,6.12,1.58,2.3,0.46,1.06,0.59,8.48,3.86,182.687
5.96,9.96,1.53,1.43,7.81,8.72,7.7,3.63,9.88,7.75,6.29,3.87,90.516
2.74,9.89,4.88,6.76,8.72,7.87,0.58,0.79,8.85,0.04,7.82,2.52,198.350
3.92,5.11,9.17,3.62,9.93,5.98,4.86,2.79,3.02,5.02,8.75,3.83,133.463
4.75,3.16,6.38,6.32,5.85,4.43,3.0,3.01,2.44,0.78,2.66,4.31,190.679
0.08,6.62,0.07,7.18,2.89,2.81,2.04,9.97,9.27,6.72,3.11,8.36,49.785
5.24,6.04,1.9,3.12,9.22,1.21,6.45,7.52,9.32,1.05,1.28,0.69,101.596
5.07,5.69,8.45,7.6,9.26,6.79,2.15,3.21,3.03,8.58,5.47,4.76,157.574
1.68,1.67,7.25,3.77,5.91,4.58,2.87,9.17,4.57,8.29,2.7,8.33,69.190
9.45,3.17,0.42,8.85,6.73,7.18,3.28,8.53,2.64,6.85,1.34,1.25,149.853
8.41,7.93,9.48,0.4,6.47,6.79,5.53,4.87,6.65,5.83,9.54,8.04,97.578
5.25,9.69,8.59,3.32,2.98,1.79,6.45,0.6,9.28,5.2,7.81,9.6,81.202
0.69,5.32,0.44,2.48,9.65,1.55,4.97,9.79,8.39,3.23,4.84,3.76,57.547
3.16,8.18,6.56,8.65,2.44,5.69,7.7,6.62,2.54,5.31,3.7,4.69,113.482
6.37,7.41,6.5,3.5,1.18,2.41,5.74,8.48,2.98,0.9,2.36,5.36,106.003
5.04,8.19,3.51,9.44,5.2,9.64,1.98,5.24,6.02,7.87,2.08,2.13,162.006
5.0,0.39,8.31,3.33,0.21,6.75,4.87,5.49,5.76,1.83,6.14,4.54,83.793
3.01,6.26,9.55,3.34,8.81,3.12,7.83,6.83,5.16,6.25,6.24,0.66,103.397
9.22,2.63,8.31,0.58,3.07,0.77,5.51,9.1,0.37,2.98,2.95,6.78,88.769
6.41,8.28,8.63,8.42,3.93,3.08,1.13,1.76,8.32,7.16,8.74,6.31,115.949
2.5,2.02,0.29,3.04,7.53,8.46,0.49,2.86,8.2,3.28,8.17,1.91,95.705
5.63,7.45,8.33,0.4,7.98,4.3,2.14,8.07,9.43,8.93,8.19,0.33,91.912
0.99,0.53,7.87,8.63,6.85,9.72,3.07,4.27,3.3,9.48,7.36,1.92,117.653
5.88,1.52,3.26,5.97,6.5,1.77,0.33,3.2,7.61,7.86,8.4,8.82,68.747
2.67,9.66,9.72,7.19,0.61,0.52,0.02,1.38,0.25,0.26,8.61,6.35,180.024
5.04,0.78,5.74,8.66,7.75,8.77,8.55,8.51,3.7,4.36,8.23,2.42,102.712
3.27,5.87,1.2,4.91,7.87,7.76,5.48,5.59,4.65,5.42,2.09,9.37,94.724
2.69,6.22,0.94,4.17,6.8,0.66,5.81,1.16,0.35,4.96,0.86,4.29,123.236
6.34,4.49,8.36,0.26,0.93,1.74,9.03,3.09,3.95,0.39,6.16,2.0,89.846
0.89,6.61,2.22,5.48,2.61,5.06,2.92,9.15,7.04,1.08,4.63,5.54,75.329
4.87,7.52,9.21,5.17,4.36,4.89,6.09,5.35,8.67,8.93,2.55,7.47,92.217
6.9,3.77,1.24,9.33,8.65,3.11,1.3,10.0,6.08,7.2,6.29,7.23,86.614
1.63,1.74,1.88,9.21,6.0,9.54,5.42,6.05,4.9,6.41,4.95,9.51,80.559
1.65,3.28,0.9,4.48,7.08,1.14,3.8,1.0,5.37,6.23,8.03,3.22,67.016
9.38,8.0,8.95,0.76,1.66,5.79,5.04,3.85,8.59,2.63,4.04,7.73,108.344
6.41,6.46,2.6,7.12,9.49,7.45,3.45,6.02,1.19,8.96,5.77,7.12,121.593
1.67,8.65,4.05,0.56,9.31,1.27,5.26,3.19,7.63,5.99,8.03,8.9,65.410
3.37,2.03,1.0,4.21,6.33,3.21,6.71,6.83,3.68,3.82,4.7,6.82,61.886
7.01,6.8,9.51,3.6,0.67,9.05,9.35,6.64,8.78,2.09,2.15,3.0,114.464
8.07,3.4,5.57,8.93,4.1,9.95,6.02,0.54,2.5,7.13,8.15,9.93,116.779
2.52,6.57,5.51,9.26,3.3,9.14,9.78,5.99,0.68,8.65,6.83,8.95,88.796
3.08,4.17,9.02,3.95,9.95,1.16,1.17,6.45,1.49,3.43,4.85,0.66,173.573
1.91,0.39,6.24,7.46,8.56,3.54,8.12,9.63,9.09,3.55,9.96,5.91,60.744
7.55,5.02,0.67,7.08,3.9,2.0,9.91,3.57,9.98,2.17,2.08,4.06,82.531
6.61,7.32,7.6,0.19,5.19,7.56,3.18,2.12,2.85,7.93,3.67,7.23,127.761
2.07,8.99,2.81,8.22,8.38,9.74,0.76,1.13,7.35,9.54,3.22,7.07,138.321
5.44,0.21,8.57,8.25,5.34,5.39,2.79,4.7,6.17,5.54,2.58,2.23,138.276
2.8,7.93,4.12,6.02,7.63,6.75,5.31,3.94,6.88,4.13,0.29,1.22,161.920
2.04,2.51,6.56,1.94,8.98,9.42,5.85,0.15,9.91,4.33,1.74,8.45,103.352
6.54,6.92,4.27,4.7,0.1,1.95,9.77,6.38,3.0,9.51,0.35,4.41,73.250
6.7,2.89,0.87,7.78,9.7,0.13,1.31,2.44,8.52,2.28,5.4,2.48,125.145
3.36,4.38,5.79,1.79,8.01,8.05,0.81,4.55,1.85,5.33,7.43,2.19,141.606
2.37,0.83,2.19,0.94,3.27,3.43,7.62,5.43,0.59,5.19,3.49,9.73,40.655
3.38,9.24,1.98,7.91,1.11,7.67,2.85,9.72,1.59,1.24,5.33,2.62,134.004
3.03,4.43,5.31,8.8,1.42,4.9,9.39,5.28,5.73,6.43,9.27,9.78,60.789
8.87,5.41,1.27,7.08,7.57,9.64,0.97,0.63,1.06,9.77,3.89,5.74,180.598
5.8,0.08,6.63,8.08,1.32,3.12,5.23,1.19,7.06,9.45,6.38,1.71,80.690
4.67,1.4,2.77,8.08,9.93,8.14,8.96,2.03,4.33,0.47,4.34,2.2,156.695
1.52,5.0,7.87,4.47,8.83,7.63,3.38,0.73,2.83,3.25,4.83,1.96,208.009
1.75,1.17,9.49,6.73,6.71,4.37,1.07,3.1,8.29,1.27,7.61,4.78,115.697
8.55,4.93,6.71,5.99,2.93,2.1,1.42,4.82,3.67,7.76,2.7,2.56,136.110
4.44,1.71,1.3,3.91,5.31,8.75,2.32,0.64,6.84,1.03,3.14,9.96,106.226
3.4,6.84,4.71,0.9,1.67,1.81,3.65,2.2,9.05,2.56,1.92,2.83,87.033
6.23,6.44,8.11,5.62,0.84,0.07,6.1,8.31,7.72,3.48,4.48,9.05,69.775
0.43,8.94,2.96,8.92,0.85,9.6,4.35,4.91,4.82,9.31,2.08,4.75,104.897
1.43,8.28,7.68,7.77,4.02,0.95,2.19,5.65,5.46,9.48,5.89,3.06,94.957
8.4,2.66,4.4,5.5,5.24,2.29,4.63,1.09,8.96,0.29,4.59,2.83,127.244
2.42,8.62,0.38,8.65,5.62,1.46,7.33,7.66,5.96,0.8,4.53,3.29,91.816
5.96,5.16,2.2,5.55,8.2,8.26,8.23,3.42,5.81,0.81,5.46,0.95,143.152
4.96,4.51,5.63,1.2,4.72,7.22,8.32,7.29,4.43,4.74,6.44,8.43,71.223
9.78,6.57,6.95,1.09,8.68,3.03,4.41,5.87,2.19,9.58,2.16,4.79,124.483
1.55,8.92,1.22,0.21,7.13,9.64,4.13,1.28,1.01,3.99,1.3,2.05,208.358
9.0,3.3,5.06,0.77,5.2,9.53,4.87,4.26,4.41,0.3,6.66,7.03,119.361
8.64,2.57,7.17,2.34,7.0,8.87,3.73,4.15,7.8,8.68,2.24,7.24,108.126
7.45,6.54,7.33,9.81,1.62,6.14,3.28,5.86,3.29,7.52,9.4,5.75,110.798
0.28,7.78,1.81,1.99,8.83,8.58,3.44,3.02,3.47,1.8,7.69,3.97,125.139
4.3,2.04,0.67,8.62,5.33,6.48,0.84,2.56,9.7,4.21,7.21,1.46,105.620
1.72,8.98,5.65,8.28,6.2,0.38,4.06,7.49,0.79,5.91,6.77,8.86,92.119
4.54,7.31,0.86,0.76,2.66,2.07,5.86,5.07,0.11,0.01,7.79,5.75,74.014
9.27,4.7,7.54,3.12,5.27,5.66,2.14,2.71,1.86,6.35,1.72,7.76,157.764
0.7,8.73,0.3,7.59,8.42,9.18,3.29,3.78,3.65,7.8,7.67,7.56,103.467
9.4,2.44,5.05,8.25,4.77,3.97,4.85,6.24,9.17,2.18,7.62,9.36,85.946
4.31,4.02,3.3,6.79,9.81,2.8,9.92,8.54,5.73,2.66,0.55,9.1,85.014
1.14,3.77,4.48,5.3,3.87,8.91,5.0,1.67,5.36,4.49,3.74,2.33,121.602
5.51,7.74,9.21,0.01,9.41,2.83,9.76,4.34,7.32,0.28,7.01,5.2,102.359
0.65,8.87,8.15,4.14,6.15,0.68,4.44,8.02,1.09,7.85,0.5,6.39,101.237
9.79,7.95,1.72,9.6,7.75,3.02,7.53,5.18,3.67,3.46,8.09,0.92,138.059
4.27,8.71,9.19,3.53,1.25,7.56,6.13,8.82,0.55,1.63,1.4,2.22,166.313
1.74,1.73,3.54,4.95,3.08,2.34,5.26,1.43,4.76,1.65,5.91,4.67,73.395
7.12,6.67,3.1,7.49,5.06,5.44,9.24,2.04,9.26,10.0,7.54,6.12,78.914
4.81,2.24,2.82,4.49,8.33,4.47,6.76,2.48,2.92,8.17,9.61,7.61,72.330
8.88,8.6,7.8,6.7,0.07,6.13,3.08,3.7,8.16,3.9,1.64,9.62,126.844
3.52,2.81,0.88,1.36,2.07,8.46,2.41,1.55,6.93,3.2,3.47,1.16,102.030
5.39,1.07,4.95,7.07,0.99,6.03,1.92,2.82,5.44,9.96,4.95,6.82,79.912
1.07,6.24,9.0,7.07,2.27,9.79,7.89,9.9,1.64,4.1,7.17,3.62,103.263
6.65,4.54,7.26,6.65,1.05,1.26,3.85,7.66,4.06,9.92,8.18,7.05,67.313
6.28,8.8,8.85,2.62,7.28,9.95,4.76,2.65,3.31,4.64,2.46,1.19,230.300
1.05,6.81,2.07,1.51,6.05,3.37,5.9,1.68,9.66,5.2,9.07,7.92,52.904
9.81,3.31,8.83,6.09,5.49,9.56,6.36,8.41,1.31,2.17,8.66,3.84,140.130
2.69,1.47,4.39,7.45,0.04,4.91,8.38,9.64,6.55,4.86,3.56,5.74,54.092
4.41,5.88,2.39,9.99,3.98,0.59,2.32,8.89,3.53,9.06,8.77,5.97,70.680
1.31,9.01,2.04,1.84,0.85,7.76,1.54,8.29,3.26,6.51,4.79,2.04,86.303
3.95,1.56,5.08,9.3,1.59,3.12,4.81,8.1,6.66,6.7,6.03,9.98,58.184
7.05,3.32,1.25,0.53,7.93,9.98,3.78,4.48,8.07,2.48,5.58,6.68,96.749
1.99,2.28,5.21,6.86,6.91,3.59,8.97,1.39,0.47,8.66,2.76,5.86,95.482
4.02,4.9,9.14,0.84,8.1,6.74,1.04,3.84,3.01,0.41,9.86,3.11,158.627
8.99,4.67,9.58,3.27,3.3,1.32,6.06,4.85,8.86,9.59,1.65,8.2,79.393
6.78,7.5,2.52,5.48,6.92,4.54,9.49,4.1,2.04,8.1,2.52,7.59,99.704
8.49,6.23,7.71,5.11,5.54,3.54,7.86,3.06,2.0,2.86,7.41,3.6,136.693
1.58,4.48,6.85,0.93,8.84,5.33,1.67,0.8,6.55,0.19,1.38,6.98,159.419
2.35,8.35,5.18,1.46,1.69,3.8,4.24,6.75,7.14,9.6,4.21,7.63,57.695
8.22,2.48,3.05,6.52,5.49,1.8,4.64,8.43,7.03,1.39,0.78,7.38,92.951
8.77,7.63,1.17,0.47,9.98,2.46,8.23,4.64,2.56,4.61,1.61,3.47,121.338
8.31,4.9,4.88,6.81,0.01,0.55,0.77,5.78,4.16,8.24,8.58,7.4,72.889
0.21,3.48,3.29,1.04,5.78,0.29,4.08,2.82,9.5,2.5,2.69,10.0,44.603
1.79,7.21,2.29,3.8,6.82,5.93,2.46,7.79,7.27,3.04,1.0,6.73,98.409
9.1,3.73,7.85,1.3,4.72,9.39,2.82,3.23,3.88,7.45,9.75,3.91,116.269
8.36,0.25,3.72,8.31,4.17,0.56,7.52,5.29,0.29,7.44,9.67,5.56,70.925
0.65,0.47,7.39,9.43,6.31,2.65,5.44,2.34,0.13,6.6,5.11,2.24,123.056
4.98,7.09,7.43,0.06,0.27,7.17,1.66,0.38,4.51,6.48,9.82,10.0,82.192
1.6,2.79,3.03,0.09,1.13,9.58,0.37,0.18,8.32,8.17,7.65,9.14,53.858
4.19,9.12,6.76,1.8,4.38,9.19,8.49,6.92,0.11,3.4,7.17,8.17,103.444
5.5,2.57,0.3,6.75,3.14,6.57,7.87,6.31,8.5,7.95,7.02,2.27,62.199
1.27,7.83,7.58,6.47,9.83,9.97,4.3,2.6,9.14,6.75,1.74,4.53,147.798
1.01,8.52,6.55,8.04,2.29,1.18,0.41,4.52,5.65,1.14,6.96,9.1,99.316
3.21,7.75,4.99,7.37,6.07,7.82,4.33,8.99,6.99,2.45,1.89,0.13,150.161
8.51,6.4,3.82,3.98,0.21,1.22,5.15,3.53,6.37,3.84,4.93,5.02,83.703
8.99,4.23,2.32,0.17,8.13,8.73,4.56,0.13,3.19,9.32,1.01,5.65,136.505
5.64,7.33,3.74,0.44,6.37,9.31,0.2,3.56,4.9,4.62,7.04,0.87,154.932
9.78,0.97,3.89,9.62,6.38,6.79,8.31,0.01,9.59,9.25,1.61,6.03,107.557
5.92,6.25,1.26,8.33,0.7,3.6,4.35,6.51,6.95,5.13,7.91,0.45,83.259
2.19,5.6,3.6,5.5,0.91,3.84,7.53,4.01,5.45,7.28,3.91,0.08,76.575
5.34,1.88,7.35,0.61,4.71,8.64,5.38,9.59,2.67,1.1,8.09,2.48,97.339
7.93,1.2,5.05,0.26,7.58,2.39,9.0,9.94,5.67,8.97,5.34,4.6,56.089
1.39,9.36,3.76,7.77,8.63,2.22,4.22,8.9,4.12,5.09,1.28,6.45,110.213
8.64,9.99,2.29,7.32,3.24,3.07,9.01,8.74,0.1,6.37,8.76,1.9,99.054
7.64,6.25,9.19,3.77,1.06,3.45,8.44,3.24,7.21,9.27,2.74,5.89,85.241
7.46,1.41,8.92,9.98,2.33,8.69,7.41,9.79,0.29,3.25,3.09,6.65,127.264
7.09,2.11,3.23,7.78,6.16,6.63,6.07,6.04,0.94,2.82,8.26,5.19,112.551
1.56,3.83,8.6,1.76,1.7,4.61,4.89,8.28,0.45,8.91,1.64,5.16,75.213
8.69,9.46,5.01,0.74,5.91,5.77,5.88,0.77,8.44,7.78,6.44,3.18,109.511
2.45,2.63,4.48,6.23,6.6,7.92,9.52,0.51,8.82,2.29,3.9,3.02,108.019
0.57,2.75,2.63,1.14,5.38,5.9,2.78,9.25,4.07,8.35,1.88,5.54,57.640
6.47,2.95,2.88,3.73,1.13,9.33,1.97,1.06,1.38,3.74,2.3,2.08,211.413
8.97,1.69,1.14,1.43,9.42,0.62,6.17,7.19,8.33,3.61,8.43,7.89,55.911
3.77,3.93,8.52,7.87,3.16,8.71,7.64,5.67,8.61,6.49,5.64,9.58,82.420
4.99,3.39,3.78,3.87,7.21,5.33,3.13,4.51,8.39,5.66,3.93,2.35,102.145
2.58,2.47,4.52,8.04,4.43,3.54,7.57,9.76,6.1,5.22,8.63,8.16,56.294
7.68,9.59,8.71,9.66,2.53,7.35,4.77,4.28,6.1,1.22,8.82,7.4,139.675
6.52,0.69,3.36,9.83,4.37,5.46,2.06,4.45,9.25,8.73,6.29,6.9,80.228
9.46,8.28,3.51,8.76,2.92,6.39,3.1,1.64,4.61,2.0,1.35,9.83,174.523
9.93,1.49,9.08,2.82,7.12,5.87,8.44,2.24,6.63,9.81,3.65,7.14,95.779
3.81,6.94,7.47,3.04,3.67,1.54,2.85,2.88,1.99,5.25,7.55,5.41,102.083
2.11,2.52,1.27,9.27,4.99,1.15,4.52,1.44,7.91,3.42,2.71,3.24,91.695
3.19,0.52,1.04,7.72,0.7,7.05,6.22,0.49,1.59,6.46,7.56,5.19,73.501
1.7,9.95,2.3,3.81,6.09,4.44,0.76,9.94,8.56,5.55,8.38,8.02,68.648
6.2,9.71,1.53,3.12,8.08,3.41,4.69,3.3,2.25,3.85,2.84,9.41,121.678
1.16,4.56,8.0,1.88,7.06,6.89,8.42,0.39,1.13,0.26,3.41,5.65,153.427
2.09,7.45,3.08,5.64,0.54,3.42,5.86,4.09,7.85,1.53,7.8,4.06,71.241
6.97,5.96,9.59,3.85,8.58,0.36,6.41,9.36,7.6,0.44,9.39,1.06,103.065
6.12,3.89,9.46,1.84,1.59,3.46,5.91,2.67,4.69,8.04,3.83,5.17,86.968
2.44,7.14,1.19,4.83,7.91,2.4,7.13,2.6,7.77,0.28,4.97,1.57,106.538
8.98,0.26,4.07,9.15,7.6,9.65,5.56,2.95,9.65,8.79,3.78,1.06,124.913
8.97,7.78,2.87,4.05,2.65,0.32,2.29,4.24,9.2,2.37,6.92,3.45,93.572
3.11,6.6,3.77,0.1,7.88,8.09,5.08,7.36,8.27,9.28,2.04,6.07,77.559
0.01,8.97,0.33,5.05,0.78,3.74,0.82,7.12,9.15,3.59,6.89,4.5,58.871
0.53,3.97,0.46,8.06,2.13,6.67,5.29,9.46,1.4,4.54,9.25,7.91,57.649
1.21,7.66,9.26,1.88,7.05,9.41,4.19,9.18,2.16,1.63,9.47,8.52,103.755
5.71,2.72,6.34,9.44,2.34,7.0,9.36,2.82,6.63,9.39,0.22,8.41,91.094
0.36,2.38,8.8,0.41,6.43,7.11,3.09,3.04,0.58,3.83,4.84,7.81,109.918
1.01,2.86,1.05,2.89,4.48,2.27,8.13,5.5,7.76,8.45,7.39,5.38,34.170
6.71,5.32,1.87,9.28,5.61,2.74,3.13,5.54,0.23,5.68,0.4,0.76,200.318
2.37,9.03,2.08,9.57,7.48,4.48,0.11,6.84,6.37,9.47,3.2,1.96,125.259
8.65,0.48,5.96,7.45,0.23,2.04,9.43,2.58,8.78,0.47,5.94,8.42,69.652
5.01,1.46,1.87,6.16,1.86,6.22,6.04,3.57,4.67,9.7,6.05,0.18,74.743
1.4,0.3,4.03,0.94,9.46,8.86,1.57,7.31,9.58,3.76,5.14,1.43,86.801
9.84,3.71,3.38,1.92,6.67,1.56,1.18,0.5,4.49,3.8,4.54,5.96,132.291
9.53,3.13,0.78,1.78,1.08,6.13,0.69,4.47,2.54,8.3,9.07,2.01,82.829
9.32,8.15,6.68,0.76,7.96,3.31,5.65,0.22,2.82,9.5,2.29,7.66,128.571
6.51,3.52,3.65,0.83,3.05,5.08,4.63,5.3,0.4,6.93,5.42,2.13,91.254
1.18,7.94,1.29,3.52,5.42,9.5,4.43,2.3,2.71,2.56,6.56,3.11,133.133
3.86,1.53,3.18,6.16,2.0,7.52,9.58,5.11,4.85,9.31,4.05,0.45,72.714
8.54,0.27,4.37,5.38,8.0,6.45,8.81,0.84,6.1,5.15,6.62,1.24,114.777
7.7,0.85,5.25,2.46,7.7,9.04,3.08,5.04,8.72,7.12,7.89,7.31,84.270
4.6,8.79,3.91,5.73,1.2,3.51,9.58,8.0,0.84,3.88,0.43,2.35,110.606
1.53,5.39,8.82,3.39,9.77,8.36,3.5,7.22,6.73,4.11,4.96,5.92,114.858
5.73,5.14,4.3,8.11,3.31,0.7,6.8,8.99,4.13,2.97,4.85,4.68,84.176
1.39,3.65,1.5,8.52,5.77,8.35,4.23,3.22,6.99,7.53,5.72,4.58,90.425
2.67,5.13,9.48,4.55,2.63,0.63,7.0,3.61,0.87,1.31,2.87,2.73,136.433
5.46,5.23,3.92,0.04,3.01,5.89,4.53,6.34,2.04,8.36,0.18,8.69,78.135
8.93,3.86,2.36,2.49,5.94,9.66,6.98,3.47,9.38,0.67,8.95,9.78,84.731
9.84,8.91,2.91,3.99,5.6,8.17,2.27,8.92,3.57,7.24,0.43,3.62,151.324
5.68,5.18,7.89,7.97,5.13,8.47,2.64,9.0,7.17,0.72,3.9,8.18,127.555
1.21,3.6,3.22,0.44,8.09,3.65,3.77,6.84,9.75,6.39,0.44,9.57,54.978
6.28,4.71,6.87,9.67,4.22,1.0,6.33,7.22,9.83,4.81,1.43,9.15,84.473
5.3,6.43,9.77,5.93,6.97,9.93,9.58,9.28,5.05,1.44,5.78,9.76,108.413
8.37,4.63,2.22,4.57,7.95,0.69,6.39,3.69,9.32,0.42,1.36,3.87,113.493
7.17,3.15,3.29,3.33,2.15,3.88,9.3,5.61,2.71,6.01,2.35,7.9,67.798
4.89,8.87,0.91,5.03,0.37,7.62,2.1,7.52,7.08,4.48,5.26,0.48,102.860
9.83,3.02,3.82,0.02,6.19,7.6,8.69,1.26,4.89,1.64,9.36,5.46,97.380
3.08,1.3,4.27,6.74,3.73,4.29,2.26,4.64,6.59,6.87,7.44,3.96,73.709
9.01,8.23,5.96,1.25,6.79,7.0,7.06,8.18,9.84,8.08,9.77,3.62,82.148
5.66,9.19,9.07,7.18,1.1,7.83,7.22,6.94,8.78,9.02,4.28,0.1,110.154
1.29,0.92,6.23,7.96,3.33,4.05,8.01,2.86,4.61,1.34,0.03,9.41,90.556
9.24,5.44,6.88,9.04,9.91,7.87,8.35,7.29,5.97,4.37,6.12,6.99,123.766
4.41,2.73,3.89,5.14,4.93,8.49,2.64,4.58,0.23,0.81,8.16,1.34,166.610
1.61,8.08,9.73,5.28,0.9,6.09,2.22,6.8,7.28,4.77,9.68,4.76,89.242
0.44,3.36,1.57,4.14,6.21,5.68,8.9,1.0,0.98,4.48,0.5,7.79,90.486
7.29,5.08,0.03,3.65,7.87,2.92,4.19,9.06,3.19,8.56,3.27,3.29,85.044
9.02,3.54,7.73,8.02,1.91,5.83,7.34,7.4,4.48,6.14,7.87,2.9,99.779
4.6,5.59,4.47,6.01,0.21,6.87,2.51,1.01,4.52,7.29,9.53,8.22,83.888
4.17,5.12,2.78,7.85,6.29,9.68,1.14,3.93,8.09,8.33,1.0,4.7,131.997
2.68,4.82,6.88,7.95,2.76,9.41,2.66,5.17,4.06,7.23,2.83,8.91,111.795
7.16,1.31,9.53,8.15,2.98,2.54,4.6,6.44,1.71,8.96,8.62,4.77,90.228
7.43,5.31,4.96,2.3,8.47,0.85,4.45,0.76,2.18,3.62,3.34,9.01,125.514
9.56,6.46,3.98,4.32,2.28,2.41,5.96,4.74,3.32,0.04,0.16,2.33,175.287
4.62,7.01,2.34,5.14,7.71,3.46,0.37,5.12,8.85,0.53,5.62,3.17,127.980
1.62,8.67,0.2,1.62,9.26,8.81,0.74,3.85,8.65,1.27,6.65,9.79,97.512
0.63,9.1,6.78,3.89,6.19,1.03,7.44,9.59,0.34,0.05,0.66,5.63,116.491
8.68,1.22,0.27,6.87,9.35,1.43,4.56,9.93,4.51,5.74,0.69,2.28,100.397
4.02,2.25,0.78,6.66,9.5,2.68,1.44,3.26,6.87,1.79,3.07,8.54,103.684
8.13,3.23,1.55,3.08,4.84,6.22,8.08,7.57,2.4,4.51,1.09,6.5,89.718
7.21,2.13,3.21,6.27,9.26,7.44,2.62,1.96,9.46,3.77,0.92,1.14,178.762
8.66,7.06,4.18,6.6,7.15,9.8,5.96,7.19,7.81,5.91,3.3,6.41,118.781
6.9,2.74,5.9,4.38,1.67,6.24,1.0,3.95,6.68,3.66,3.87,6.63,107.910
5.84,3.0,3.17,1.38,2.07,10.0,5.05,7.25,2.24,2.01,8.74,3.27,89.146
4.17,7.36,2.96,9.08,2.49,3.98,1.72,5.26,5.64,7.29,7.66,4.88,92.573
5.32,6.32,8.01,8.57,7.29,8.34,0.4,4.27,2.0,9.49,6.03,8.51,142.834
3.18,3.1,7.24,9.79,0.89,7.29,5.97,2.37,4.96,6.99,5.49,4.24,104.897
7.08,0.99,8.69,7.2,9.12,8.2,0.62,9.61,3.72,4.57,1.92,0.4,198.081
7.46,3.97,9.94,9.26,4.57,6.34,1.53,8.22,9.72,5.5,3.35,3.25,131.581
2.64,9.13,5.87,0.43,7.8,9.93,2.68,1.02,9.11,4.32,3.7,7.25,127.493
4.38,2.29,1.97,8.78,7.4,0.77,5.82,5.35,6.73,6.23,6.44,5.83,70.302
5.56,4.73,4.07,4.95,0.5,3.27,0.07,6.1,6.11,5.39,8.2,3.31,79.095
4.26,9.73,6.09,9.98,1.36,5.59,1.19,0.49,3.1,0.69,6.36,0.43,301.876
0.43,4.62,3.01,8.51,8.9,8.67,7.5,3.46,5.47,3.25,2.98,3.93,128.394
7.27,1.44,4.45,2.27,1.03,0.27,3.35,0.72,0.54,2.84,8.27,4.51,82.699
2.29,0.33,1.02,4.66,5.01,8.88,2.73,8.94,1.49,6.8,1.05,1.2,99.910
8.25,0.06,0.07,0.29,4.74,1.92,1.23,4.67,9.29,0.24,7.17,4.66,56.236
4.7,2.48,5.54,6.84,1.51,2.59,4.83,7.69,9.56,3.65,5.06,7.16,62.345
6.86,8.94,4.92,1.04,5.27,6.05,3.49,1.28,2.28,6.95,0.72,3.88,177.849
5.9,1.57,3.54,6.01,4.76,1.25,0.5,5.99,6.49,1.45,6.78,7.39,80.524
0.48,1.43,9.23,0.93,5.57,5.95,4.54,7.2,4.88,1.1,2.09,4.21,98.210
5.01,7.51,8.26,5.2,3.66,5.77,0.35,5.15,6.56,5.76,7.33,4.78,118.309
4.97,3.02,3.19,3.91,5.23,2.1,2.17,1.12,9.39,6.61,8.9,7.6,62.643
4.6,4.54,9.28,6.21,1.74,0.5,0.73,5.55,5.33,8.55,3.58,3.21,99.703
5.59,9.62,2.5,7.14,7.22,0.03,8.65,2.08,7.37,9.64,5.19,0.59,95.764
5.82,6.56,4.3,3.0,0.64,8.92,9.88,5.01,1.58,9.77,5.65,0.36,90.667
9.69,8.52,3.76,5.97,3.34,0.35,7.75,7.72,6.7,8.44,5.5,2.8,81.290
8.81,6.8,8.97,7.85,9.26,5.67,7.31,4.98,9.6,3.71,9.1,5.58,117.577
4.68,9.55,9.73,7.87,4.35,9.18,6.97,0.67,2.04,2.99,8.54,5.63,169.001
1.28,0.93,0.58,7.36,3.61,0.8,5.02,5.05,7.03,5.36,4.88,8.18,40.991
7.5,8.25,9.17,1.22,6.21,7.74,2.32,3.05,2.92,7.5,9.35,1.65,149.645
7.69,1.05,8.98,3.5,5.92,0.42,0.86,4.59,7.01,6.8,0.89,9.87,91.805
0.45,3.58,7.75,4.97,4.75,4.49,8.45,5.42,2.35,2.07,8.08,5.97,80.365
5.41,2.63,8.75,9.88,2.34,9.32,1.15,9.3,5.0,0.46,3.51,4.7,158.914
5.65,0.41,7.75,6.71,8.98,8.34,9.83,6.98,3.05,8.35,0.48,7.13,105.639
5.75,9.21,2.48,6.42,9.65,1.23,9.44,4.26,4.29,3.71,6.09,7.22,99.229
6.03,6.9,7.49,8.86,0.77,1.27,4.75,9.07,7.14,0.93,7.44,4.07,93.772
0.78,0.22,9.58,3.95,2.32,0.93,0.3,2.54,2.35,2.12,0.57,2.58,169.981
2.57,3.44,3.33,6.12,6.11,1.55,6.19,5.0,0.8,6.96,2.13,4.43,90.631
2.25,1.47,8.27,9.26,3.14,6.63,2.1,3.77,7.06,6.15,9.91,7.63,84.708
5.06,5.31,2.36,4.18,9.55,4.21,0.17,1.0,2.07,4.8,7.37,4.39,154.899
7.12,8.08,2.42,4.33,1.29,5.63,7.75,2.42,2.12,1.32,4.71,6.2,117.741
1.78,3.83,0.81,1.31,3.31,2.4,4.76,4.52,8.87,6.45,7.07,2.74,39.058
6.77,6.55,1.72,4.41,7.21,5.44,1.64,9.7,7.77,0.79,7.26,6.48,95.422
8.9,9.16,0.97,5.6,8.98,2.24,3.2,2.6,1.57,6.78,5.94,6.79,133.371
1.85,5.94,5.06,3.67,8.86,4.07,0.29,2.48,6.79,7.04,5.09,7.99,99.225
8.13,4.09,1.42,3.97,1.26,4.73,5.88,0.42,3.79,4.48,4.91,5.42,94.779
7.47,6.26,1.1,4.51,2.08,1.59,6.38,2.92,5.04,2.92,8.4,1.02,86.244
1.09,5.53,7.57,1.9,2.11,0.19,5.79,8.97,6.64,8.85,9.87,7.54,38.586
0.07,4.33,3.09,4.25,7.18,7.77,6.05,0.39,0.98,3.67,2.05,5.26,145.054
1.35,3.97,6.98,3.34,9.58,1.69,5.38,5.02,1.97,2.41,3.92,7.37,103.222
1.99,5.79,0.03,7.8,8.34,4.16,6.42,8.84,4.37,6.64,7.6,8.84,65.816
3.09,4.35,9.87,1.01,9.85,9.73,3.37,8.04,6.92,9.96,7.75,7.58,86.887
9.61,0.93,5.4,2.98,0.95,0.62,5.39,5.14,3.08,0.41,5.57,3.37,89.242
5.83,0.05,1.98,3.02,1.99,0.62,2.56,4.66,1.39,0.14,6.81,3.51,70.739
8.16,9.82,1.97,4.07,1.67,6.32,9.73,1.9,4.09,0.14,3.67,8.26,115.185
5.6,7.4,5.83,3.59,1.6,6.09,6.34,4.69,6.9,6.55,6.66,6.5,79.995
2.41,3.21,9.65,1.3,3.1,6.71,2.76,6.54,7.22,4.41,6.45,2.85,87.264
9.3,7.43,9.42,1.52,2.78,7.7,3.94,0.24,8.63,1.92,8.63,6.86,126.241
9.62,1.37,6.42,1.13,0.41,8.5,9.21,6.48,5.53,5.1,2.9,5.79,78.406
7.47,7.71,6.89,0.84,7.4,3.32,9.24,7.02,0.58,0.12,2.75,3.47,145.082
2.26,0.39,0.11,5.8,7.57,2.65,9.49,0.88,9.21,2.01,6.37,9.3,50.403
7.79,3.71,2.43,7.98,9.56,4.03,0.2,5.6,9.32,4.31,3.94,2.71,136.120
6.44,6.99,8.18,9.03,8.38,1.13,8.82,4.33,1.4,5.67,8.65,9.36,105.022
6.1,0.15,7.01,6.76,5.81,6.37,4.38,3.58,8.63,3.24,1.88,6.08,115.869
0.92,7.27,1.28,9.52,3.7,9.09,2.19,0.97,9.41,5.4,6.38,2.12,120.060
0.11,0.29,4.49,2.47,3.29,4.51,6.6,3.58,0.95,3.12,5.68,7.1,56.086
8.56,6.15,0.13,7.95,7.58,6.25,9.01,7.02,6.81,6.92,0.77,2.88,109.608
4.23,9.7,6.21,1.88,7.43,6.14,2.24,6.62,7.22,4.16,4.13,6.08,116.880
3.06,6.44,9.44,6.18,4.93,5.56,9.87,4.28,8.03,3.07,0.62,2.34,126.232
5.3,6.67,4.87,4.26,5.43,9.33,9.49,1.37,7.43,7.86,5.83,1.26,107.882
5.36,5.09,7.15,9.95,1.74,0.38,2.45,8.13,3.76,9.98,1.36,9.75,83.743
5.77,5.41,9.57,7.93,4.58,6.11,8.85,6.27,6.53,3.4,2.85,6.63,114.017
0.24,2.1,1.65,3.24,1.81,2.95,4.54,6.17,8.39,2.17,9.92,4.45,33.642
3.65,7.77,6.09,3.48,0.22,0.76,1.18,5.31,1.14,0.56,9.66,0.31,120.980
0.71,9.82,5.34,0.83,0.9,9.55,9.23,9.04,6.3,9.86,8.95,2.16,59.618
2.19,8.49,3.18,9.23,7.38,6.84,4.36,4.0,9.8,4.98,3.8,0.08,138.083
6.26,8.01,1.43,3.8,1.52,7.97,8.24,1.62,6.0,7.52,1.01,6.44,94.032
1.88,5.27,5.2,3.83,9.74,6.83,8.21,3.08,8.24,5.21,3.04,8.72,89.726
0.63,4.54,5.67,2.52,0.64,2.95,8.38,9.19,3.86,8.7,8.97,0.19,43.141
3.46,3.39,1.72,9.76,4.58,7.71,2.13,6.7,8.57,1.59,7.78,5.84,93.898
7.09,5.23,6.94,7.15,4.2,9.17,7.8,3.13,6.54,5.15,8.27,5.56,109.136
4.94,1.65,9.1,0.37,8.45,9.65,4.16,6.29,2.36,5.72,5.63,0.83,136.695
6.24,9.53,2.42,1.92,1.26,0.54,4.41,5.42,5.79,8.5,1.81,4.24,72.622
3.13,3.15,0.58,3.15,3.15,4.97,8.48,2.5,8.27,2.53,4.96,5.27,56.639
8.28,1.4,4.1,4.6,3.53,7.98,5.26,9.41,7.79,6.86,6.56,0.11,83.051
3.27,1.4,5.66,2.15,0.12,8.34,6.11,6.56,3.27,5.32,8.59,4.75,60.520
3.11,8.31,0.68,0.81,8.51,6.3,4.47,5.42,0.47,2.43,4.03,6.37,119.534
4.77,1.73,0.88,9.66,0.22,3.55,5.48,5.18,5.35,0.5,3.0,8.56,74.136
6.82,9.07,0.17,2.16,9.83,4.68,3.02,2.68,4.97,8.76,4.06,4.49,116.976
5.3,8.33,7.56,8.6,3.67,8.75,0.13,4.59,4.34,5.43,2.25,5.12,193.092
3.99,7.08,5.0,9.84,4.52,4.17,1.43,8.49,2.84,9.55,5.11,6.69,101.437
2.22,8.79,8.59,4.23,9.2,6.23,3.79,4.86,9.33,9.21,7.45,8.93,90.108
0.6,4.17,7.9,1.49,6.42,2.7,1.26,5.55,5.4,1.98,2.74,0.12,136.540
3.27,1.03,3.48,9.99,6.19,0.32,3.16,9.89,5.51,2.78,9.78,7.8,62.384
9.18,9.39,2.78,5.37,3.33,7.26,9.54,0.37,4.42,4.63,4.05,1.09,154.813
3.55,7.0,7.75,1.8,4.68,5.39,5.47,1.68,0.59,9.3,8.61,4.68,99.472
3.28,9.92,7.85,10.0,4.81,4.5,6.84,3.87,2.12,7.32,9.78,2.7,123.690
7.03,4.76,5.49,4.42,1.99,5.8,0.06,8.77,5.28,8.62,9.4,5.07,79.274
2.05,2.44,9.86,9.46,5.36,7.61,6.72,2.88,4.77,5.5,7.35,8.39,103.286
1.15,3.63,0.85,3.91,9.08,8.26,2.01,2.0,7.41,1.61,8.6,6.97,93.986
9.95,4.38,0.96,6.14,2.89,9.19,3.25,0.03,5.66,6.93,3.83,5.96,130.592
6.79,9.81,7.36,9.6,6.76,5.19,8.67,0.18,1.26,1.07,8.33,9.13,158.904
4.43,7.19,3.9,3.39,9.26,2.34,0.93,2.9,6.23,0.39,6.39,2.82,155.188
9.69,7.95,3.01,9.35,5.84,2.59,5.89,6.21,8.24,8.5,4.99,1.74,108.040
4.73,9.34,6.14,8.31,2.7,2.47,3.45,8.52,5.99,0.87,7.73,2.26,116.898
7.67,5.35,5.28,5.53,6.57,0.52,9.48,4.55,4.64,0.33,2.43,3.34,124.828
9.61,7.51,3.89,5.85,6.69,5.37,2.39,3.67,9.98,3.97,4.48,1.85,147.760
9.11,5.13,4.1,4.89,5.22,8.89,7.53,0.55,9.02,1.53,9.34,3.59,118.314
7.89,2.05,5.9,1.87,7.58,5.89,9.4,4.32,8.06,1.98,0.04,9.44,93.803
6.73,0.57,9.36,5.49,3.83,2.08,3.0,5.76,2.87,8.07,1.5,9.52,91.341
7.19,7.59,3.67,5.38,8.32,0.76,8.93,7.79,4.54,6.53,9.49,2.21,83.338
2.25,1.81,5.5,8.96,6.48,2.57,6.4,4.97,4.75,0.19,4.8,4.56,107.402
5.23,6.34,3.79,0.27,4.98,7.02,9.69,5.74,3.42,4.52,6.06,2.57,86.344
7.85,6.08,3.16,7.65,9.05,2.12,1.62,2.11,5.91,5.14,5.45,9.16,122.184
9.22,1.99,4.22,2.66,1.79,2.39,1.33,1.97,3.42,3.09,5.92,4.42,110.521
0.9,4.35,4.29,8.31,5.32,9.0,5.79,2.73,6.7,7.86,5.84,8.88,85.106
0.12,5.24,6.9,4.16,9.97,6.45,3.59,4.82,9.78,4.47,1.31,4.93,113.633
6.27,6.17,6.14,9.25,8.45,9.54,8.52,0.35,7.49,7.61,8.41,6.79,116.977
1.09,5.07,2.61,5.17,7.04,6.26,0.7,1.99,5.25,5.97,1.65,5.17,131.404
7.66,5.98,5.19,0.99,0.43,5.44,1.99,1.91,0.03,8.39,1.22,1.7,168.570
7.67,1.22,8.88,5.98,6.41,8.76,8.46,5.59,8.97,8.74,9.85,4.25,84.867
9.83,8.76,5.29,9.06,7.48,0.8,5.34,7.45,8.42,5.05,1.16,8.32,115.333
0.62,6.82,4.22,8.4,6.62,3.13,2.19,2.78,7.34,2.12,9.21,0.65,122.725
8.92,0.26,9.76,5.27,3.63,0.74,2.3,8.38,3.28,1.94,3.04,8.96,102.437
8.47,3.87,5.57,7.89,5.6,9.39,9.36,2.25,6.12,7.99,6.56,0.6,124.057
7.11,8.99,4.88,8.11,0.83,9.43,1.86,7.57,6.29,8.48,9.95,7.8,93.802
5.56,4.73,5.44,4.44,3.59,2.54,8.19,6.25,1.53,0.44,2.99,8.41,94.570
7.06,9.08,3.22,4.05,6.64,4.49,6.25,6.46,5.9,4.52,1.48,7.82,106.506
3.08,0.85,7.22,0.31,5.55,2.03,5.01,7.35,6.3,9.26,0.21,7.52,53.408
9.74,7.78,3.18,2.14,5.73,1.84,5.22,4.32,6.46,7.87,3.73,6.88,88.196
4.0,6.19,5.69,8.25,5.79,8.59,2.74,1.9,2.23,2.35,8.24,3.12,187.123
7.99,6.84,7.48,5.96,2.32,1.37,1.41,8.33,4.66,7.13,5.34,0.56,116.515
1.14,8.7,7.37,7.3,5.35,0.94,2.28,5.71,2.83,1.63,0.67,7.22,151.426
3.84,2.36,2.11,3.2,9.8,5.87,3.75,1.45,0.29,6.83,7.86,7.3,98.908
4.82,9.06,9.61,3.52,7.35,1.1,6.82,2.81,2.46,4.86,0.69,8.31,136.647
8.31,6.47,9.11,8.78,4.54,6.15,2.04,4.36,8.24,1.23,2.84,3.11,198.717
9.71,2.73,2.23,2.57,7.03,3.14,5.01,1.58,6.68,4.78,8.63,8.42,78.091
8.44,1.36,7.52,9.84,3.26,7.46,4.82,1.63,8.22,0.61,4.63,1.25,179.017
2.61,9.61,7.8,7.06,7.04,4.11,3.44,4.64,9.34,3.0,8.83,0.65,127.860
8.81,6.3,6.66,7.28,0.23,2.91,5.54,7.81,0.22,3.23,2.42,0.58,162.576
1.37,7.67,1.27,4.86,3.33,9.06,5.83,2.53,5.44,6.3,3.84,3.68,99.783
9.68,7.7,5.35,0.65,3.44,0.29,6.85,5.1,7.11,3.13,6.81,2.2,86.891
9.1,8.48,3.89,9.93,2.38,9.97,1.28,1.76,5.61,8.84,0.4,6.45,179.745
8.36,1.08,1.49,8.98,7.94,8.54,5.8,4.41,1.94,5.71,7.22,0.95,139.800
1.36,2.29,6.75,9.98,7.05,6.45,2.02,5.28,0.74,3.66,5.73,4.7,153.095
3.43,7.48,1.92,3.46,6.7,5.89,2.24,1.38,4.57,8.35,3.88,4.07,117.926
4.86,0.8,8.86,9.41,3.61,3.08,1.23,7.96,5.57,8.68,3.67,1.86,105.696
1.73,2.15,3.33,1.52,3.93,8.23,1.51,9.02,3.49,3.04,5.7,5.21,74.687
2.26,9.05,3.27,5.7,9.95,0.1,8.72,7.76,5.09,7.87,8.01,2.86,75.242
2.38,0.18,6.94,7.58,4.09,3.2,4.7,2.73,1.67,9.32,9.51,4.86,74.321
8.3,9.97,5.15,9.38,6.05,7.44,5.49,1.97,3.43,0.96,8.94,6.59,169.065
0.46,9.63,5.73,1.19,4.2,2.18,4.06,3.89,6.69,5.38,0.41,7.57,83.536
1.72,4.1,7.75,2.84,7.51,2.06,2.49,7.97,6.8,4.36,2.62,2.63,96.688
0.96,1.09,3.25,7.12,1.09,3.06,6.23,0.23,8.52,7.65,1.58,1.89,63.487
8.94,8.81,6.92,2.25,6.97,3.61,2.33,1.84,7.71,6.1,1.33,9.14,131.810
6.8,4.24,2.1,7.22,7.91,6.23,8.04,8.22,3.59,8.64,2.44,2.82,102.222
3.48,2.95,9.26,8.26,2.23,8.55,3.86,7.26,5.52,4.93,8.02,2.86,107.026
7.85,8.76,1.57,4.59,0.09,7.24,6.85,1.14,1.84,6.94,0.2,9.55,113.499
8.72,9.56,4.63,0.67,0.7,8.81,3.77,8.73,6.71,7.07,7.99,1.88,91.535
7.0,4.44,8.13,2.03,4.54,9.86,8.34,8.21,1.0,5.38,8.17,9.8,88.020
8.38,9.52,2.41,4.3,6.25,1.58,0.93,0.89,6.39,5.88,1.15,0.69,203.641
0.47,4.41,7.74,2.08,3.23,1.56,2.14,4.14,7.76,1.87,7.18,8.57,61.560
6.65,0.01,2.74,5.51,3.49,8.4,4.75,1.41,5.53,2.71,1.83,4.55,128.970
0.82,3.64,0.06,0.18,9.17,3.56,9.42,4.72,9.08,5.02,8.3,0.33,47.274
5.53,5.05,4.64,0.78,1.42,7.96,9.01,1.81,4.29,0.95,2.9,7.5,95.918
8.72,9.93,5.02,8.81,8.14,8.19,5.91,8.41,5.71,6.35,9.17,4.37,122.270
2.6,8.02,6.89,6.41,8.72,3.03,1.09,0.17,0.26,9.28,1.58,6.96,184.436
7.06,2.07,2.02,9.23,0.41,1.28,5.42,4.54,7.01,9.04,1.73,1.88,74.510
9.3,1.35,6.99,3.02,1.6,3.74,7.58,4.33,1.88,8.42,3.32,5.79,83.014
6.92,3.67,2.67,3.89,6.22,1.4,4.63,0.12,4.32,5.77,9.04,2.71,93.155
3.7,9.06,2.28,8.36,3.28,4.04,1.83,1.14,6.02,4.99,3.19,6.85,127.893
0.69,2.61,6.8,6.74,3.42,5.79,5.25,3.34,2.48,2.25,6.48,5.87,101.480
8.46,7.99,3.24,2.85,0.45,7.31,7.47,4.33,9.28,5.2,9.65,1.68,80.564
3.01,7.73,6.14,9.41,9.49,2.18,7.34,8.06,0.66,5.79,2.93,9.6,110.413
1.03,8.98,9.33,9.37,0.66,8.13,3.59,6.06,5.41,1.73,8.91,3.21,129.713
2.17,0.4,2.11,6.71,5.99,9.94,8.63,3.11,5.71,9.24,2.15,8.96,72.275
1.09,4.36,3.41,0.35,1.03,4.42,8.69,3.21,6.97,8.12,9.32,8.48,32.731
9.78,0.27,7.24,8.84,1.45,7.73,9.89,4.25,2.16,2.25,6.04,2.34,131.118
2.44,3.93,5.09,3.15,7.83,8.35,3.26,5.12,5.19,1.76,7.16,6.22,107.245
5.17,3.85,9.6,9.2,2.39,1.71,4.99,6.61,1.84,4.31,2.31,9.84,106.756
9.34,0.09,3.55,0.4,6.12,3.24,7.83,4.14,7.82,5.58,1.45,0.78,82.391
0.74,5.56,1.32,6.48,7.96,9.32,9.81,4.69,1.59,7.57,3.19,5.96,95.642
5.98,0.27,9.91,7.56,8.15,8.04,6.99,2.29,2.77,3.76,9.39,6.51,125.859
4.01,3.48,6.78,0.25,3.73,7.9,9.61,4.08,1.07,9.94,2.23,8.91,72.963
0.18,7.55,0.3,0.23,8.71,6.59,2.6,5.37,0.45,9.38,5.15,8.76,74.298
9.01,4.26,6.06,2.95,5.16,0.06,6.96,0.31,7.43,3.03,4.61,4.21,103.578
4.9,3.63,7.01,6.61,6.77,9.33,7.22,7.73,6.85,1.71,3.53,3.07,127.034
6.48,5.03,1.72,9.0,3.93,5.45,1.39,6.3,6.75,2.75,4.78,2.66,128.339
6.15,9.57,0.96,5.19,0.13,4.72,5.35,9.16,2.61,9.25,8.37,6.63,64.588
9.43,0.63,8.01,6.98,8.72,0.77,4.32,2.19,0.98,5.67,7.13,4.32,140.349
8.73,4.0,5.59,7.46,7.46,9.34,2.24,4.68,5.31,4.73,5.42,5.79,151.154
7.93,1.35,8.73,6.23,2.21,5.52,9.7,4.16,3.2,1.75,7.77,0.32,118.848
0.29,5.27,8.65,7.27,4.38,3.11,4.94,5.19,1.82,0.41,6.11,0.28,154.507
4.6,5.49,2.74,8.03,7.49,7.51,6.77,0.66,8.23,0.48,3.02,8.61,129.132
5.45,6.01,0.8,5.0,6.2,8.7,9.18,2.85,6.64,8.69,3.93,1.27,98.771
4.78,1.74,6.34,0.8,5.46,0.32,7.11,3.22,3.47,4.8,6.91,7.47,58.945
6.51,2.24,8.05,3.29,2.57,7.15,5.02,1.81,7.15,5.54,6.0,3.07,104.267
5.13,6.15,4.58,7.96,8.42,9.92,5.95,4.13,7.23,5.83,4.79,1.82,141.714
0.47,9.78,7.16,2.08,8.67,5.56,7.29,7.67,1.53,1.14,6.27,7.2,108.424
9.49,2.17,1.86,5.25,0.27,8.26,2.36,2.99,5.6,7.79,2.48,9.09,90.069
6.26,5.14,4.86,5.68,2.11,7.65,6.98,5.18,8.13,8.41,7.77,3.43,79.449
2.33,2.15,5.18,4.96,7.47,6.42,0.4,2.08,2.05,4.25,4.19,0.59,210.251
0.76,0.86,7.61,7.42,9.02,7.22,4.85,6.55,7.4,3.82,3.49,0.53,123.461
8.16,8.82,2.12,5.45,1.3,10.0,0.66,0.44,0.46,4.63,0.43,2.54,391.376
2.24,7.92,3.92,9.02,3.49,4.33,2.57,5.59,6.62,4.59,0.61,6.98,114.688
5.32,0.4,9.18,3.9,2.73,0.8,1.94,2.58,8.75,3.02,3.27,0.75,109.946
8.61,0.75,9.37,5.21,9.83,5.77,5.27,7.89,1.46,9.63,3.77,6.92,113.165
2.9,5.73,8.34,8.36,1.34,6.4,0.04,6.7,2.04,7.19,9.75,6.79,101.723
8.99,7.99,5.85,9.39,7.42,9.03,6.96,5.53,6.83,9.22,4.78,8.03,117.703
7.64,4.31,1.62,0.8,8.47,8.41,4.32,1.58,2.47,5.45,0.72,4.93,160.503
0.79,4.87,8.25,8.12,4.73,4.42,9.49,6.55,6.71,1.93,5.38,2.19,96.682
4.85,2.04,4.62,8.6,9.89,5.8,5.09,4.0,5.62,0.06,0.97,4.77,174.549
1.78,6.77,4.31,6.88,1.57,3.22,1.03,3.87,3.43,6.31,0.36,4.15,128.094
8.86,7.54,4.03,4.47,7.25,8.84,1.11,8.03,0.81,1.19,6.08,4.44,189.243
9.04,2.18,9.83,4.6,4.06,0.99,5.69,3.18,8.41,2.15,0.68,3.36,130.805
3.41,9.7,6.64,9.46,8.82,2.98,0.55,8.46,5.15,8.67,4.6,9.52,110.988
1.51,3.22,5.0,2.89,6.1,2.82,9.4,6.84,7.89,0.35,9.26,1.11,61.808
2.21,2.54,6.94,4.77,3.53,5.75,5.22,1.47,4.94,2.62,4.72,4.74,108.562
9.19,6.53,5.88,8.58,6.18,0.97,8.16,0.72,0.45,2.82,6.32,3.91,166.801
7.44,2.24,6.02,5.26,5.5,3.58,1.98,4.87,9.35,9.45,1.01,7.02,89.192
5.67,2.05,7.31,9.52,8.92,0.04,2.93,2.08,2.77,7.67,4.49,2.62,148.537
3.02,9.43,4.6,4.51,1.3,8.33,9.28,1.47,6.54,5.75,1.83,1.29,119.228
1.29,0.28,5.51,2.06,4.89,0.86,6.17,9.66,8.77,2.54,6.2,5.42,38.416
0.18,1.73,3.05,5.76,9.77,5.2,6.73,9.08,4.12,9.34,2.2,6.39,67.855
4.62,8.04,1.95,2.61,0.44,5.51,5.4,1.13,9.74,2.03,6.15,9.11,69.041
3.54,6.0,2.31,4.17,1.07,8.79,8.96,8.06,0.4,2.83,2.33,8.78,82.526
3.58,6.62,4.94,4.62,1.39,6.99,9.07,2.23,7.16,6.14,2.21,2.14,97.202
1.67,9.83,8.32,7.9,9.9,4.86,7.6,7.31,3.75,9.04,9.41,2.12,108.284
8.35,8.69,9.1,6.72,9.16,8.75,0.54,3.66,7.17,4.46,5.29,1.92,220.356
3.69,8.05,1.77,0.33,5.75,7.46,0.92,5.95,9.13,1.43,8.67,2.03,96.161
2.88,5.36,1.69,9.99,7.84,1.07,8.59,8.0,9.11,1.23,8.3,0.14,81.510
3.74,3.4,0.07,0.22,3.65,5.01,6.67,4.26,8.8,4.85,0.34,5.18,53.455
5.26,9.42,7.83,3.3,3.58,6.62,3.47,4.04,8.42,7.95,6.73,1.91,110.732
1.11,4.38,2.78,0.56,9.2,1.88,9.24,0.3,5.07,4.64,9.6,4.16,60.315
5.6,0.77,5.18,0.15,8.39,2.8,8.45,0.75,3.72,4.84,9.18,6.53,68.390
4.79,9.28,9.8,0.93,8.55,7.12,6.11,7.27,1.13,2.83,4.59,3.38,159.897
5.56,1.06,9.8,4.61,5.7,2.76,7.31,5.95,9.35,5.76,4.73,9.81,68.725
7.0,1.28,4.38,4.39,4.79,2.24,3.45,0.58,9.28,8.79,8.32,1.2,76.154
9.59,4.09,9.01,5.76,2.2,4.63,4.65,6.93,9.28,2.74,6.17,0.79,115.445
0.98,5.4,6.9,4.85,3.42,7.52,3.6,5.67,4.3,2.01,0.13,0.74,176.717
3.06,6.39,9.52,6.91,2.05,4.3,0.6,6.69,9.63,3.34,2.37,6.8,109.514
5.41,2.11,7.79,8.22,5.95,9.39,0.18,7.45,5.43,4.15,0.07,6.8,161.420
3.09,9.61,3.96,8.52,4.75,6.03,6.08,4.7,8.51,0.77,2.82,7.99,116.489
0.67,5.01,0.93,0.84,1.95,3.24,8.97,0.38,1.82,6.39,5.03,6.98,42.746
9.29,1.3,9.11,5.98,9.27,8.08,5.37,9.39,8.98,3.81,9.44,6.18,99.676
6.32,0.07,5.55,0.02,9.36,0.93,5.67,6.53,1.1,9.36,2.42,4.41,75.449
7.49,4.65,6.54,0.52,0.28,1.03,6.09,3.57,5.89,9.4,6.63,8.87,50.705
5.51,5.78,1.13,7.68,4.35,4.69,1.59,0.02,9.93,3.46,9.28,0.57,117.264
7.59,9.55,6.3,9.82,1.01,7.1,3.48,7.68,0.05,1.66,8.36,6.17,150.985
6.56,3.52,9.25,2.52,9.53,5.36,3.2,8.8,8.01,3.53,5.39,6.08,104.941
0.16,0.15,7.47,5.91,2.7,0.41,6.02,7.85,5.98,2.39,0.09,6.91,57.456
4.57,9.73,7.73,1.06,1.59,0.34,8.16,1.42,0.25,8.65,4.99,8.16,79.102
7.89,3.53,4.05,3.65,1.42,6.61,9.12,5.5,9.58,4.89,4.56,3.88,72.342
4.48,7.77,6.68,6.07,2.79,8.34,1.41,7.31,6.23,0.89,3.44,0.11,186.333
3.29,1.78,5.79,2.04,2.77,4.37,0.57,0.11,0.31,2.42,5.67,0.3,213.646
5.76,8.94,2.33,1.73,6.84,2.69,6.34,4.77,6.5,2.89,6.77,8.2,79.758
5.08,5.88,9.31,7.34,2.51,3.91,6.36,6.4,0.44,5.97,3.65,2.47,134.559
8.68,3.0,3.03,6.04,5.15,7.51,8.6,4.79,7.71,9.48,7.69,3.5,79.986
5.93,4.56,9.31,7.51,4.01,8.87,2.94,1.62,9.12,5.61,0.58,9.96,134.730
7.47,8.87,1.25,0.22,6.44,6.0,7.84,5.95,4.12,0.29,6.84,6.72,95.246
4.55,2.59,0.51,6.68,6.49,2.07,9.6,1.05,2.06,1.73,2.42,2.36,119.095
1.67,5.28,7.16,9.85,0.33,3.22,9.76,2.72,2.24,1.87,8.56,8.63,81.439
8.06,9.22,0.34,4.59,3.55,3.96,4.51,2.29,2.1,0.36,7.84,5.96,128.881
9.09,9.97,9.61,3.85,1.81,6.51,2.49,6.63,0.81,1.55,8.14,1.06,197.485
4.34,1.95,1.85,8.53,5.5,3.42,3.88,7.7,8.93,4.3,9.84,1.73,70.341
3.77,6.18,8.68,1.5,9.18,4.69,0.41,0.27,9.18,4.73,3.51,3.47,157.626
0.39,8.27,0.02,5.35,6.12,5.79,9.22,0.82,2.68,2.06,0.13,1.44,158.654
7.08,3.23,7.41,1.64,3.15,1.08,9.23,5.46,6.76,1.49,4.92,3.6,74.984
7.02,6.41,4.44,0.08,3.58,6.47,4.76,2.82,9.58,9.29,6.6,8.14,67.978
7.47,8.95,4.41,7.99,3.52,9.9,1.64,3.91,0.61,5.29,5.17,5.06,194.834
8.4,0.71,6.9,6.77,4.96,9.09,6.3,4.13,7.27,4.13,4.69,8.62,104.809
8.8,6.72,0.24,4.53,3.03,1.7,1.56,3.74,6.06,7.57,2.44,4.55,96.528
8.08,7.93,4.76,3.89,2.69,4.36,1.42,3.78,8.87,2.93,0.74,6.84,129.007
9.58,5.32,9.74,1.78,4.9,5.5,4.51,2.64,9.93,9.12,0.69,2.1,127.009
8.27,8.74,5.82,4.69,8.02,3.51,1.93,3.21,1.93,4.51,5.84,1.59,205.418
9.67,0.2,3.46,1.31,9.54,1.72,0.44,2.93,3.39,5.48,2.21,6.87,121.482
6.69,7.1,6.45,4.82,3.49,6.87,9.88,3.02,7.65,0.36,9.64,4.88,99.972
2.28,5.23,0.52,6.79,1.75,0.81,1.9,9.64,0.49,8.94,6.16,2.47,58.716
0.75,2.41,4.94,7.95,5.74,0.68,2.47,2.29,5.5,1.08,0.49,0.11,188.191
7.13,4.78,6.95,1.51,3.42,1.29,0.57,1.47,1.48,8.05,7.24,8.9,90.509
6.55,6.92,6.83,4.65,3.86,4.13,1.41,8.28,8.58,2.44,2.15,6.4,112.577
2.82,6.28,7.24,1.35,3.65,3.66,9.45,7.54,9.65,6.99,7.97,3.54,55.383
4.35,2.76,7.78,1.27,6.95,4.09,1.42,8.72,1.1,5.79,2.1,5.36,111.066
7.28,8.86,4.78,4.19,2.51,0.54,4.67,7.13,5.9,0.58,6.3,9.0,83.859
5.3,6.24,2.29,2.49,2.13,7.63,8.99,8.64,9.32,0.16,9.28,0.27,71.140
8.51,7.58,7.26,9.62,3.36,8.7,3.72,3.01,0.28,3.54,7.11,2.44,224.030
2.27,8.75,6.29,1.83,0.47,5.3,0.83,7.52,7.13,5.98,7.67,0.84,83.116
0.49,2.29,2.5,6.74,2.01,7.03,6.61,5.83,3.75,4.71,1.87,9.52,65.221
9.49,0.59,7.87,1.43,2.66,0.71,5.11,5.89,6.44,2.24,5.43,5.87,73.434
5.61,5.27,7.89,7.65,3.03,2.04,9.95,6.87,4.03,5.3,7.32,2.12,88.480
8.51,3.49,8.69,5.78,0.76,2.95,2.96,5.3,9.99,5.9,0.48,1.03,117.615
0.37,5.38,3.76,2.6,8.92,9.08,2.24,7.01,7.86,4.51,5.24,8.59,84.937
2.44,1.71,5.2,7.76,0.22,1.94,5.08,0.68,1.6,3.69,3.01,9.97,80.191
6.56,9.18,7.25,7.16,8.42,2.86,8.78,0.36,0.74,9.8,5.01,4.81,140.441
8.16,6.64,3.21,0.28,7.78,1.51,1.54,5.45,6.34,3.08,3.7,1.18,129.544
0.32,5.85,0.92,4.89,4.47,5.47,5.93,5.67,6.27,3.75,3.44,5.17,72.511
0.94,8.72,9.4,6.33,1.3,0.18,7.6,3.67,8.47,3.67,9.09,9.2,64.436
8.35,7.84,3.47,6.89,5.71,7.23,9.14,6.33,8.07,6.44,7.49,2.32,99.246
6.49,2.15,5.03,9.48,9.03,5.82,1.93,7.99,3.07,2.91,3.16,7.36,143.830
3.18,1.74,6.22,4.76,3.33,2.26,0.25,9.76,0.56,6.19,1.45,2.41,104.219
0.99,2.92,1.94,7.33,0.54,3.07,9.45,0.11,6.07,5.36,7.3,2.97,53.711
0.02,3.68,5.72,5.97,0.93,0.41,5.16,7.73,5.77,0.15,2.25,5.88,62.101
8.5,5.11,0.83,2.78,4.1,6.2,6.16,0.77,5.51,9.67,5.69,3.58,87.699
2.89,2.74,9.85,9.58,2.03,7.79,0.24,7.65,1.78,4.73,4.29,9.75,122.644
8.68,2.13,6.84,1.49,0.57,8.25,6.64,2.84,5.65,3.17,9.39,1.54,95.655
3.85,2.54,7.93,4.13,1.7,4.57,7.23,5.0,7.87,6.06,4.47,2.93,73.659
2.11,5.59,8.98,9.6,9.56,8.07,0.62,1.67,9.62,0.99,2.09,7.11,198.688
0.89,7.71,5.81,9.92,6.15,1.03,3.8,5.74,5.99,5.31,7.08,6.22,92.296
5.98,6.16,9.01,7.04,6.34,7.68,9.64,2.3,0.7,5.07,1.19,3.28,190.307
4.94,6.55,7.38,4.12,4.13,2.77,4.27,0.71,8.12,1.76,0.33,5.53,144.257
2.01,9.86,7.81,7.7,4.35,4.68,4.99,4.2,8.75,1.86,8.91,7.17,101.477
8.18,5.81,2.02,2.27,0.49,8.02,2.23,8.02,2.75,4.62,8.07,0.33,102.959
7.31,1.66,2.65,3.19,8.49,4.88,2.58,5.05,2.8,9.68,5.43,4.18,94.818
6.58,5.94,3.0,8.46,3.18,1.68,2.53,8.41,9.48,3.28,5.16,8.18,77.862
3.82,6.41,5.45,0.52,8.45,2.98,9.94,9.77,9.11,2.53,8.52,4.21,62.681
4.61,8.47,4.93,4.79,1.06,9.77,7.91,9.16,0.21,0.48,2.24,0.86,161.218
2.68,0.65,0.9,8.45,9.95,4.82,0.01,9.86,0.95,0.3,4.56,1.11,163.490
3.66,0.34,9.75,7.12,2.28,2.66,1.95,9.31,1.77,1.72,0.37,6.25,120.777
5.77,7.91,0.68,1.54,5.08,8.7,0.43,6.8,9.17,4.97,1.72,1.94,118.578
1.21,2.76,9.16,1.97,3.44,3.26,5.57,3.5,7.54,6.23,1.55,4.08,76.572
3.78,7.04,9.16,2.72,1.64,1.51,1.77,2.07,6.47,7.58,7.49,5.15,84.671
3.85,6.36,2.89,6.76,8.72,4.85,7.51,1.0,8.02,1.54,6.73,5.39,110.732
7.96,0.21,8.47,0.92,6.13,4.0,3.35,2.02,5.15,7.37,8.38,9.83,76.704
8.57,2.3,6.27,4.06,9.02,9.86,0.65,7.15,7.0,0.17,6.61,4.81,151.876
9.3,6.13,8.01,9.45,4.03,6.33,0.41,8.02,9.36,8.0,4.79,8.75,109.967
4.32,5.11,6.46,7.5,3.63,8.94,5.21,2.13,7.82,2.26,4.41,9.59,114.449
0.18,0.36,2.09,3.81,5.5,2.78,2.95,4.74,8.81,8.09,2.57,0.54,53.141
9.18,1.43,8.18,1.44,6.42,8.89,4.97,3.87,3.93,1.34,3.9,5.14,153.521
0.96,0.34,1.62,1.98,4.96,2.27,2.32,4.15,9.75,1.77,2.48,5.7,46.351
7.07,5.84,6.67,6.71,2.93,8.4,0.98,7.33,3.95,1.57,8.21,7.06,129.278
7.01,9.9,8.89,3.11,0.18,6.44,10.0,4.66,0.92,8.49,0.96,4.74,119.348
8.9,8.99,6.63,0.05,3.49,9.53,4.18,9.8,6.61,2.96,4.57,4.34,115.804
6.84,9.37,8.16,6.17,3.2,7.31,0.23,3.31,6.66,2.48,3.1,5.5,192.904
8.55,2.54,6.5,1.54,5.69,6.77,0.06,6.42,2.91,8.86,9.29,9.85,84.488
3.79,2.56,5.55,6.02,9.56,5.0,6.37,2.99,8.69,3.29,8.45,6.26,90.097
1.86,5.2,4.16,6.5,4.3,5.59,2.54,7.3,2.71,9.82,5.99,3.49,86.688
5.48,6.83,4.01,3.48,6.6,9.41,2.49,0.03,6.25,3.09,8.61,4.31,144.512
4.67,5.88,1.6,2.61,6.08,9.09,7.75,5.99,6.07,8.11,7.05,9.18,67.792
1.31,6.72,2.05,2.91,6.16,5.75,5.01,6.36,4.37,6.84,7.37,9.77,62.689
4.23,3.72,5.64,2.36,0.61,0.65,3.1,2.12,2.72,7.62,5.82,5.04,65.140
8.4,4.93,6.48,0.57,5.45,8.78,4.64,10.0,5.54,6.25,3.42,5.21,98.716
5.24,0.16,1.66,8.25,4.51,8.32,0.7,9.49,7.66,0.79,0.53,1.34,137.201
9.58,1.22,7.59,6.32,0.21,8.18,7.02,8.06,0.24,4.58,9.94,3.85,98.249
1.74,4.55,6.72,0.11,4.12,8.97,6.43,9.35,0.78,1.36,2.85,6.63,95.657
6.89,4.71,6.86,0.41,1.59,4.85,3.71,9.82,9.36,2.6,7.28,6.16,65.014
4.96,7.65,4.44,0.24,5.01,8.26,0.99,8.61,8.27,2.99,9.22,6.18,84.280
8.85,1.42,0.81,2.86,3.84,1.94,6.38,7.59,1.11,3.7,6.96,2.32,70.278
0.14,0.87,7.07,3.35,6.11,5.93,8.08,2.97,5.04,6.56,3.61,1.68,84.001
1.38,5.49,1.82,6.22,8.77,7.25,6.07,0.12,0.29,4.48,0.21,6.4,176.039
1.71,5.0,5.83,1.58,8.75,0.37,5.02,6.03,0.02,6.45,9.98,5.07,71.354
9.75,1.29,5.81,9.41,8.2,4.17,0.62,3.38,3.23,3.62,9.29,9.84,128.853
0.44,5.93,1.53,2.62,7.03,1.42,8.98,8.89,9.13,6.22,1.75,9.85,42.325
1.36,9.76,0.72,0.51,0.4,4.98,3.17,3.52,9.72,0.58,0.84,3.9,81.592
5.53,0.57,2.15,7.26,0.45,3.65,1.83,9.56,8.4,6.93,4.83,7.92,49.683
7.21,0.05,2.78,0.4,5.38,1.62,8.32,5.11,2.39,2.28,5.7,5.46,59.604
0.01,7.78,0.67,3.86,4.28,1.87,2.26,9.29,7.13,4.95,6.51,5.12,52.382
7.65,1.22,1.63,5.35,5.53,0.83,4.06,1.25,2.17,8.47,6.56,2.53,88.698
0.88,1.58,9.11,4.72,2.22,1.63,3.33,7.98,6.62,6.26,7.13,4.91,55.589
7.57,5.29,2.36,6.74,8.72,4.64,4.56,1.78,6.09,5.06,1.57,8.7,127.233
6.04,2.22,8.9,6.5,2.61,6.76,6.18,4.83,8.34,8.36,6.71,8.76,76.494
9.3,1.84,6.84,9.46,4.8,9.8,1.69,3.56,2.05,3.03,6.98,7.37,170.340
3.07,8.59,1.93,6.9,5.54,2.19,0.98,1.66,7.72,4.82,6.79,6.65,98.602
5.7,6.79,8.22,8.27,0.3,4.47,7.6,6.16,6.52,3.58,2.82,9.43,93.464
1.13,3.27,6.48,9.23,8.52,0.44,2.33,4.06,5.3,3.4,0.97,0.55,175.015
3.18,9.5,9.8,3.5,8.4,6.23,8.81,4.24,1.92,5.66,4.81,4.36,136.275
1.27,1.66,7.39,5.46,9.62,9.07,9.44,5.63,9.22,5.43,2.27,0.54,105.964
2.75,9.41,9.02,3.47,7.71,0.01,1.15,5.43,4.61,6.3,8.35,8.61,93.962
0.22,4.25,0.47,9.01,6.53,2.56,7.65,4.31,1.42,3.58,4.54,5.57,85.113
9.45,4.4,8.17,3.92,9.52,2.87,7.11,6.5,6.9,7.57,1.95,3.17,115.452
3.22,5.1,0.74,3.11,9.77,5.42,8.96,7.48,2.52,9.98,4.75,2.5,75.601
0.42,1.22,4.35,9.55,7.24,6.73,7.44,1.44,9.23,6.47,5.48,4.37,85.710
5.33,6.77,1.78,9.24,4.44,7.0,0.43,7.51,3.84,2.81,6.31,9.99,111.881
3.78,2.83,0.69,1.55,1.81,0.99,1.66,6.34,7.97,5.75,5.28,8.16,33.134
1.85,6.25,9.08,9.95,3.65,6.59,0.06,0.07,3.3,4.9,5.2,0.71,262.430
0.17,6.51,2.91,1.58,5.73,3.59,5.63,9.63,0.41,3.96,1.93,3.14,82.955
8.52,2.45,6.88,8.69,9.28,8.39,6.34,7.69,6.29,8.43,4.09,2.93,123.595
8.4,8.04,0.98,9.12,5.97,8.37,1.83,4.27,7.97,8.71,6.66,2.32,128.715
4.89,7.43,8.7,2.37,3.45,5.01,2.22,1.76,8.89,5.83,1.17,9.5,108.444
4.12,2.42,5.18,2.95,5.74,6.16,3.75,1.5,4.58,7.07,3.44,8.29,92.805
5.17,2.17,7.3,6.22,2.35,2.64,4.85,9.26,1.4,0.59,7.76,3.89,93.153
7.21,6.0,6.9,1.61,8.32,4.27,7.88,4.37,3.57,8.76,0.62,8.21,102.694
4.15,6.92,9.92,2.76,8.3,6.29,9.44,3.95,3.45,0.35,0.78,6.67,155.601
8.29,0.36,2.87,7.34,9.62,0.77,1.68,5.32,6.0,3.36,2.25,8.1,109.510
6.45,3.75,3.55,9.79,1.54,3.11,1.86,3.04,7.08,8.97,9.94,8.44,71.676
6.15,2.66,1.61,7.92,6.5,4.18,2.0,7.11,3.2,9.02,6.91,3.65,91.000
7.18,8.89,8.91,0.38,7.33,3.47,6.72,5.23,6.81,0.33,5.98,7.42,111.296
7.09,1.15,0.57,8.36,0.26,4.88,7.75,9.13,1.5,2.16,0.24,3.82,90.691
5.31,7.8,5.84,5.24,4.3,8.49,7.17,0.41,3.0,5.17,1.03,3.06,186.391
2.47,1.36,7.8,2.54,2.47,3.94,7.27,0.88,6.71,8.52,0.97,9.8,60.264
7.45,6.65,0.64,8.94,9.61,6.52,6.21,2.05,3.41,2.97,2.21,1.21,220.432
9.23,1.73,9.79,2.69,6.66,1.4,4.02,0.74,8.39,6.06,3.92,7.39,103.211
7.95,1.5,4.72,5.32,2.43,6.89,3.95,1.08,3.44,1.77,7.94,2.34,140.400
1.45,2.19,4.88,1.04,4.85,1.63,3.66,9.81,5.94,9.13,4.59,5.41,41.619
9.65,9.48,5.13,6.88,8.36,6.19,3.78,2.61,4.62,4.35,3.81,9.57,158.977
9.38,9.36,5.19,3.97,1.29,5.56,5.44,6.61,9.7,5.85,0.02,6.95,100.521
6.59,9.22,5.73,8.14,0.61,1.62,5.67,7.12,1.83,2.48,1.11,6.12,131.155
5.88,8.65,9.59,4.8,8.97,0.85,3.36,8.44,5.47,7.03,8.83,7.39,95.607
2.49,4.59,8.48,8.63,1.26,5.25,5.07,5.55,2.4,9.49,1.81,9.21,91.560
5.81,7.48,9.15,2.21,9.44,5.08,7.95,4.35,9.82,1.9,4.7,5.71,113.767
2.84,3.65,1.21,7.05,1.36,0.2,4.34,2.96,6.45,5.99,3.24,3.24,62.204
5.64,8.99,8.66,4.99,3.18,9.29,1.77,9.81,7.66,4.38,0.04,6.07,137.067
1.93,1.78,1.66,0.68,5.73,4.12,6.79,4.39,1.88,0.8,6.54,2.42,69.676
7.84,1.98,8.35,2.47,9.6,0.04,7.62,8.1,1.32,0.03,1.95,1.73,145.928
2.18,8.88,3.72,1.15,6.79,3.51,3.33,4.69,8.71,9.09,5.95,9.63,63.357
3.08,8.57,8.58,5.14,6.01,5.86,3.79,4.29,5.45,0.89,9.28,7.8,118.222
4.98,6.98,5.21,8.32,6.78,6.66,7.18,2.21,7.28,2.43,4.55,3.49,143.441
4.91,7.38,4.62,0.66,1.53,1.63,0.21,4.29,9.65,1.59,1.54,8.2,81.358
0.69,1.49,3.35,5.47,2.19,9.85,7.8,2.69,4.98,2.63,2.72,6.72,83.660
4.7,9.32,7.92,9.63,5.61,1.01,1.19,7.4,0.74,5.99,4.12,7.66,140.923
4.1,4.18,3.39,6.38,1.89,8.9,2.87,3.98,1.3,1.19,0.42,1.47,256.812
9.37,4.51,8.36,6.96,9.26,1.89,0.56,7.72,6.5,9.62,7.4,2.69,116.990
5.28,1.12,2.53,7.47,9.28,9.39,9.35,0.9,1.01,8.65,0.69,2.57,151.360
7.75,3.75,4.33,6.48,9.53,9.08,0.94,9.35,5.13,7.74,9.46,6.87,103.621
1.74,4.7,9.61,5.91,2.81,8.2,1.26,3.03,6.16,0.09,6.3,3.47,162.334
4.42,0.66,9.0,1.1,0.24,2.09,7.65,0.81,2.46,9.98,9.13,9.66,44.117
7.45,7.39,4.57,1.52,0.38,9.19,3.72,8.16,2.35,3.01,6.0,0.13,130.509
1.72,2.71,4.31,0.74,1.18,9.47,9.26,4.64,4.62,8.82,3.41,8.64,51.104
9.43,4.27,9.12,4.57,5.22,4.3,3.71,0.35,9.29,9.69,5.89,3.46,113.955
3.33,0.11,8.2,5.54,6.36,3.47,5.29,4.73,9.22,4.73,7.36,9.33,66.429
3.48,0.57,7.44,2.5,3.15,4.97,5.03,8.9,5.12,3.55,7.9,5.2,61.933
8.45,7.99,6.28,0.34,3.74,8.76,2.27,6.06,9.24,7.6,0.12,4.97,117.515
3.76,8.68,3.13,3.57,8.8,3.48,9.3,3.57,6.53,2.36,1.44,0.79,130.971
0.32,7.8,2.66,1.15,5.87,7.48,5.28,2.28,5.9,1.4,3.04,8.12,97.156
1.33,8.27,5.14,4.98,7.75,7.52,1.2,6.97,4.35,3.84,1.34,7.94,136.466
5.89,2.94,8.09,6.72,2.86,9.91,9.11,3.73,3.63,0.6,4.85,8.2,120.883
5.99,0.61,8.47,7.28,0.56,4.03,6.98,1.76,3.21,0.25,6.49,9.46,95.702
5.8,8.91,4.6,1.47,0.38,9.32,0.92,5.8,4.94,2.2,9.04,7.4,100.594
6.02,5.38,5.02,9.45,7.51,6.16,2.47,6.77,1.24,1.54,8.0,3.76,166.274
3.51,3.94,2.91,5.8,1.57,4.55,2.1,1.27,0.2,6.48,3.75,5.06,118.134
1.56,9.23,7.22,7.6,1.41,3.69,9.6,1.94,9.78,5.78,1.3,5.58,90.377
5.29,3.56,5.71,2.78,0.98,8.25,7.33,7.34,4.62,2.93,4.81,8.16,75.504
1.18,2.14,5.49,3.74,3.69,1.66,3.21,7.53,1.39,6.27,7.31,9.67,50.594
2.33,7.33,6.9,5.77,1.04,8.49,3.65,3.79,3.0,0.79,7.48,1.6,156.869
2.44,9.22,3.28,2.32,9.89,1.62,5.09,1.13,1.54,6.83,3.17,3.11,137.853
0.53,0.04,9.47,3.31,5.11,2.54,3.48,3.01,3.38,2.54,8.88,0.71,95.455
8.38,6.88,5.54,3.59,9.64,6.97,2.44,5.78,9.17,3.01,8.33,6.37,116.809
1.46,8.47,6.67,1.87,0.78,6.31,4.73,9.49,0.26,8.81,3.7,0.44,93.183
9.14,3.23,4.09,8.52,1.56,3.19,0.87,3.71,1.39,9.18,8.03,1.52,120.364
3.74,1.69,2.83,5.28,5.24,1.37,7.46,5.77,0.82,7.94,7.49,4.89,58.627
0.88,6.34,7.45,2.63,6.2,5.57,2.62,3.52,3.55,6.77,8.34,9.05,85.879
9.21,5.56,9.47,5.32,5.75,5.15,6.57,3.35,5.37,3.04,6.11,3.47,144.966
9.0,4.13,5.76,4.57,3.46,5.71,6.76,1.73,6.56,7.21,4.97,2.03,111.517
2.64,9.24,3.51,9.58,4.23,1.63,9.76,2.24,4.2,5.77,0.82,8.44,98.719
9.1,1.37,2.65,6.44,1.39,9.29,3.96,2.19,4.77,2.04,3.55,9.85,114.719
6.36,2.78,3.27,3.45,7.27,2.36,4.74,0.34,6.26,0.14,1.26,8.15,122.020
3.81,0.3,7.78,5.39,9.19,4.16,4.32,8.42,4.53,8.23,8.11,3.54,82.450
2.09,8.73,1.06,1.54,6.39,8.41,3.24,6.7,6.21,6.46,6.64,7.98,75.799
2.91,9.95,7.44,9.47,5.59,8.91,8.79,3.51,2.9,5.49,7.96,4.34,134.192
9.32,2.34,3.02,1.03,4.81,4.5,7.74,7.1,3.81,2.48,5.53,8.61,70.938
9.62,4.29,4.05,0.39,6.46,8.04,1.32,2.18,5.44,2.46,8.44,8.83,114.580
6.65,1.22,4.8,4.42,8.59,2.21,6.26,4.01,7.38,5.42,7.76,5.98,75.767
9.99,7.23,5.32,6.85,2.22,5.17,1.08,9.87,4.95,5.49,5.29,6.19,111.895
9.17,3.54,4.36,3.37,0.65,4.29,2.27,7.42,5.8,8.19,7.46,1.84,76.956
1.81,4.12,6.46,4.89,3.41,3.03,4.65,2.11,0.29,5.16,1.5,2.45,146.782
6.83,1.33,0.86,5.83,8.77,9.47,7.79,1.6,9.38,8.82,7.33,6.01,80.845
2.02,5.99,5.37,0.84,9.89,2.59,7.81,1.09,5.32,5.12,7.46,9.43,73.696
9.5,5.17,9.4,0.71,6.26,6.0,2.36,9.86,5.8,0.25,1.5,4.29,153.948
7.99,6.14,1.95,0.73,3.38,3.91,2.31,2.9,0.15,0.74,5.84,9.96,110.046
5.27,4.8,7.18,3.61,2.84,3.1,0.78,0.61,8.0,3.69,3.8,3.58,130.987
7.95,3.01,8.42,1.89,2.33,0.86,8.35,7.38,6.21,1.72,0.86,0.36,98.312
8.18,0.99,9.92,5.83,5.37,4.56,2.87,6.13,6.49,2.36,4.87,4.88,126.268
5.84,4.82,9.69,9.88,7.68,3.77,1.29,5.22,1.62,3.22,2.89,3.32,237.358
3.78,5.16,1.43,2.36,0.32,5.14,7.6,0.63,5.41,6.65,2.4,0.68,77.835
4.18,3.84,2.02,4.97,9.76,5.8,4.67,8.86,1.6,4.24,5.74,6.55,96.557
3.0,3.84,8.37,4.12,3.3,2.83,2.29,3.58,0.02,9.85,4.73,2.67,110.026
7.05,7.57,0.91,4.64,2.24,4.66,2.27,9.61,4.96,7.46,8.43,2.39,77.079
1.73,4.79,5.0,4.75,6.68,7.96,0.81,9.57,0.55,9.84,8.74,9.08,80.098
4.95,7.79,8.29,7.8,5.24,6.19,6.4,9.66,9.87,7.16,5.0,4.62,94.264
1.61,0.73,0.35,0.64,2.53,1.91,1.77,2.5,0.26,4.82,7.27,5.61,34.953
8.17,5.56,4.43,8.4,1.47,7.27,8.45,3.4,8.35,4.41,1.59,8.13,102.826
1.03,7.78,6.6,2.15,9.19,9.15,9.5,3.22,4.22,1.44,3.03,5.12,135.319
5.47,3.39,0.15,0.97,4.68,1.18,4.8,9.31,5.14,2.24,1.96,3.95,57.810
3.05,2.62,4.63,9.67,8.51,3.38,3.54,7.21,8.82,2.01,7.6,1.14,105.079
6.75,2.37,2.44,9.27,0.53,0.53,7.2,3.11,8.94,6.93,1.8,3.16,70.295
8.93,4.77,9.1,1.17,7.02,4.41,5.19,3.44,4.22,2.78,1.52,1.62,188.599
0.18,9.46,5.65,3.99,9.81,7.88,7.03,4.64,9.74,7.21,4.98,1.01,106.819
2.53,3.17,5.51,4.29,1.94,1.7,5.89,1.55,0.36,2.31,3.76,8.22,86.646
3.24,8.74,7.2,6.35,9.53,5.8,1.28,7.2,5.64,5.48,4.3,7.3,130.962
5.72,1.2,8.34,2.71,5.83,3.78,4.12,9.97,4.77,2.22,4.3,3.3,96.165
2.98,1.32,1.26,9.21,8.38,0.65,1.56,9.72,5.72,6.03,2.81,7.82,70.707
9.22,0.24,5.92,5.09,1.94,7.21,0.81,4.76,5.45,1.01,6.08,4.61,130.370
1.81,4.32,5.61,6.78,7.86,2.73,5.16,6.88,8.85,4.56,4.98,7.25,77.256
3.75,4.92,7.68,8.85,5.93,1.55,7.45,9.64,9.26,1.39,6.92,8.19,76.266
2.68,6.16,5.37,4.01,5.93,4.73,9.3,7.59,3.29,7.14,4.77,0.58,88.399
5.35,2.99,9.57,4.59,9.9,5.54,5.37,6.24,5.04,3.6,2.16,7.32,127.615
3.63,6.58,4.78,8.42,9.94,6.75,2.96,9.5,8.39,9.17,1.73,3.55,113.598
4.26,1.7,8.85,7.78,1.15,8.4,8.56,4.54,1.92,6.69,8.25,2.84,97.988
8.54,1.52,8.03,8.48,5.74,3.54,5.7,8.78,1.28,8.1,1.64,1.94,130.649
7.63,5.36,7.78,5.28,4.11,9.75,3.91,5.87,7.1,2.21,0.28,5.28,161.907
1.27,4.91,6.78,8.52,4.45,4.93,1.08,4.71,5.09,5.18,4.71,7.86,107.789
1.56,6.97,1.37,4.25,0.35,3.49,6.53,4.74,0.25,4.66,5.35,0.91,80.169
0.08,2.94,8.64,2.16,1.29,5.13,2.31,4.99,3.7,9.01,6.17,3.28,68.703
4.08,2.3,0.72,6.57,4.65,4.51,4.66,5.94,9.51,9.31,8.89,9.34,47.912
8.45,7.57,0.49,4.09,2.59,2.08,9.06,4.55,3.48,9.42,9.51,3.51,63.926
4.87,2.47,0.92,4.87,7.17,0.7,4.23,7.07,4.53,4.23,6.99,4.61,66.330
9.95,7.38,5.31,5.78,0.07,0.11,3.52,6.83,7.53,1.63,8.84,2.84,91.696
7.96,6.24,7.45,9.99,0.12,2.82,0.5,0.67,1.24,7.58,2.51,8.68,163.267
5.09,1.84,5.97,9.18,9.0,0.64,9.88,0.93,9.31,5.8,6.65,7.59,78.984
7.46,1.72,4.33,6.66,8.66,5.44,3.84,3.32,7.83,8.66,3.66,2.23,116.012
7.41,9.83,8.82,9.48,1.06,9.42,3.48,6.22,8.45,2.23,7.51,9.61,122.720
7.29,8.1,4.03,3.75,7.05,3.96,8.4,3.77,2.18,0.5,8.26,9.09,106.149
9.32,3.57,8.35,3.56,4.6,1.94,9.38,2.89,2.54,5.58,3.57,6.18,103.981
7.61,7.61,7.75,0.93,7.54,1.41,7.49,3.08,0.82,7.31,1.04,9.51,112.308
4.62,0.23,6.85,3.36,0.76,5.17,4.71,2.06,8.48,4.7,8.14,6.34,60.964
2.59,8.5,2.09,7.26,0.66,7.83,1.65,4.04,6.81,5.88,3.75,9.06,92.754
1.02,6.5,3.51,7.71,5.68,0.57,8.32,9.34,3.72,6.65,3.17,0.66,78.437
7.86,8.89,3.27,7.62,5.44,3.12,1.71,8.71,8.41,6.15,0.23,6.59,113.836
7.27,2.29,1.34,8.31,7.08,6.33,3.99,9.76,5.47,4.54,6.41,7.44,86.732
3.87,2.9,8.13,0.86,6.83,0.71,9.51,7.91,7.8,2.7,4.95,8.41,56.444
8.33,6.11,6.33,3.26,4.13,2.08,4.96,0.66,6.88,4.63,4.68,5.53,110.607
4.67,2.98,1.1,0.92,0.73,4.17,9.8,5.0,7.64,1.16,7.17,5.88,39.754
4.1,6.08,2.04,1.45,4.67,7.49,4.4,1.24,4.34,1.96,0.17,7.17,133.973
7.4,1.24,0.93,0.37,5.01,4.73,1.32,7.67,9.0,7.67,7.02,7.37,49.139
0.18,1.49,6.49,5.92,1.51,6.94,8.11,8.46,5.53,9.4,4.95,5.0,54.355
9.03,5.15,2.94,6.88,0.22,8.83,0.79,6.57,7.05,5.0,4.37,9.97,97.926
4.59,6.87,6.8,1.87,0.57,8.81,1.82,2.19,1.28,5.98,4.92,7.43,124.936
5.54,8.05,2.13,0.64,7.56,9.35,5.71,3.51,9.18,6.04,2.76,4.74,104.164
3.57,2.51,1.72,7.11,8.64,6.6,3.68,9.92,6.43,1.59,5.84,9.94,80.615
8.58,3.16,9.24,2.74,2.52,4.59,9.79,3.51,5.57,9.37,1.62,5.6,86.943
5.22,3.83,6.27,2.56,4.26,9.47,9.05,6.39,2.92,2.36,0.94,3.55,125.387
1.09,9.03,9.96,5.79,2.08,0.97,0.69,0.79,8.07,6.07,5.59,0.13,135.520
2.49,2.59,8.1,3.21,0.31,5.9,3.79,4.85,5.46,8.52,2.27,6.59,71.792
4.52,7.26,6.89,9.68,4.29,3.98,8.67,2.48,9.97,1.22,6.8,8.49,97.316
7.37,3.01,9.9,7.24,1.76,9.68,9.55,1.57,5.42,4.28,9.73,3.1,115.780
8.26,5.03,8.94,2.26,1.89,8.17,4.47,5.26,2.12,7.46,4.54,0.7,140.733
6.99,2.73,6.49,9.45,4.29,4.34,9.35,4.71,0.71,7.84,7.93,5.72,94.567
1.73,0.74,1.47,1.51,7.96,8.53,0.91,1.57,9.44,7.52,1.52,1.93,95.850
8.51,2.04,2.3,8.03,3.97,3.71,9.42,0.86,5.15,1.67,0.51,3.06,138.171
1.28,6.62,4.38,6.54,1.53,0.76,9.28,0.15,2.92,8.7,0.06,7.67,73.350
5.77,2.94,1.39,3.15,8.51,5.66,7.48,4.82,2.89,4.77,5.2,1.75,101.895
6.24,8.54,9.51,7.1,7.51,9.72,0.17,0.49,5.55,4.92,5.37,2.86,251.136
6.71,8.54,0.29,1.58,7.44,7.51,9.24,3.52,9.41,7.69,3.48,2.83,88.665
2.51,4.2,0.81,6.85,3.3,1.29,6.8,4.41,9.29,5.87,10.0,5.9,44.855
6.88,7.59,1.57,3.23,0.72,6.66,0.99,5.14,1.07,1.24,5.43,7.92,122.304
0.05,5.29,6.26,8.64,1.34,3.32,8.01,5.45,2.86,2.75,1.76,4.52,98.225
6.87,4.35,5.34,7.62,3.06,3.49,3.61,3.16,0.38,3.6,8.1,4.58,131.157
1.51,0.59,2.39,5.78,1.75,4.73,9.21,6.39,7.65,3.95,6.23,3.11,45.840
7.22,7.3,9.4,0.98,4.51,6.48,3.91,3.89,2.39,7.61,7.85,7.92,106.911
2.69,6.82,4.32,1.8,5.84,0.07,7.78,4.24,6.73,7.39,1.55,0.23,77.149
0.97,5.55,6.46,8.91,0.22,6.97,3.13,5.94,2.12,7.42,7.69,2.86,99.726
0.7,4.1,1.08,1.92,8.65,0.85,7.29,6.62,3.24,8.77,3.89,8.52,45.134
2.19,3.67,3.23,5.04,4.96,1.71,6.04,6.68,0.87,4.62,0.9,6.08,82.572
7.34,5.57,4.66,4.55,6.64,6.05,7.45,5.19,6.07,9.63,6.32,5.43,86.830
9.97,2.77,5.73,1.27,1.06,5.91,7.04,1.05,5.54,1.82,2.26,4.65,119.454
8.2,4.75,0.15,8.63,5.56,1.25,0.12,6.82,7.87,1.91,7.85,5.1,96.191
7.23,8.3,3.46,6.22,2.51,1.48,6.07,4.12,5.0,1.93,8.41,2.83,102.962
4.63,7.47,4.93,2.79,3.5,2.08,5.77,7.89,0.58,8.1,9.73,6.23,66.319
0.32,9.19,0.35,5.4,8.16,0.68,0.03,3.37,0.14,0.35,3.06,8.59,155.084
5.0,3.47,1.26,8.31,5.32,6.61,3.13,7.38,3.43,1.86,0.96,7.98,121.140
2.46,2.32,9.56,5.34,7.12,8.46,6.58,9.05,0.39,4.55,9.89,6.46,95.504
3.32,9.72,2.72,3.13,4.65,6.1,4.38,0.23,2.2,3.46,7.92,9.62,106.580
1.79,2.9,8.95,4.57,7.55,3.96,8.57,9.6,6.55,4.66,7.83,4.86,70.644
8.84,9.89,7.78,8.4,7.63,5.5,5.37,7.73,9.8,5.94,3.99,9.22,114.245
1.24,4.0,7.76,7.27,4.98,6.01,6.32,4.11,1.93,7.89,2.46,0.09,137.105
4.53,6.56,8.94,1.63,4.68,7.04,1.08,1.24,6.96,0.05,7.0,7.16,142.103
7.94,2.94,9.78,5.59,6.02,5.31,6.15,7.61,7.03,6.34,1.79,4.49,112.481
4.03,6.27,5.19,9.26,5.18,4.47,7.88,7.68,7.43,2.92,4.63,2.33,104.655
9.51,8.94,0.63,3.64,5.68,5.6,7.82,6.83,9.37,2.54,6.69,6.5,85.535
2.28,1.05,8.21,4.92,5.2,3.72,4.13,8.66,6.36,1.23,0.56,2.31,109.161
6.9,1.89,0.16,2.32,6.94,4.49,4.83,5.82,5.42,4.03,8.54,6.16,65.230
0.48,8.65,9.69,8.27,4.48,4.9,5.1,6.01,0.52,1.12,8.45,2.23,155.655
1.15,2.42,7.97,4.84,8.53,4.03,5.7,2.64,2.96,9.56,0.46,5.85,106.515
7.26,2.34,2.61,1.3,9.73,6.48,0.66,4.66,1.89,7.14,6.31,5.61,113.133
0.98,7.5,3.08,5.1,3.39,5.76,1.14,4.42,3.03,8.0,5.53,4.19,98.100
7.05,9.88,4.07,3.91,0.28,8.25,9.52,1.69,0.88,0.41,6.3,9.65,117.540
3.18,3.04,6.94,3.5,4.93,4.82,4.67,2.18,8.75,9.08,6.04,3.27,77.699
5.52,7.69,7.03,6.64,9.59,8.24,6.72,9.04,0.17,7.73,2.77,3.75,148.144
0.97,9.03,1.03,9.7,4.99,3.66,3.79,3.4,8.49,2.51,3.53,8.08,98.591
9.22,4.56,8.36,5.37,7.12,2.1,4.41,2.48,9.74,0.43,6.49,1.7,145.465
2.8,4.69,0.79,9.05,3.11,6.63,7.86,2.25,6.99,1.65,4.56,7.41,88.118
3.89,1.88,3.42,3.84,7.65,3.33,8.02,6.14,3.49,3.67,1.25,7.07,81.005
8.4,1.55,3.22,2.89,2.56,8.49,5.75,2.37,1.55,3.86,0.53,7.96,123.115
7.35,9.63,5.31,5.04,7.17,5.24,0.38,2.75,5.45,4.04,5.17,8.01,154.031
5.8,0.34,6.64,4.3,9.8,6.02,5.84,3.76,3.03,6.54,3.6,6.39,112.826
3.37,9.47,9.18,7.52,8.38,5.46,6.94,2.66,2.78,6.08,6.1,4.84,147.551
4.56,5.82,2.49,7.81,4.84,0.07,2.48,5.86,1.63,5.01,3.28,3.54,117.385
3.45,8.79,5.4,0.6,3.51,5.82,0.67,9.91,6.22,0.13,2.55,4.43,115.307
8.95,6.91,3.51,6.49,5.42,8.89,2.74,1.57,1.36,5.74,7.84,8.99,142.245
3.38,8.17,7.54,3.39,8.51,3.38,4.01,7.29,0.95,9.8,0.18,1.04,147.701
2.66,7.71,3.76,4.85,0.73,9.83,9.43,4.23,3.98,4.54,0.11,4.56,110.019
1.14,3.49,8.37,4.52,0.07,3.17,4.98,7.49,0.85,6.75,0.23,7.84,73.774
0.56,8.47,9.7,2.99,1.22,0.95,6.88,1.22,8.53,0.8,5.19,6.45,82.181
3.92,3.89,1.68,2.98,6.34,0.77,4.4,0.19,7.71,6.16,7.0,0.06,76.724
5.76,9.55,0.17,9.19,6.13,2.35,4.22,6.65,0.63,2.68,0.31,4.62,173.469
7.88,2.68,5.52,5.56,0.34,5.84,7.06,3.06,4.27,7.38,4.11,1.79,100.542
2.76,6.91,4.02,3.23,1.75,0.02,8.66,4.99,6.76,3.51,2.96,8.24,53.218
5.19,9.81,0.78,3.92,0.23,0.12,4.87,0.56,1.35,0.33,2.66,5.6,130.449
2.27,9.86,5.54,9.51,8.16,7.82,6.65,2.12,5.17,7.21,4.02,7.44,132.352
7.18,2.58,6.61,3.89,2.95,3.61,2.92,7.72,2.03,3.46,9.29,1.37,100.112
1.8,4.32,6.12,4.34,6.67,5.49,1.08,7.97,4.52,8.06,0.43,2.46,117.210
4.06,5.55,8.13,4.62,5.88,5.39,1.43,5.71,10.0,4.9,9.67,6.72,87.510
0.62,4.66,8.52,5.3,8.71,0.1,5.42,5.5,7.98,9.51,5.68,3.97,73.332
6.36,8.11,9.69,8.23,2.68,9.49,9.13,8.87,2.63,7.57,2.93,6.44,118.605
2.56,1.35,3.12,7.73,4.37,5.5,2.72,8.79,7.74,8.99,7.94,1.32,65.680
2.39,3.5,5.8,3.74,5.07,3.19,2.2,1.34,6.46,2.14,8.57,9.83,77.570
7.38,4.11,1.75,9.44,1.28,0.72,1.98,3.29,0.45,5.34,2.7,4.26,136.959
7.37,7.41,5.94,2.36,0.87,4.16,8.54,4.36,1.45,5.89,9.5,2.98,85.911
7.36,0.2,2.93,2.45,8.34,1.45,4.04,9.0,6.07,9.8,6.11,2.17,61.119
9.33,9.1,7.68,0.33,9.53,4.44,0.14,6.6,6.9,0.45,3.6,6.52,166.914
0.03,5.49,4.57,0.14,1.97,6.68,9.99,5.04,3.35,8.06,6.16,0.79,56.544
6.73,0.05,6.67,8.25,5.92,7.0,9.31,8.14,4.05,9.73,8.15,1.3,85.103
7.22,3.7,0.81,4.89,5.06,8.99,2.66,1.38,3.69,6.98,1.29,7.48,130.622
4.5,8.17,8.52,6.66,7.24,0.42,7.18,8.64,3.4,7.4,9.5,1.55,94.266
2.44,0.99,4.65,5.52,1.51,0.85,3.39,9.68,9.49,7.94,2.89,9.48,37.229
0.35,2.47,5.62,4.94,9.33,1.17,7.53,4.92,6.54,2.0,1.38,0.51,104.371
1.55,2.95,3.56,2.4,5.97,0.94,6.55,1.06,7.65,5.76,5.97,5.13,54.078
0.87,0.7,9.47,8.85,4.66,4.23,8.84,9.52,2.28,0.06,0.33,1.25,129.174
5.87,6.15,2.24,7.11,9.49,1.02,4.09,3.98,9.38,0.93,9.97,4.83,96.082
7.12,0.51,7.09,1.4,0.3,0.82,5.65,5.22,1.31,9.08,9.65,9.63,42.526
5.9,1.52,8.11,6.31,8.26,7.58,8.54,2.95,0.56,0.61,4.48,7.3,154.173
4.52,9.2,7.97,4.5,0.45,0.6,3.01,0.41,2.04,1.34,5.46,1.09,204.045
3.74,5.67,5.84,5.98,8.81,9.87,9.09,9.98,2.41,6.12,8.49,5.43,96.122
4.82,7.92,8.65,4.36,2.51,3.98,6.34,9.89,9.11,1.85,2.94,5.64,90.131
6.69,5.38,2.71,1.17,3.8,0.49,6.55,2.28,1.6,8.29,8.12,7.43,59.060
5.86,5.12,4.64,9.62,3.17,7.48,4.43,4.44,3.57,4.87,5.35,1.55,148.245
8.19,8.56,0.56,1.13,6.32,8.93,3.07,4.85,3.95,2.5,8.21,7.92,110.459
3.28,9.48,0.68,1.45,2.83,3.91,0.57,3.08,5.09,0.09,4.04,1.5,150.522
0.4,9.92,8.41,5.84,3.71,7.86,2.31,9.96,8.97,4.21,2.99,3.74,112.306
1.79,8.42,4.0,4.87,8.04,8.42,1.18,7.57,8.79,0.72,9.87,2.57,115.765
9.27,7.03,4.86,8.21,6.73,7.92,4.84,4.04,6.29,5.63,7.54,4.77,132.951
2.49,0.6,9.94,0.99,5.26,5.18,7.26,1.62,3.5,9.87,2.75,1.62,91.886
1.62,4.64,5.43,7.61,6.46,0.28,8.71,3.21,7.56,6.13,2.47,5.16,78.339
0.69,1.0,7.86,2.88,7.21,9.41,7.75,2.03,1.98,2.12,3.62,8.83,110.330
7.43,2.97,4.73,0.7,0.35,7.1,1.65,6.43,9.94,4.38,1.47,1.48,91.834
6.55,5.95,6.7,1.84,2.0,8.23,2.46,7.63,4.39,7.17,4.31,0.46,118.357
9.58,3.18,5.28,5.08,0.55,9.97,9.54,1.85,9.87,5.46,1.19,6.24,98.507
7.61,9.15,4.45,2.31,8.02,5.58,4.76,7.93,3.87,0.28,4.18,7.35,130.842
2.22,2.56,1.91,3.53,0.67,0.68,0.87,7.29,3.92,8.47,1.87,7.63,38.502
4.59,5.13,2.29,4.4,2.68,7.29,5.46,1.76,8.23,0.8,8.65,2.02,97.994
4.03,2.48,5.35,2.99,4.3,5.81,0.22,4.83,2.13,7.8,4.74,4.64,102.463
5.31,7.97,5.37,8.06,7.95,3.57,2.89,3.07,3.89,8.68,3.14,8.7,125.881
7.68,7.29,4.26,8.72,6.57,1.23,9.45,8.24,3.91,5.01,2.12,5.62,104.076
0.45,2.97,3.32,0.85,5.83,6.44,4.66,9.25,3.44,6.72,3.49,5.06,60.883
7.32,2.68,6.3,0.2,4.93,9.73,5.01,3.71,5.58,2.64,8.04,1.44,117.941
3.47,5.59,0.79,9.64,2.73,9.56,8.63,8.32,4.37,4.4,7.31,5.87,81.697
2.55,9.27,3.59,9.46,6.41,6.46,9.03,5.18,2.89,3.6,6.5,2.54,126.900
1.38,1.51,3.68,8.44,2.33,7.74,4.07,0.84,7.88,2.38,7.46,4.32,93.061
6.41,5.61,8.77,7.08,1.87,7.04,5.53,7.2,4.52,1.92,6.33,6.07,116.503
4.86,5.61,3.7,0.3,0.25,1.18,3.78,4.58,9.14,5.81,2.38,7.32,48.167
3.18,6.87,4.2,5.69,3.55,1.1,3.07,5.91,7.53,4.98,9.45,5.0,68.420
5.39,1.86,8.11,1.99,6.89,0.88,9.01,4.85,7.6,6.83,0.74,2.39,79.949
5.66,4.78,2.12,8.89,9.23,2.26,7.7,8.92,0.04,1.11,9.12,4.26,105.746
4.02,1.02,1.28,3.65,1.77,4.76,6.46,4.91,1.11,5.39,4.61,2.72,65.476
3.16,1.47,4.5,6.54,5.32,5.22,3.82,1.16,5.15,2.28,7.59,6.77,97.908
4.46,7.88,1.18,4.69,3.64,0.54,2.3,7.45,2.29,8.31,9.44,1.57,71.397
2.83,7.19,2.7,8.23,6.15,4.9,0.04,4.63,7.08,2.05,5.99,4.22,133.278
2.66,0.13,2.24,9.25,4.39,7.27,1.57,6.57,0.06,1.22,0.33,8.23,144.271
3.55,1.25,2.71,6.92,4.16,0.68,0.78,0.07,5.33,2.51,9.5,3.21,90.047
8.19,0.61,5.12,0.68,4.53,3.6,2.24,3.52,7.56,0.72,0.78,1.61,138.344
8.81,1.3,2.25,7.63,4.16,9.95,3.42,9.71,2.48,4.55,4.82,6.84,107.165
3.36,8.32,0.92,3.35,0.07,6.77,4.81,2.45,6.8,5.18,6.49,6.38,70.975
9.93,2.82,6.41,5.69,6.89,1.2,8.84,4.76,1.03,1.71,3.71,3.81,138.055
4.09,1.22,4.03,1.57,0.21,6.24,4.67,1.94,2.67,2.2,9.17,8.98,58.589
5.67,7.83,4.99,1.33,7.02,8.25,4.98,4.21,5.09,7.14,7.69,0.3,119.313
5.29,0.91,4.64,0.67,0.76,7.95,9.09,7.19,5.12,6.91,4.06,9.62,48.154
3.44,1.5,6.48,8.11,6.54,0.89,4.29,3.23,3.81,9.25,6.45,4.19,86.355
7.81,3.41,8.69,3.22,7.36,9.28,1.28,9.36,4.63,9.54,1.95,9.87,108.572
0.96,9.38,7.56,0.27,3.64,8.24,9.39,0.1,7.3,6.02,5.0,1.31,103.194
3.75,2.92,7.71,3.51,7.22,7.45,2.34,2.48,0.29,8.13,5.41,8.76,118.789
1.4,1.46,0.16,0.28,7.33,0.71,4.87,7.97,9.5,2.09,7.38,6.12,29.897
2.76,2.74,1.15,6.33,5.25,8.18,7.63,8.06,9.46,9.34,2.75,1.53,68.120
3.78,4.07,5.36,7.57,7.02,3.43,4.98,1.85,0.53,6.99,4.02,2.62,148.785
4.36,0.5,9.52,9.62,0.11,3.27,7.08,6.73,9.94,8.55,8.0,3.81,62.072
3.97,2.24,3.45,2.54,2.65,0.1,0.63,7.93,5.27,6.55,8.91,9.15,38.892
8.35,5.46,3.62,2.5,9.17,9.13,0.64,2.58,1.2,6.26,3.08,2.26,238.639
3.01,2.24,2.29,4.61,9.21,7.28,2.3,5.34,6.5,7.5,9.69,3.99,81.087
8.59,5.03,7.17,2.27,5.55,6.38,8.86,2.58,8.26,0.35,3.47,3.19,131.000
9.18,2.07,7.39,9.91,2.81,8.14,2.51,8.11,5.51,6.77,8.78,3.35,112.760
8.34,2.03,5.76,1.3,3.68,8.62,3.64,0.95,6.42,9.7,5.2,6.29,92.329
4.52,7.17,6.71,3.22,0.68,0.74,0.96,5.34,0.82,0.13,7.45,8.02,101.408
0.53,1.48,1.12,0.36,8.11,3.71,0.88,5.11,4.61,1.37,0.42,4.86,88.754
8.01,3.24,2.29,4.99,5.24,2.7,4.62,7.69,6.35,3.53,5.54,2.83,86.616
3.77,3.98,7.72,9.73,3.4,6.38,6.44,4.75,5.82,7.12,9.59,8.56,82.734
1.94,0.58,1.72,2.44,8.9,6.83,6.51,9.0,0.71,0.12,3.15,5.4,90.036
6.44,8.77,2.24,9.39,3.59,6.29,0.19,3.68,5.83,4.2,3.9,9.94,132.372
7.34,0.22,1.3,8.02,7.59,5.66,6.88,6.6,8.25,6.6,3.84,1.83,88.618
7.94,5.36,1.09,6.18,7.16,2.08,6.46,1.95,7.7,7.13,1.02,2.49,111.439
4.88,8.57,2.99,4.26,3.48,3.72,0.48,1.74,5.91,2.5,2.33,6.57,142.857
4.18,7.05,1.22,9.73,1.01,6.13,3.6,0.71,8.25,3.89,3.99,1.15,135.804
5.66,6.87,5.77,4.63,4.61,7.95,1.47,2.58,3.75,2.88,9.33,6.61,133.321
9.72,2.38,2.98,1.62,5.22,1.3,3.08,8.62,1.93,2.98,9.08,2.54,82.253
5.65,4.34,3.38,0.04,1.42,4.25,9.19,9.01,1.44,4.5,2.94,4.65,60.132
8.54,6.27,3.79,5.73,8.57,4.24,4.94,3.03,4.3,3.05,4.5,0.02,187.198
8.61,0.79,8.09,7.81,5.9,8.96,4.15,5.62,9.36,1.04,0.5,1.37,182.214
2.86,4.63,2.68,9.09,1.72,1.06,5.39,9.24,2.83,0.26,2.92,6.81,80.291
4.65,7.81,6.12,5.54,5.44,6.09,5.83,5.96,2.3,8.19,8.0,1.02,113.898
8.33,1.42,9.46,7.98,8.39,6.47,7.69,0.46,1.54,4.61,3.83,5.69,176.532
6.08,0.76,2.29,6.17,2.65,2.18,9.89,3.85,5.02,6.27,6.01,6.48,53.651
8.65,0.39,1.43,5.53,6.39,4.46,5.39,5.6,9.96,2.86,3.8,2.91,87.975
2.28,9.49,3.86,4.84,9.73,4.56,5.54,2.8,0.3,9.62,3.88,6.94,119.532
1.74,0.58,0.13,6.14,0.96,7.94,4.93,6.12,7.69,3.4,5.29,9.82,46.953
7.11,1.66,6.72,4.67,9.47,7.05,8.83,8.06,1.29,3.19,9.58,1.61,112.654
5.66,3.04,3.77,5.38,4.53,1.2,1.87,2.04,6.81,3.13,1.44,6.48,108.314
5.76,3.67,9.26,2.12,9.91,3.17,7.62,4.04,5.2,9.34,8.8,1.49,92.875
0.81,1.62,8.31,2.74,6.97,4.95,1.3,1.37,6.89,3.48,0.35,8.63,115.350
9.38,8.91,4.85,8.12,6.77,8.64,2.39,6.22,8.75,2.52,3.32,4.97,165.673
5.45,4.36,5.79,2.15,0.25,0.88,7.6,5.73,9.02,8.61,7.79,4.04,44.122
1.08,5.65,7.31,9.81,2.69,1.15,9.01,4.01,8.07,9.45,9.57,3.36,63.699
5.28,1.79,6.22,6.28,9.44,5.22,4.53,3.55,9.76,4.08,9.97,8.04,85.725
7.45,2.01,0.9,2.33,7.77,1.89,9.3,8.75,9.96,1.13,0.97,7.63,59.221
3.39,0.34,3.31,1.28,5.88,2.13,6.94,6.04,3.34,2.16,1.87,1.95,73.229
0.34,4.13,6.01,2.35,4.05,4.4,7.78,3.69,0.5,6.51,6.65,6.28,67.749
1.83,8.89,5.98,9.25,1.95,9.47,3.24,7.51,5.94,1.88,0.19,0.14,197.725
3.9,2.75,2.03,2.71,7.33,8.59,8.32,2.41,1.34,6.81,2.06,9.31,90.281
2.31,9.74,3.81,4.62,8.86,1.75,7.53,8.71,6.6,4.04,1.57,3.53,97.217
1.1,9.07,3.08,0.72,6.64,7.11,3.66,7.87,4.13,7.74,0.9,9.14,82.895
1.7,1.12,8.73,4.01,7.8,9.09,6.53,1.1,2.1,3.76,7.69,1.7,141.827
0.63,6.97,0.67,9.52,3.6,7.92,9.21,5.54,8.56,4.51,4.47,1.05,87.912
7.57,8.51,8.67,4.25,9.83,1.54,5.36,4.63,0.53,2.83,3.91,7.94,160.198
7.94,7.32,8.08,9.33,0.6,0.9,2.35,9.2,4.68,4.26,7.94,8.34,92.929
5.99,1.21,0.6,8.94,1.68,9.64,4.69,8.85,6.34,3.48,8.24,6.06,74.509
6.76,2.25,8.38,0.42,4.71,6.36,7.11,8.87,8.82,7.39,2.66,4.5,73.393
9.15,5.13,0.74,3.48,9.89,6.96,0.47,8.69,8.27,0.8,1.94,0.89,167.854
4.36,5.33,5.41,3.3,0.31,9.22,1.76,6.11,7.97,5.37,4.28,4.9,91.905
1.52,3.42,4.26,3.79,6.17,2.1,4.61,1.18,0.92,6.8,5.79,7.62,78.975
2.37,1.98,6.79,4.26,6.38,7.75,8.73,4.61,2.37,8.78,7.41,5.38,79.211
5.14,4.76,5.91,3.04,8.72,1.17,2.02,6.2,5.93,9.83,1.23,3.28,100.878
1.1,6.47,7.06,2.65,2.93,3.4,1.03,2.53,5.93,1.33,8.26,3.06,106.640
6.98,3.05,6.17,5.69,2.61,6.05,5.32,3.25,0.84,2.69,4.13,5.24,142.292
3.9,8.48,7.37,5.18,4.22,3.75,2.69,1.76,8.21,8.15,0.08,2.04,143.480
7.81,6.77,7.86,5.13,9.5,2.09,0.31,9.94,3.03,1.31,5.03,2.84,174.354
5.34,8.92,5.08,5.05,7.89,0.9,7.11,4.08,4.43,0.76,8.19,2.61,122.075
4.64,6.66,6.99,9.09,1.62,2.41,5.77,7.56,2.97,8.82,3.27,5.44,92.847
3.5,4.75,6.18,1.15,0.94,6.55,2.82,1.21,6.12,2.89,0.89,5.74,117.285
4.28,5.94,3.44,2.59,6.48,0.19,5.92,2.69,10.0,6.55,8.85,6.23,56.958
1.6,2.21,8.71,5.74,7.25,2.7,7.47,6.97,3.65,4.02,6.81,9.56,73.311
0.36,1.78,6.34,1.83,9.52,8.56,4.35,0.35,5.24,0.28,8.87,3.86,123.704
9.22,2.82,0.1,3.67,0.16,2.83,6.56,5.55,9.03,8.32,1.81,8.27,47.547
7.97,9.32,1.09,9.18,2.17,8.63,6.95,3.11,8.78,5.52,0.55,3.82,133.519
1.95,2.06,8.41,6.64,0.93,2.6,5.85,8.93,3.81,8.38,1.35,7.06,63.850
8.31,1.28,2.81,3.56,3.46,8.91,8.14,2.34,7.1,6.38,3.59,2.66,93.777
4.74,3.38,9.41,3.43,0.76,7.1,9.82,4.45,5.56,3.5,3.58,3.76,93.968
5.42,7.4,7.94,4.95,4.12,9.92,5.48,2.19,0.11,7.09,6.55,2.27,167.792
6.81,7.66,4.24,9.64,7.4,6.62,6.28,2.82,2.16,1.17,0.85,0.53,306.807
7.11,3.85,2.94,5.42,6.01,7.23,0.79,9.88,3.83,6.26,6.29,1.63,113.529
5.44,4.45,0.56,3.17,7.91,3.79,9.37,5.78,6.2,6.18,0.59,5.32,75.718
3.64,0.31,0.13,7.53,6.83,0.6,0.09,0.42,3.66,5.15,7.41,4.98,87.702
9.46,3.15,1.54,6.66,4.56,9.4,6.71,1.05,2.31,6.36,6.72,7.19,114.601
9.57,8.37,3.48,7.5,0.08,6.11,8.73,0.38,1.54,2.83,9.47,2.03,140.552
4.11,9.0,1.37,9.41,4.32,5.77,4.53,6.22,9.93,6.4,3.53,8.83,86.156
9.47,9.29,8.37,1.03,9.99,5.3,8.57,6.3,5.25,9.58,9.22,5.37,98.103
3.2,1.08,7.07,7.33,0.82,0.32,6.62,7.17,0.78,3.57,3.05,1.64,86.816
6.57,5.59,4.23,9.32,4.47,3.67,1.83,9.18,4.77,1.67,4.65,9.09,108.528
9.25,2.99,2.74,9.01,4.02,4.4,0.76,1.47,0.28,6.04,1.61,8.57,173.038
9.75,5.19,7.99,7.37,4.79,2.08,9.22,9.87,4.78,8.04,6.29,5.74,84.593
7.65,4.22,4.15,1.32,2.92,1.72,9.01,2.62,3.7,0.33,8.98,7.32,68.773
2.07,3.08,1.9,5.94,5.32,5.78,2.63,7.42,4.59,8.72,4.93,6.44,69.364
6.77,3.36,0.03,8.64,9.25,6.67,1.97,9.59,1.08,5.64,3.89,4.14,131.965
2.83,8.5,1.85,9.2,3.27,4.13,3.92,4.62,0.98,1.43,2.89,2.17,186.009
7.72,2.12,0.58,2.27,7.32,0.26,1.03,2.09,5.03,7.59,4.89,9.18,67.997
2.91,0.21,0.22,7.58,0.8,2.28,2.73,9.91,9.36,2.87,8.87,0.27,41.164
2.54,1.41,9.88,8.82,7.75,6.68,9.98,1.23,7.04,7.53,9.8,7.73,85.615
7.99,4.76,5.95,5.0,8.96,3.15,3.82,0.4,8.84,1.04,1.92,9.47,140.486
7.83,3.74,4.97,7.37,0.82,5.04,6.05,4.66,7.91,6.68,3.24,8.53,80.308
7.72,7.0,0.75,7.01,5.87,3.36,0.11,5.91,6.99,6.35,0.71,3.84,132.622
0.64,3.8,1.94,5.27,8.45,5.63,2.01,5.5,6.54,9.29,1.24,9.17,76.237
1.89,5.74,9.22,6.99,7.12,0.77,1.01,1.71,7.66,1.23,5.56,1.7,168.151
5.14,7.92,6.59,3.93,2.29,1.13,4.59,4.43,1.22,0.82,4.6,0.45,167.598
0.84,2.83,3.04,0.89,1.82,0.54,8.15,9.39,6.54,2.17,5.45,6.1,26.349
4.42,7.72,2.8,1.7,8.97,6.29,0.7,9.35,4.12,8.58,3.02,2.89,111.305
8.9,3.27,7.74,1.15,0.46,0.47,2.95,5.12,1.15,5.25,0.92,8.7,91.283
4.21,0.6,6.62,7.1,9.78,0.09,3.91,0.71,2.5,4.37,1.66,4.44,161.455
8.29,8.15,6.54,5.73,7.38,0.9,2.27,8.96,6.8,1.45,4.5,6.51,121.318
2.31,2.25,5.9,3.61,1.83,9.93,0.41,7.06,0.32,0.78,1.58,0.24,248.604
3.33,5.77,4.15,8.15,6.5,0.27,1.18,4.59,1.79,9.47,1.76,9.98,97.914
9.5,6.31,1.55,9.2,7.58,2.53,4.51,7.79,5.2,9.08,0.71,8.2,103.325
3.54,0.02,2.91,1.86,7.94,1.83,7.27,5.9,9.58,7.06,6.42,0.79,48.892
2.83,4.79,7.85,3.61,4.21,5.44,8.06,8.43,0.49,3.0,1.09,2.6,121.377
9.41,3.39,0.18,0.13,2.32,9.77,6.03,9.42,8.57,4.8,5.6,7.38,60.287
6.17,9.96,3.09,3.09,7.83,3.82,6.49,0.87,6.69,8.23,7.14,2.04,107.947
4.04,0.35,2.16,6.39,9.91,3.95,1.88,5.27,0.2,5.44,4.65,8.95,101.554
7.67,1.61,3.08,9.21,8.5,1.15,8.81,0.2,5.76,1.77,6.56,3.37,117.945
9.51,8.34,3.84,3.34,4.63,1.15,9.08,6.5,9.09,9.82,9.57,2.98,65.497
1.19,5.19,3.77,4.05,0.07,2.14,0.65,0.19,4.88,8.83,7.77,7.68,54.700
8.83,7.2,2.08,0.7,0.89,3.24,7.96,6.13,5.48,8.3,2.76,3.43,67.352
1.76,6.03,0.72,6.92,3.26,8.99,6.44,2.49,6.73,0.09,5.36,6.5,100.254
1.27,0.8,2.95,0.46,8.49,5.21,1.18,3.55,8.55,8.58,4.41,7.93,56.082
3.6,8.21,9.69,4.1,9.19,9.94,2.16,0.09,8.71,7.72,5.28,3.22,164.570
7.99,2.23,8.11,9.23,0.87,1.0,8.16,9.4,0.96,1.18,6.21,9.06,84.158
0.66,7.49,1.23,3.09,0.86,3.28,5.69,8.68,1.66,1.88,5.47,5.56,57.395
8.39,7.62,0.6,8.54,9.49,4.93,5.38,8.39,8.06,3.59,2.01,0.48,141.777
6.54,8.13,3.72,2.92,5.12,2.19,5.64,4.1,3.42,7.86,5.03,3.46,96.984
4.21,9.79,8.38,8.65,7.42,7.59,8.64,2.21,4.26,6.11,7.72,5.43,133.954
3.29,0.6,6.59,3.05,9.27,5.01,1.67,3.12,6.67,8.32,4.07,3.58,101.385
8.63,8.07,5.18,0.55,8.69,2.14,0.55,8.28,5.66,8.92,7.67,9.58,81.800
3.14,4.16,4.49,3.97,5.45,4.24,5.38,1.21,2.35,1.4,1.66,3.63,162.828
0.49,2.78,2.57,7.56,0.43,8.51,6.23,7.51,8.57,0.66,7.35,3.11,66.826
6.0,0.14,0.99,8.35,6.59,5.52,9.6,9.05,1.31,5.67,7.82,6.86,68.445
9.57,9.04,3.19,7.69,3.37,2.01,5.26,7.31,9.49,3.33,6.89,8.45,85.613
6.38,8.99,4.03,3.56,4.95,3.99,3.08,4.3,4.06,6.69,3.12,5.1,121.063
1.95,8.09,6.47,1.91,7.78,0.94,0.79,8.45,2.93,7.28,8.3,8.75,74.356
2.17,3.81,6.78,7.48,9.73,8.08,9.43,1.19,1.61,1.96,7.88,0.86,165.940
9.21,7.8,1.11,4.89,3.78,4.61,8.36,7.32,5.41,7.43,7.55,6.51,73.744
1.0,2.93,8.47,5.42,2.57,6.22,1.19,2.11,1.23,3.95,4.14,2.98,170.577
1.37,0.99,5.99,4.97,2.4,7.95,3.39,8.75,2.07,0.43,2.98,0.61,129.841
0.17,8.56,3.24,9.18,6.16,1.59,6.3,2.43,0.64,4.93,6.89,7.33,101.332
1.61,8.47,4.59,5.26,7.02,3.42,1.85,9.2,6.43,2.76,6.3,2.23,105.561
4.19,0.41,2.9,1.44,0.15,8.64,4.89,2.59,9.95,5.91,5.66,6.64,49.747
5.14,6.3,1.71,1.7,0.15,3.95,5.32,1.23,2.52,5.4,2.33,7.16,79.090
3.96,9.65,0.27,9.89,5.62,3.97,4.14,6.71,7.09,6.07,0.38,6.93,106.513
6.39,5.05,5.47,1.2,2.47,6.18,7.43,4.09,3.38,9.69,6.03,6.75,71.608
0.14,0.58,0.31,0.22,1.28,5.09,1.02,3.64,5.5,5.0,9.15,8.23,23.417
5.29,7.79,2.52,7.53,0.51,7.65,9.04,5.9,7.74,9.29,2.25,3.87,82.148
7.12,3.93,1.48,8.45,8.32,6.77,3.32,7.05,2.2,0.73,5.95,3.81,156.418
2.98,8.32,6.98,5.18,1.1,2.4,7.93,3.13,6.72,0.18,5.59,6.92,88.480
2.74,1.99,2.83,3.87,3.15,3.02,8.27,6.68,0.45,4.37,9.65,6.65,48.794
2.51,1.1,9.91,7.42,1.26,8.18,2.72,4.76,7.59,1.81,4.46,7.77,104.363
9.5,8.68,2.25,9.45,4.51,7.88,8.1,5.73,2.8,1.61,2.51,2.21,184.103
0.51,4.65,8.79,6.64,0.12,8.95,0.33,0.32,8.73,3.07,9.72,0.98,128.121
2.74,6.44,7.04,8.21,4.75,6.61,4.55,7.17,6.33,9.12,0.7,5.51,107.220
9.33,4.94,9.04,5.68,5.93,6.52,4.1,9.45,6.98,6.58,4.84,6.03,109.110
6.6,2.92,7.22,5.91,0.21,0.47,3.09,8.75,6.64,7.2,0.9,8.72,66.091
8.0,7.9,7.89,6.92,8.34,0.82,5.88,0.08,2.5,0.44,7.5,1.43,223.612
1.11,9.14,0.33,0.6,0.2,6.6,5.11,5.68,6.11,8.19,4.92,4.03,52.820
9.25,3.63,1.33,6.96,0.56,8.72,6.75,4.0,4.45,3.88,9.99,7.51,83.242
6.35,3.82,2.11,1.99,8.31,1.68,0.03,5.39,2.13,5.37,3.93,4.76,112.263
7.54,9.18,2.1,7.52,8.17,4.83,7.22,1.76,8.23,6.61,9.58,5.36,101.496
1.61,8.6,8.89,1.3,7.4,3.55,5.98,9.93,8.6,7.01,2.67,1.42,88.037
6.8,8.92,5.16,0.02,0.32,3.82,5.98,3.74,7.9,2.95,0.35,9.06,83.522
0.18,0.22,6.31,2.54,2.21,4.33,8.23,6.28,7.58,9.67,6.83,3.04,37.929
0.66,1.36,2.25,5.12,2.65,6.68,9.66,3.24,3.07,4.85,6.34,1.75,64.753
3.61,8.72,5.97,2.32,1.86,2.22,8.88,3.72,5.12,0.29,6.34,0.08,101.105
1.27,8.64,7.7,0.32,9.2,2.67,5.77,5.4,0.32,9.43,7.0,9.42,79.807
0.87,5.76,9.17,0.47,7.61,6.93,2.27,6.24,1.3,5.23,2.12,2.67,155.371
7.0,4.79,4.47,0.95,5.36,2.66,8.6,1.84,0.86,0.97,2.06,3.8,139.162
3.95,6.61,8.79,6.87,5.01,1.35,8.71,9.05,5.96,6.06,3.88,8.02,78.167
4.18,5.28,4.64,7.48,1.75,6.48,5.04,7.41,0.79,7.63,9.99,6.17,80.502
0.87,6.53,6.5,1.07,1.94,0.79,9.75,3.54,6.35,6.22,0.89,2.94,59.616
7.03,1.77,2.82,2.4,1.38,8.08,8.07,4.24,3.43,6.81,6.77,9.57,60.375
4.54,2.68,0.57,4.06,3.15,4.16,9.39,8.24,9.01,1.01,9.44,3.96,46.675
5.82,4.17,1.45,5.24,3.48,7.97,4.9,0.27,5.17,6.82,6.35,3.46,104.301
4.78,7.54,4.7,7.17,7.62,1.84,1.3,2.72,1.34,9.97,6.92,2.57,135.576
5.95,0.77,8.69,1.32,8.89,7.51,9.11,8.0,9.13,2.07,2.86,4.18,93.720
7.03,3.88,0.8,1.54,2.25,3.96,3.7,5.26,1.73,8.87,5.18,9.81,56.324
7.88,1.74,3.12,4.78,1.3,1.31,1.25,5.86,7.25,2.44,9.54,2.91,68.821
8.71,9.58,7.1,7.33,2.73,9.5,7.48,0.5,9.41,0.17,1.13,0.55,233.628
9.69,1.37,7.71,2.52,2.39,6.96,8.73,9.36,6.25,7.92,4.37,4.53,74.441
7.16,0.75,3.07,4.39,3.77,9.53,8.38,0.87,7.18,5.44,9.42,8.81,71.496
2.27,8.62,3.93,6.82,0.49,7.14,7.96,9.99,6.75,3.62,1.48,0.28,97.307
5.25,3.43,9.13,0.14,0.92,3.5,8.87,9.86,3.69,2.26,2.31,0.61,81.051
1.35,0.55,2.52,2.33,4.59,8.62,4.98,8.52,1.67,6.26,4.42,4.5,65.766
1.68,3.3,9.37,0.42,6.91,8.19,1.83,7.89,2.76,4.98,2.92,7.76,106.148
0.68,0.28,1.39,9.81,0.36,4.58,7.76,5.27,1.77,6.92,7.69,8.38,45.250
4.71,8.92,4.48,7.69,4.36,0.98,5.62,7.82,8.87,9.41,7.14,8.58,65.641
9.82,1.46,5.98,8.39,0.42,8.12,2.94,2.85,7.03,1.57,0.21,8.7,146.738
2.85,3.12,5.78,1.39,3.23,8.04,1.76,3.99,1.16,6.27,4.27,2.45,122.663
3.97,5.49,6.79,9.9,5.5,8.46,9.22,4.59,0.4,3.45,9.25,3.14,133.478
3.18,5.55,7.95,1.32,7.1,8.1,9.45,0.62,4.87,9.58,0.29,3.1,118.954
5.02,1.24,5.26,4.5,4.74,8.65,7.67,3.62,0.84,2.49,4.72,9.32,102.617
4.62,0.06,4.19,9.55,7.53,5.82,1.77,0.4,4.41,2.93,0.95,9.8,156.811
8.81,8.1,5.06,0.76,8.43,1.09,6.9,9.89,2.15,4.79,6.09,2.85,98.714
1.27,5.95,2.56,3.52,5.05,1.12,4.61,5.15,8.53,6.85,0.3,3.22,67.934
9.78,0.72,8.73,6.46,7.51,4.34,1.55,6.16,0.76,8.03,7.13,5.9,127.125
3.33,7.92,6.84,2.15,9.33,8.33,0.53,1.14,4.65,6.32,1.48,3.78,211.732
0.86,1.47,0.56,9.9,0.9,5.9,3.19,8.97,0.81,3.97,7.62,4.26,67.974
8.53,1.32,6.63,8.64,3.76,5.78,5.67,2.56,5.72,8.93,5.84,8.28,93.676
5.57,4.1,3.61,4.92,0.48,5.83,1.84,1.74,3.85,0.63,9.51,3.95,113.894
8.06,9.52,6.39,6.25,5.42,8.32,5.17,8.53,2.38,3.76,6.78,0.44,162.454
9.32,3.55,0.05,6.9,4.64,2.94,7.15,4.27,7.08,1.0,6.9,5.41,86.136
4.78,3.99,4.28,4.44,2.15,9.13,9.98,2.85,2.11,9.28,2.88,6.23,86.319
9.65,5.71,6.42,4.97,6.69,7.49,9.88,3.32,4.25,1.91,3.59,6.93,136.981
0.56,8.22,0.57,8.58,6.76,4.83,8.59,6.45,4.81,3.1,4.43,9.91,79.163
7.03,2.07,4.75,2.34,2.78,2.66,9.45,6.77,4.13,8.16,7.15,6.2,51.672
1.33,9.52,3.42,1.86,7.01,2.79,5.36,8.35,4.51,9.9,7.88,5.86,61.945
9.84,6.51,7.76,8.41,2.78,6.19,9.94,3.6,9.83,9.59,0.91,4.46,108.244
4.09,2.53,5.63,1.17,7.21,9.34,7.87,2.21,0.78,7.14,6.51,9.33,88.564
2.46,0.03,7.37,4.98,2.02,5.54,0.09,8.33,0.87,2.3,4.66,2.3,120.755
9.91,9.42,1.22,2.34,9.28,2.62,1.98,9.15,4.48,4.39,3.49,0.44,145.382
1.43,9.41,6.72,4.9,4.59,9.7,6.42,5.38,8.91,9.33,8.94,5.82,82.031
9.42,9.44,6.5,3.47,7.24,3.86,4.13,5.91,7.95,4.84,9.48,8.22,98.520
7.03,7.04,0.19,4.37,9.37,8.11,4.18,5.79,1.38,2.37,5.75,0.71,178.940
6.95,0.67,4.77,5.5,8.33,3.86,0.55,5.24,7.16,9.6,3.26,5.25,96.845
7.21,3.18,7.11,3.66,5.65,2.18,2.43,5.3,0.02,8.54,0.01,6.15,129.131
1.26,5.37,4.45,3.92,5.91,9.93,5.49,9.65,1.58,9.08,1.42,5.35,94.688
5.01,1.07,0.96,9.65,8.45,6.1,5.84,7.51,7.67,0.79,9.62,5.31,85.030
8.93,9.45,3.75,6.5,5.74,9.45,9.23,8.44,5.39,1.84,4.83,7.56,117.511
6.32,7.65,0.95,8.23,9.69,2.06,5.63,6.97,1.8,5.54,4.95,9.36,101.898
6.74,4.47,4.98,1.79,0.09,8.28,7.54,9.28,9.46,1.59,7.82,4.6,65.401
3.37,5.66,3.89,6.83,3.28,7.18,2.21,8.71,5.54,8.35,5.74,6.64,81.232
5.51,8.91,3.9,1.39,7.0,7.56,4.59,9.1,0.35,7.9,0.52,1.67,142.022
0.52,8.66,5.66,0.29,1.6,8.71,1.48,1.56,9.24,0.1,0.54,1.64,174.725
3.41,2.72,4.2,2.45,2.56,0.37,5.05,5.3,5.87,4.47,3.63,1.13,61.729
5.54,6.66,4.72,1.93,4.21,9.79,4.82,2.78,4.72,3.92,8.38,1.1,127.722
2.18,5.01,7.58,2.02,4.26,7.64,9.54,9.46,1.67,3.68,2.68,2.11,98.456
2.99,1.52,9.66,6.12,9.95,8.8,5.98,3.18,2.09,0.36,1.29,4.04,230.460
0.84,2.0,5.4,8.28,8.31,9.81,4.45,4.75,5.98,5.59,7.34,1.08,118.671
2.76,9.78,2.41,2.59,8.05,8.62,0.91,0.69,9.09,5.36,1.31,7.23,139.122
7.64,1.45,9.23,1.92,0.1,9.37,0.86,3.41,4.19,2.0,5.71,9.79,114.445
5.07,1.51,4.6,1.84,1.87,5.56,5.73,2.73,5.73,6.34,8.01,0.61,70.154
7.44,9.69,6.77,2.85,2.9,7.98,5.03,9.56,1.09,3.04,2.69,5.02,142.376
2.6,4.0,1.06,5.75,3.06,2.59,0.32,8.68,4.58,0.3,7.88,0.94,83.965
8.77,3.35,5.27,8.7,7.19,7.01,4.75,9.0,1.14,5.95,5.21,9.76,112.510
1.34,2.4,6.43,0.96,0.38,9.46,4.97,1.64,7.68,8.07,3.97,1.47,75.432
4.31,3.77,9.4,2.85,7.08,1.13,2.51,2.46,2.44,3.97,8.04,9.07,100.176
3.52,2.04,3.5,8.7,3.96,6.38,4.91,1.73,2.3,5.51,3.34,2.47,138.697
6.94,4.87,6.83,4.35,6.53,1.53,9.67,9.25,2.56,9.05,8.65,6.17,68.467
0.37,7.29,4.69,6.06,9.39,8.65,8.87,1.1,6.71,1.18,2.96,5.78,137.030
5.18,1.59,5.98,6.88,9.96,9.24,6.76,1.3,8.17,3.02,8.43,1.92,131.182
0.93,2.02,5.71,0.46,7.76,3.56,0.43,9.23,3.95,6.42,2.03,2.73,82.453
0.39,7.18,4.34,7.47,3.28,7.37,5.15,6.56,8.85,5.61,9.3,8.73,67.941
3.21,6.71,2.84,7.06,6.37,7.47,2.99,6.15,7.95,2.23,8.51,6.31,98.594
9.35,1.13,8.27,9.64,4.8,6.4,9.02,0.86,6.78,4.26,9.79,3.39,116.100
9.58,6.43,8.99,7.89,9.98,0.08,7.86,4.41,4.55,4.18,3.89,0.69,167.905
3.75,3.65,6.33,9.74,9.66,2.54,7.43,0.17,2.22,6.09,6.94,7.25,118.505
3.31,6.81,2.42,5.48,7.85,8.74,8.57,4.01,0.71,4.89,6.81,2.25,127.056
4.14,9.14,8.6,1.9,0.69,3.74,3.45,7.36,4.7,6.81,7.19,0.36,94.443
2.06,9.6,2.23,7.3,2.71,9.03,4.95,4.38,9.32,4.96,5.82,8.52,86.772
4.25,0.55,0.41,8.11,3.46,9.96,3.96,7.7,3.74,7.76,3.5,7.51,78.256
2.73,1.44,2.57,0.83,8.47,5.21,8.1,8.05,6.28,3.11,1.85,1.6,73.301
4.59,5.93,5.4,9.55,8.36,2.61,1.93,5.22,0.86,8.81,0.04,7.41,150.144
9.56,5.11,2.88,6.18,3.25,6.81,7.59,3.12,6.03,0.65,8.49,0.06,130.262
9.43,0.37,4.77,9.37,7.84,6.07,3.99,8.08,4.56,7.04,0.29,2.64,142.293
3.83,7.34,2.25,1.14,7.4,1.83,4.76,4.36,9.0,0.99,6.04,5.78,76.916
1.26,4.66,5.46,8.29,4.94,9.54,7.6,5.92,2.83,5.46,2.63,8.52,103.610
7.78,1.41,0.34,6.22,3.76,6.82,5.88,8.07,0.81,0.28,3.91,1.32,129.896
3.02,1.43,5.04,6.92,9.17,6.09,0.21,9.57,6.42,7.35,2.71,5.75,98.938
6.22,5.75,5.5,7.45,9.77,1.43,4.01,9.23,4.09,4.16,9.09,2.34,109.721
2.02,1.55,5.88,1.45,0.14,0.15,5.97,9.71,5.77,9.67,0.95,6.36,29.118
9.2,5.0,5.63,1.37,1.29,3.38,6.53,8.26,2.12,8.61,5.06,5.14,72.424
7.43,7.37,8.58,7.6,1.72,3.83,4.74,2.66,0.64,3.18,0.51,8.69,178.893
5.11,1.73,5.52,9.55,6.97,3.73,3.03,8.58,1.22,4.84,0.44,3.11,153.676
7.29,2.71,3.64,4.14,7.05,0.19,7.5,3.11,6.79,1.34,4.86,9.19,76.304
6.04,6.19,7.59,1.63,3.58,8.49,1.28,0.62,0.46,8.54,7.92,5.5,137.829
8.46,5.68,7.48,4.06,3.02,5.32,6.57,5.34,8.92,5.89,2.01,3.71,104.871
0.05,3.88,7.17,0.03,7.34,8.86,2.6,5.18,8.8,5.28,3.48,1.92,100.257
7.67,3.15,8.66,6.69,0.27,8.92,6.3,5.32,7.08,7.45,8.24,4.69,90.481
9.72,1.07,2.97,3.18,8.75,1.38,3.09,1.99,1.8,1.22,6.52,1.12,171.982
1.73,7.93,3.74,1.08,5.03,8.12,5.6,6.69,4.86,5.23,5.1,6.26,81.891
2.43,9.39,5.24,6.09,7.96,5.7,5.5,8.78,2.55,8.0,3.86,9.36,96.741
6.77,6.95,7.13,4.92,5.33,7.74,2.82,3.94,6.97,2.97,2.44,2.51,179.400
5.25,9.36,5.96,0.13,9.22,5.74,3.66,3.15,9.97,3.64,0.5,7.97,123.434
1.12,0.05,0.77,0.8,5.25,9.47,2.31,1.52,1.04,7.45,3.69,2.34,95.150
1.76,7.38,2.91,3.78,2.88,6.68,4.18,1.05,6.28,1.18,3.04,1.51,147.274
7.97,2.93,5.78,1.14,4.66,0.45,8.45,6.22,6.54,8.7,0.17,8.36,59.651
7.12,2.57,0.58,8.84,9.04,4.8,2.92,7.49,1.59,8.23,1.29,6.54,117.427
2.37,0.99,7.62,8.33,1.22,2.63,0.47,0.18,3.44,4.34,3.41,0.56,186.774
8.36,6.92,4.46,0.42,5.11,6.79,3.78,5.14,0.16,6.08,2.78,7.87,124.215
1.96,6.08,2.7,9.64,5.86,8.28,1.75,7.64,0.39,1.04,5.33,8.1,142.351
6.61,2.92,3.1,4.1,6.99,7.01,6.77,0.82,3.33,3.61,8.55,2.39,120.652
7.45,2.19,2.22,7.36,6.71,8.0,0.67,0.81,4.03,6.05,7.92,4.0,144.506
6.69,3.45,3.14,7.67,2.44,3.71,1.67,6.36,4.53,2.77,7.6,3.58,102.226
6.26,4.91,3.2,9.84,0.36,8.97,7.15,4.42,2.59,3.54,0.7,7.67,128.654
6.07,0.99,3.63,8.41,2.11,6.44,4.73,5.9,1.67,7.66,7.11,0.11,101.729
6.86,4.76,4.66,2.83,4.16,9.62,7.13,9.98,0.28,2.41,9.47,9.03,85.875
1.99,5.58,2.5,7.65,4.15,3.74,7.96,8.43,6.14,3.37,7.99,5.23,65.465
5.0,0.21,6.82,3.02,7.07,6.33,8.65,0.61,9.8,1.78,3.15,0.95,114.074
2.46,0.68,2.16,4.68,2.94,4.1,0.16,8.99,9.47,0.95,7.99,3.64,54.551
3.15,9.32,5.63,0.96,4.74,7.05,0.11,6.99,8.36,6.26,8.1,3.97,91.299
0.85,8.66,5.23,1.96,2.68,4.4,1.91,5.34,4.57,5.54,4.99,5.29,86.035
9.2,2.19,8.88,1.41,2.35,6.68,1.85,7.83,1.3,5.47,2.5,5.98,123.185
0.95,2.68,3.68,7.29,1.88,0.45,4.77,4.47,8.12,5.13,6.43,9.93,43.578
9.18,8.91,9.81,6.82,7.83,3.2,6.18,3.15,3.8,0.37,7.0,4.1,185.976
4.13,4.57,9.28,3.66,1.55,4.37,6.54,2.18,8.37,2.16,2.2,1.04,122.543
2.9,0.04,6.41,9.95,9.39,5.89,8.51,9.86,0.39,0.93,8.43,7.99,95.763
4.27,1.94,6.7,7.93,4.19,2.89,9.18,9.74,8.82,6.26,1.22,3.15,72.765
6.71,3.44,0.79,6.1,1.63,9.88,9.29,1.27,8.09,4.79,8.85,9.85,67.750
2.34,2.39,5.44,5.66,1.59,9.4,3.39,9.79,6.07,9.27,1.85,1.42,84.366
3.78,9.45,1.5,3.62,2.79,9.26,3.88,3.1,2.88,9.22,3.35,1.99,124.488
3.88,2.3,1.62,5.24,5.75,4.68,5.56,5.62,2.6,0.48,1.43,2.64,128.041
4.1,0.37,0.88,8.13,4.5,0.66,1.71,4.0,3.3,4.79,2.15,2.08,103.383
8.15,1.04,8.95,6.45,2.91,4.4,4.94,8.7,9.87,7.36,0.7,9.79,77.128
3.31,0.83,9.84,5.08,7.68,4.2,8.09,4.4,8.08,4.31,3.88,2.62,98.598
4.76,0.69,4.56,7.17,3.96,8.84,4.97,4.47,6.38,7.13,4.81,1.04,104.097
2.52,9.79,5.07,1.53,5.92,6.46,5.9,7.87,7.88,0.37,5.94,4.15,97.446
5.39,1.44,1.26,8.96,7.54,6.28,1.96,7.33,8.5,0.77,8.49,4.45,98.000
5.69,2.05,6.7,3.99,5.73,5.93,5.62,5.88,3.28,4.3,9.87,7.41,82.756
9.27,5.45,5.9,7.04,8.93,6.2,9.65,1.01,6.92,8.05,9.12,1.12,119.292
1.56,1.95,5.44,2.22,2.97,7.85,5.43,8.1,7.23,9.88,7.66,2.74,53.582
4.09,4.06,6.35,3.01,2.69,5.94,6.68,0.48,2.07,1.05,4.7,8.17,112.916
0.32,7.54,7.67,6.3,8.88,3.88,3.59,9.49,3.53,0.91,5.83,7.19,113.261
4.3,5.55,1.64,8.63,6.25,5.5,1.58,3.89,5.27,2.08,8.57,4.92,121.133
5.43,7.25,2.25,3.65,9.48,4.35,3.51,2.11,1.19,1.53,4.69,5.31,176.718
9.15,8.12,2.77,9.17,4.52,8.79,4.51,7.58,3.03,4.84,9.17,4.0,128.343
6.98,0.38,5.02,9.86,3.9,0.17,9.09,4.16,5.68,3.11,6.96,6.34,74.448
2.38,4.97,5.89,0.75,3.0,4.3,6.45,4.68,2.23,6.5,9.5,3.48,64.829
6.21,7.23,0.79,3.77,0.38,4.35,5.55,3.54,5.11,3.85,5.06,8.58,71.726
3.17,7.22,5.33,8.46,9.54,4.32,8.36,6.17,8.35,0.96,0.87,4.12,131.946
2.68,2.71,2.97,4.7,6.27,5.25,5.54,2.8,4.77,6.55,5.8,3.71,84.265
6.95,4.5,7.8,7.17,3.61,3.39,5.18,3.36,5.45,4.51,8.8,0.85,118.721
5.48,3.62,4.89,5.58,2.32,4.56,8.63,2.43,2.97,2.91,8.22,0.11,104.670
1.53,0.7,0.51,1.24,2.28,5.78,9.3,0.23,4.52,5.25,2.39,2.48,49.814
7.81,3.74,5.5,2.75,5.84,0.68,4.82,6.65,6.19,5.41,5.84,1.35,86.980
6.04,1.92,5.59,7.94,9.0,4.32,9.86,3.23,3.82,4.82,7.69,9.34,89.809
1.23,2.48,4.92,1.43,7.41,5.29,1.83,5.5,9.11,3.56,1.27,5.69,84.421
2.93,6.19,4.93,9.1,7.41,4.82,0.33,3.1,5.11,4.94,7.43,3.44,145.298
8.85,2.79,1.11,0.05,9.93,9.88,4.16,6.06,9.4,2.61,9.58,5.6,87.169
6.35,5.03,5.36,9.05,1.92,2.18,8.66,1.1,9.79,9.35,7.86,2.71,75.728
7.94,6.25,3.96,8.28,4.86,0.66,1.16,9.52,1.96,4.02,4.11,2.8,135.554
5.26,7.66,5.68,1.2,1.17,4.73,0.72,1.27,2.22,4.55,1.05,1.94,218.723
4.22,8.49,9.86,7.28,7.33,8.38,8.98,4.09,0.55,3.36,1.16,1.09,236.921
0.4,6.54,7.06,5.08,7.52,3.62,4.23,3.43,6.9,9.35,0.75,0.79,118.743
7.17,0.98,2.34,9.69,6.27,9.47,9.88,8.86,2.08,5.52,1.01,1.26,125.551
4.36,1.55,5.85,4.35,5.15,2.48,1.18,9.16,8.45,8.82,1.06,5.9,68.672
2.35,2.56,6.44,1.19,0.37,1.16,8.98,5.98,0.88,3.39,2.76,8.56,46.056
6.83,6.15,2.48,5.06,8.25,6.98,2.18,9.55,4.99,5.23,2.19,7.24,113.926
5.18,7.29,0.32,4.55,0.28,1.21,6.96,7.38,1.13,9.98,3.74,0.3,63.852
8.88,3.88,9.6,1.68,0.53,6.65,2.68,6.61,1.12,8.57,8.78,3.24,100.710
6.13,8.8,5.45,0.86,6.33,2.23,8.44,5.6,2.13,9.21,7.27,1.44,87.416
7.37,8.3,4.66,7.07,6.09,6.37,1.25,4.23,6.81,4.18,2.38,1.85,192.560
2.51,3.08,4.76,1.46,4.27,7.9,1.26,9.23,0.38,1.71,9.65,1.24,102.173
7.44,7.89,5.96,7.86,2.62,6.3,3.26,0.46,5.63,9.02,0.99,9.19,133.345
0.01,7.27,2.77,0.32,7.45,3.49,9.85,6.28,5.06,0.65,5.03,3.69,69.732
6.31,4.32,8.95,0.9,1.96,5.51,3.07,0.92,8.69,8.86,6.24,7.75,78.666
6.09,9.51,7.47,7.27,6.26,0.45,0.71,9.89,3.72,1.6,7.2,3.94,136.918
6.23,1.55,0.78,9.83,3.17,1.23,2.01,3.41,4.31,0.32,2.8,1.78,155.776
7.22,5.84,3.33,4.21,9.3,1.09,8.46,2.35,0.13,2.27,6.65,3.54,132.436
9.78,3.24,4.14,3.69,8.09,1.32,8.58,5.52,7.24,6.08,4.1,0.59,94.239
9.62,3.6,8.14,5.78,4.65,2.53,3.78,6.48,1.68,6.63,6.22,6.1,111.104
7.09,9.43,0.86,0.38,1.08,8.73,6.75,8.49,6.97,6.78,0.7,8.43,72.324
2.86,2.92,6.53,7.28,7.5,3.64,7.93,0.44,8.66,6.46,4.61,8.39,84.215
2.23,1.95,8.75,9.94,3.5,0.51,6.88,6.72,2.06,3.35,9.73,3.52,83.323
0.46,5.62,1.12,5.08,9.56,1.28,2.39,5.16,9.29,8.94,1.69,7.15,66.782
1.35,0.07,0.55,6.19,7.25,5.36,2.15,6.86,1.41,9.84,9.99,3.41,61.705
7.58,3.65,5.73,9.37,6.58,2.08,9.22,2.36,9.43,1.64,8.43,5.91,94.593
2.83,8.57,4.03,8.44,4.29,9.73,3.97,9.38,5.45,7.71,4.88,5.6,102.433
5.3,1.56,4.11,5.07,1.06,8.22,2.48,2.93,4.22,4.98,2.3,7.54,103.558
6.83,9.0,6.89,0.06,7.16,6.7,8.47,1.42,8.66,6.93,9.48,9.24,82.896
0.42,1.89,0.52,3.16,0.91,3.61,4.33,2.07,8.04,6.06,9.94,6.62,28.359
1.59,4.37,9.22,7.7,4.37,6.88,5.15,1.38,2.61,1.89,6.36,4.94,152.844
9.95,4.43,1.68,1.25,2.15,4.9,8.92,8.84,3.35,9.69,5.22,2.92,62.558
3.36,7.91,5.18,7.0,2.41,3.9,2.75,6.5,9.96,7.86,2.73,8.95,76.800
7.98,6.81,4.35,1.73,3.94,2.82,8.53,2.49,3.51,4.81,0.7,8.92,95.407
8.94,6.74,3.76,1.97,2.41,3.41,5.31,3.36,7.92,8.8,0.94,3.64,90.858
4.92,3.19,4.19,7.26,5.62,4.73,1.59,4.13,1.74,6.61,6.88,3.25,123.595
0.24,1.37,1.44,5.76,3.58,2.05,6.92,5.21,0.52,6.43,3.98,4.8,51.831
8.85,4.6,5.38,4.55,1.58,5.33,2.33,9.25,4.71,9.09,7.24,9.88,71.271
0.73,0.13,8.74,2.41,6.85,0.64,7.87,1.78,6.18,0.76,0.95,5.32,85.302
9.59,2.46,5.23,2.78,6.95,4.73,8.12,2.77,8.73,1.53,4.02,0.59,123.214
5.54,0.52,7.12,7.18,5.72,9.27,6.43,8.89,1.77,3.31,9.4,3.7,105.522
2.54,2.75,7.41,3.54,9.25,6.82,2.56,4.6,7.62,2.99,3.46,8.93,107.129
7.54,1.77,7.23,8.88,3.54,0.91,5.56,5.2,5.22,2.15,4.93,1.27,122.770
8.04,4.0,9.01,3.21,9.72,4.34,8.52,9.31,3.23,5.16,9.27,0.95,105.159
7.63,1.86,4.1,3.19,7.54,7.1,9.76,3.64,9.96,6.22,8.55,6.81,69.915
8.33,2.95,6.95,2.26,9.87,0.98,5.2,2.24,7.53,1.38,5.69,3.69,121.803
0.45,4.91,8.87,4.27,2.91,1.56,8.18,5.23,8.76,0.43,0.29,3.86,85.869
8.94,8.05,2.9,2.2,3.44,0.98,4.94,7.94,3.65,1.71,1.97,8.14,93.510
7.58,2.32,3.66,7.76,3.82,6.91,6.66,8.42,6.12,0.5,0.65,2.46,129.182
8.21,1.67,1.0,3.26,1.88,2.7,2.41,7.03,2.9,7.07,1.79,0.87,84.821
9.55,7.13,1.11,3.53,8.52,0.14,6.38,3.03,9.84,3.57,9.67,0.65,90.465
6.14,1.49,5.45,6.59,2.4,6.15,3.16,7.24,8.0,8.07,4.33,7.8,73.109
8.53,9.19,7.6,8.17,2.71,5.15,0.78,9.95,7.92,5.55,9.12,9.27,97.089
8.49,0.49,9.74,7.26,7.05,4.8,0.2,6.76,5.85,3.01,7.27,4.71,136.079
4.79,6.32,6.46,3.96,4.59,9.71,5.43,3.05,0.32,8.06,4.66,2.41,149.728
1.0,7.15,7.11,0.91,3.56,2.52,6.57,3.54,4.77,6.81,9.77,3.41,63.808
1.86,8.41,7.28,9.84,5.97,9.8,1.57,7.12,6.97,1.69,7.92,4.7,144.011
7.73,3.15,7.97,2.42,5.35,8.32,5.52,2.95,8.61,4.67,4.17,4.2,116.003
3.94,3.17,6.41,5.03,4.78,6.2,6.49,3.78,8.05,5.71,4.03,3.36,93.985
5.44,6.3,5.72,9.79,7.59,5.88,8.94,8.37,6.97,5.97,7.94,0.56,105.084
9.48,6.11,3.66,4.16,6.08,9.38,1.71,7.62,2.36,0.54,1.64,6.0,195.622
1.47,6.4,8.94,5.47,8.26,0.54,4.98,0.58,1.74,4.23,3.7,6.51,142.962
4.73,7.77,4.66,0.07,1.87,9.25,4.59,6.79,4.19,6.43,2.07,3.61,102.421
7.89,3.83,5.3,7.99,0.57,2.58,2.8,7.32,8.07,9.18,2.96,8.19,73.105
2.85,2.25,8.01,6.48,4.07,8.1,0.21,4.03,8.29,5.3,2.86,7.48,112.744
4.91,4.55,2.67,2.79,2.41,1.81,9.34,1.89,5.73,6.12,6.17,2.22,60.820
6.58,7.98,1.18,3.6,0.29,0.98,8.28,6.9,8.04,2.14,6.36,2.39,60.422
0.05,8.03,9.14,7.31,5.56,9.71,9.37,7.78,2.57,9.11,8.32,0.21,106.531
7.71,7.74,2.27,1.97,5.6,6.56,8.07,3.39,7.88,9.96,0.78,0.87,102.908
8.07,2.48,8.76,2.03,6.89,9.94,4.18,6.36,2.86,5.56,9.02,3.94,119.580
7.41,7.4,1.71,1.3,7.05,5.31,2.87,1.12,8.03,2.01,8.54,6.32,104.465
3.0,9.25,1.03,1.36,3.18,2.99,8.34,8.53,1.85,5.49,6.85,9.43,51.395
6.46,5.07,0.56,4.31,0.92,2.83,5.6,8.41,1.02,2.39,1.89,2.19,93.721
7.24,9.29,3.05,5.36,3.03,8.63,2.01,6.23,5.23,0.27,1.94,8.12,153.782
4.0,0.97,9.65,2.17,5.82,9.84,0.19,1.22,5.58,7.0,1.71,5.74,151.353
5.17,7.54,3.63,3.09,8.78,6.34,4.5,7.8,7.21,0.73,1.74,4.62,129.887
7.77,6.82,1.17,0.18,5.6,6.47,9.62,4.75,6.6,6.98,9.81,8.14,61.024
7.71,4.25,4.72,7.81,8.5,5.03,1.27,7.49,1.33,5.4,6.19,7.99,128.143
1.49,1.24,2.03,7.61,4.2,5.38,9.85,9.48,4.59,4.86,1.05,4.91,63.184
7.36,2.29,3.01,3.1,4.79,7.9,6.16,6.53,1.58,2.97,6.79,1.83,110.015
7.6,2.6,7.51,6.55,0.58,5.87,5.77,6.41,2.13,0.38,1.76,3.27,155.730
9.28,5.99,2.0,5.31,7.9,0.44,9.99,3.28,8.08,8.99,9.54,2.31,73.288
0.55,0.06,2.9,1.4,9.96,3.98,3.92,8.72,1.84,9.69,1.61,9.87,52.875
3.69,9.8,9.64,1.78,8.22,3.48,0.6,1.11,0.64,3.03,5.78,8.48,186.405
5.06,1.76,6.18,7.88,1.09,5.04,5.15,4.62,3.62,6.05,3.55,6.89,90.395
4.97,9.56,4.69,3.51,1.99,6.08,1.86,6.9,9.82,9.09,7.0,3.74,80.187
7.92,2.08,8.15,7.34,1.7,1.64,8.74,0.59,5.3,3.4,1.7,0.86,140.019
2.62,3.61,5.1,7.98,9.38,2.3,5.57,7.16,3.63,3.28,4.2,4.78,108.281
3.4,6.07,3.76,7.68,2.6,7.87,7.68,2.73,0.82,6.17,5.71,1.88,125.570
8.62,3.63,7.85,1.22,7.04,2.18,9.45,2.35,4.08,6.66,9.55,2.96,87.133
2.61,4.21,3.18,7.28,7.88,2.3,4.96,2.84,4.19,5.51,9.95,5.54,83.237
0.72,6.61,6.08,1.77,4.57,5.97,3.86,5.95,9.13,1.0,3.05,7.61,84.052
4.67,2.38,4.7,1.94,9.14,1.82,4.34,4.66,5.83,1.52,6.89,5.16,86.796
9.53,7.72,0.57,8.41,9.18,0.11,5.93,4.26,2.34,9.21,2.93,8.14,108.260
9.83,6.69,6.61,9.19,3.96,3.34,1.07,0.68,7.99,9.71,9.08,8.15,108.015
4.67,3.29,9.71,3.93,3.81,9.15,9.38,2.24,4.35,2.64,9.32,6.93,99.139
0.37,6.41,6.39,3.58,9.99,5.95,9.36,4.49,8.06,3.97,7.31,5.84,83.756
4.38,4.59,0.44,8.49,7.01,8.91,5.35,8.48,2.52,9.88,8.1,9.7,76.811
1.55,1.78,6.53,7.8,6.65,5.12,0.77,6.93,9.75,8.75,9.37,2.28,77.754
4.74,3.88,1.74,6.34,1.39,4.72,2.69,8.31,1.23,1.66,1.35,7.23,101.513
7.44,4.9,4.33,1.59,3.66,9.89,7.21,1.16,5.23,3.75,5.91,1.9,126.431
6.07,1.09,5.94,0.2,4.86,0.78,6.14,6.57,7.35,0.41,8.09,4.77,56.826
4.13,8.61,9.43,8.79,7.21,4.29,1.65,5.67,0.93,4.13,2.37,3.54,232.149
0.17,1.38,1.4,8.45,3.64,0.17,7.4,7.08,7.79,2.88,5.13,1.18,48.347
1.01,0.64,5.74,6.71,5.1,2.05,2.96,0.23,9.25,9.58,2.15,0.44,86.347
7.71,4.61,9.59,4.11,7.43,2.48,6.18,4.44,7.96,0.83,4.2,8.09,113.344
5.84,4.79,5.74,4.24,0.06,5.7,3.75,5.33,7.92,2.13,6.25,8.3,78.296
6.99,9.35,5.19,2.12,1.54,6.75,1.12,9.02,7.75,9.79,7.58,7.2,75.224
0.11,5.19,8.77,3.18,4.36,7.3,7.26,7.68,4.63,4.32,8.91,4.6,77.299
3.63,3.17,8.3,9.49,6.83,0.23,2.18,3.52,2.66,6.03,2.49,5.5,141.421
1.35,5.45,2.46,5.28,7.18,3.63,4.42,7.68,6.69,7.35,2.4,5.58,74.297
8.78,5.4,6.86,8.43,3.62,7.94,8.32,3.78,2.32,9.03,1.12,8.29,124.863
4.63,8.64,3.16,8.9,5.83,9.71,1.99,1.46,9.89,8.33,0.45,9.07,131.036
3.62,8.04,5.69,8.02,3.07,3.66,6.21,9.48,8.29,4.08,4.31,6.06,83.528
2.23,6.92,0.32,9.51,8.27,4.67,9.23,2.93,9.67,7.05,8.21,7.68,71.298
7.5,5.59,3.78,4.46,6.91,4.56,5.65,1.69,6.84,4.46,1.98,5.26,126.739
9.49,7.5,2.44,3.01,2.95,0.27,2.15,9.19,7.4,0.7,2.61,0.04,116.161
2.99,4.57,2.18,5.04,2.12,8.46,1.9,8.53,1.25,3.83,8.68,7.26,80.636
1.64,9.38,6.05,8.4,1.88,0.03,1.91,9.22,7.88,5.09,8.64,4.53,73.464
5.34,9.25,3.96,1.72,7.51,0.26,8.28,1.78,6.77,0.63,5.42,2.83,109.063
1.68,8.44,4.45,6.39,2.93,8.25,2.51,7.05,7.78,5.0,9.52,1.59,96.084
0.06,1.03,7.86,4.66,6.13,4.45,2.0,2.12,3.42,5.07,6.09,9.65,85.326
8.88,1.52,2.02,7.35,2.35,8.72,3.9,4.31,9.79,6.94,7.05,5.28,82.748
3.09,0.88,8.76,0.17,6.53,6.45,1.73,8.57,8.37,9.76,0.28,8.92,68.775
5.36,6.44,0.42,2.27,6.29,7.23,3.36,3.89,7.34,2.62,5.32,8.91,89.090
1.03,1.79,1.12,1.55,1.44,0.63,4.46,0.12,5.43,7.41,9.69,3.49,24.706
4.65,3.46,5.9,4.76,3.18,7.37,8.97,2.26,7.7,8.68,2.94,2.26,89.363
5.92,6.71,4.6,0.17,4.85,0.95,5.49,2.05,8.6,4.84,1.39,6.25,81.062
9.31,3.77,5.11,1.07,7.44,4.03,0.18,0.12,4.4,2.71,7.74,6.22,143.800
6.7,5.63,2.45,0.3,7.3,7.78,3.46,0.55,4.59,5.56,3.52,1.61,156.350
1.13,4.53,1.31,6.54,7.64,7.42,5.25,2.0,4.02,7.05,4.87,3.47,107.164
5.86,1.47,4.86,1.54,0.18,2.14,7.1,3.27,3.9,6.66,4.72,0.81,60.658
7.43,6.35,5.16,9.19,8.85,3.76,6.51,0.15,8.86,6.45,2.25,0.38,165.610
8.14,6.81,6.29,3.7,0.52,1.22,9.96,5.12,2.0,2.68,6.51,4.18,87.619
9.9,9.15,9.2,0.99,1.61,5.78,0.82,4.27,3.5,8.0,9.43,4.54,119.863
5.76,8.37,0.21,9.0,8.87,2.13,4.28,9.57,5.26,6.6,9.24,6.63,82.588
5.16,8.9,7.99,1.65,9.89,1.12,1.07,7.11,0.77,5.63,6.73,3.08,142.312
1.29,0.2,9.52,5.78,4.02,8.73,8.97,8.43,1.64,4.4,2.29,8.31,86.780
5.48,2.78,4.04,1.09,7.2,3.71,6.5,6.76,8.79,4.16,2.3,2.47,78.438
5.15,0.71,6.57,1.15,5.3,8.03,4.82,4.41,0.39,8.0,6.13,3.77,97.783
3.18,2.46,3.3,0.85,9.98,6.96,8.35,0.77,0.98,3.44,3.47,1.11,147.517
9.73,2.28,1.14,8.47,3.31,8.05,4.21,2.16,9.53,0.29,1.7,7.84,128.177
5.07,7.52,2.08,6.44,9.79,3.0,6.3,7.71,9.35,5.99,4.73,2.12,93.646
6.68,3.57,5.61,5.98,5.66,1.69,3.18,2.69,6.82,1.05,2.1,1.94,164.173
6.12,7.71,2.57,5.11,8.39,1.59,9.46,2.34,0.89,9.51,2.19,4.19,110.182
6.29,5.24,3.34,7.52,8.61,5.01,7.46,8.26,9.87,1.33,6.62,1.86,101.723
5.52,7.31,5.69,2.99,6.08,5.45,9.96,9.22,5.48,8.04,1.84,0.74,93.651
6.56,2.24,2.64,2.23,7.59,2.11,2.53,7.79,2.23,2.69,9.33,3.04,84.643
7.33,0.13,0.23,1.63,6.59,9.16,9.61,3.43,7.88,5.59,3.42,9.06,64.299
7.72,0.21,2.99,6.5,4.1,1.15,2.76,9.93,0.41,7.96,1.77,6.75,76.640
8.26,9.09,2.01,8.1,6.8,8.51,9.06,1.03,5.1,3.11,5.68,1.64,166.940
1.97,5.32,5.97,0.65,9.4,6.13,8.86,9.41,0.37,6.87,5.54,7.98,75.429
9.63,4.46,8.83,9.46,9.93,1.46,9.95,0.56,6.41,1.46,1.53,5.83,170.047
4.92,5.5,8.28,3.64,0.14,6.58,9.33,0.41,1.64,5.8,1.15,5.47,122.101
0.31,5.83,6.18,2.86,0.26,7.1,6.8,4.57,1.37,6.7,1.08,6.04,84.864
9.46,4.73,9.2,8.03,3.54,2.3,5.66,4.11,6.44,7.65,3.13,1.41,131.197
7.96,6.41,5.13,8.38,1.3,8.84,6.88,9.45,4.62,0.98,1.24,2.21,149.803
7.51,0.07,6.23,0.88,0.24,6.54,5.03,3.28,1.46,1.26,8.72,2.25,97.591
8.7,5.51,1.38,3.18,8.25,6.47,2.27,3.08,8.29,3.96,4.4,0.79,146.950
9.65,8.93,3.49,0.21,5.63,7.47,9.43,4.12,6.51,8.12,8.08,9.98,76.514
9.05,7.66,9.31,9.2,5.93,4.67,9.84,0.77,9.48,8.25,4.67,8.52,110.330
9.19,9.9,0.93,1.51,9.22,4.59,3.68,0.76,5.55,4.14,4.14,7.89,135.092
8.62,3.5,6.09,3.07,9.87,0.23,7.6,5.52,6.61,6.83,6.12,8.33,76.518
2.04,1.06,2.47,2.46,5.02,6.39,3.06,3.7,9.83,7.8,9.83,6.13,48.178
9.16,5.88,8.23,3.69,6.13,7.31,9.2,4.98,0.2,0.42,7.32,1.17,173.465
8.83,4.46,7.82,1.29,4.59,3.44,0.97,0.65,9.48,5.72,7.04,5.95,102.080
7.98,1.95,1.0,9.95,4.91,4.61,2.97,0.1,6.45,1.58,1.1,8.46,147.144
7.21,9.15,9.72,5.93,8.63,2.47,1.16,9.62,5.61,4.69,0.85,8.26,142.796
4.44,9.26,8.46,0.28,6.48,7.7,8.38,1.28,0.05,8.36,4.93,2.38,144.287
9.22,4.26,3.43,2.59,8.45,1.54,6.96,2.52,8.79,8.9,7.54,2.63,78.977
0.32,5.88,5.25,0.79,2.08,4.25,7.92,8.36,6.85,5.48,8.22,4.93,44.468
6.35,1.83,8.79,9.62,4.37,2.47,8.15,8.97,8.4,4.74,7.43,5.46,77.474
7.87,1.96,5.99,3.33,3.96,3.55,7.96,2.7,5.83,3.1,3.67,4.16,97.228
6.5,6.51,0.92,1.0,2.41,8.22,7.33,5.51,3.84,5.57,5.33,0.82,90.000
2.31,0.09,2.03,1.9,1.85,2.03,8.06,5.67,7.07,0.13,5.13,7.33,30.578
1.02,0.04,2.72,0.91,9.3,0.6,6.3,9.89,6.19,4.83,7.19,7.99,34.418
3.49,8.52,2.85,9.36,8.11,0.6,7.09,0.78,1.57,9.76,4.11,0.77,136.752
5.01,4.88,2.36,7.42,8.19,4.27,0.29,5.4,7.33,3.0,1.6,6.71,132.059
3.09,8.5,6.64,0.37,8.35,1.37,0.08,9.37,0.91,2.67,1.59,7.76,126.542
3.03,4.56,3.79,0.37,9.56,6.44,0.91,0.1,7.75,7.07,4.81,6.87,100.872
4.45,6.6,3.46,4.83,4.0,2.47,6.48,5.17,6.08,4.86,8.91,2.0,77.045
0.86,1.15,9.47,7.77,3.05,8.52,2.86,2.54,6.66,6.71,0.8,2.84,137.528
5.24,0.34,4.93,4.56,1.08,2.84,2.69,4.72,9.16,7.85,4.5,1.78,61.857
4.33,9.63,1.38,2.41,5.3,9.09,9.45,0.36,6.34,7.79,7.32,2.29,95.797
7.05,0.5,9.05,1.12,1.15,2.43,1.19,6.8,0.1,3.87,1.0,6.88,107.359
4.11,2.65,1.45,2.43,1.66,5.84,3.03,5.37,6.25,1.35,5.0,2.58,76.930
8.83,3.04,5.66,6.94,6.32,0.18,8.1,9.86,5.15,9.24,3.13,7.49,72.074
1.53,8.4,8.19,8.77,4.05,2.3,6.16,1.53,6.98,8.32,4.17,0.27,121.181
5.69,5.37,3.82,2.14,2.73,9.55,9.82,5.18,2.13,7.9,9.88,5.34,72.795
9.17,7.95,4.54,6.46,8.28,4.19,1.04,6.31,3.28,1.41,0.29,5.23,231.150
4.6,0.54,5.45,1.98,9.25,9.1,5.63,2.21,7.63,3.45,4.58,5.9,105.170
0.69,3.75,6.45,1.88,6.41,7.7,6.02,2.92,9.82,2.66,0.26,0.62,120.538
1.59,9.77,0.73,7.31,2.72,4.21,8.35,6.22,4.94,1.43,9.39,1.49,82.747
5.13,5.1,4.88,6.9,1.24,1.79,3.66,1.01,7.7,7.24,9.35,4.15,75.627
3.33,6.01,8.28,4.51,2.16,4.69,8.69,0.95,4.66,3.94,8.08,2.0,102.331
5.83,6.98,6.63,7.11,6.17,6.71,9.61,5.13,6.99,0.59,7.35,2.83,121.323
2.74,3.24,8.84,2.82,5.27,9.65,2.12,6.17,0.61,3.79,9.11,9.26,104.829
8.5,3.2,0.7,5.68,8.94,1.97,7.54,4.41,9.61,4.42,5.89,9.67,69.788
7.62,7.73,6.22,3.07,6.34,5.78,9.6,4.14,3.9,4.54,5.14,7.16,106.613
6.35,3.24,3.51,5.48,1.09,4.03,3.65,7.35,3.59,8.16,8.37,2.49,70.515
1.5,1.86,6.02,2.57,5.44,1.31,9.43,0.54,9.48,2.66,9.03,0.16,59.744
6.85,2.43,2.82,7.89,8.72,3.62,7.01,3.26,9.76,3.98,9.82,0.48,94.229
8.19,6.57,0.9,4.4,3.78,7.81,1.22,6.48,1.26,6.71,3.64,8.61,113.360
2.18,2.82,5.29,8.31,5.9,5.79,5.88,1.89,0.23,1.51,1.35,4.77,193.794
5.46,0.9,2.49,7.23,2.98,9.29,6.13,8.53,8.6,8.05,4.48,3.45,72.248
9.38,9.32,8.79,9.86,1.54,0.18,3.56,6.9,0.07,4.33,5.5,0.28,189.293
1.45,4.45,7.85,8.95,0.76,6.16,0.1,4.06,8.89,0.63,4.08,3.77,137.575
8.65,1.84,1.94,2.19,0.3,8.55,2.17,5.28,2.8,0.09,0.33,9.55,116.073
2.19,5.64,0.2,7.74,7.34,3.64,8.35,8.08,6.56,3.77,7.08,7.11,65.324
9.34,1.73,0.06,1.95,4.77,8.27,3.69,9.2,5.37,4.4,6.87,0.89,85.865
6.3,3.46,5.16,1.15,4.22,2.42,5.96,3.95,7.19,1.77,4.98,3.25,83.801
5.78,8.68,3.43,1.53,3.54,9.62,7.72,6.47,7.12,2.61,8.53,8.07,80.405
1.61,2.54,7.54,9.94,3.3,8.03,6.18,7.95,0.31,8.59,8.27,9.69,80.410
5.17,9.25,4.79,6.51,0.82,4.47,2.42,0.46,2.69,1.14,1.06,2.92,290.084
8.7,6.03,0.99,5.75,0.54,1.82,9.29,0.69,2.29,1.87,8.45,6.59,81.666
3.26,9.19,6.25,0.07,3.7,4.44,1.06,5.16,4.34,8.4,6.12,4.15,92.063
7.96,3.62,9.11,8.92,5.55,0.63,7.66,9.78,6.62,9.12,2.05,8.74,81.396
3.23,7.42,6.73,1.68,2.13,7.05,2.22,7.84,4.27,3.14,6.85,8.14,86.999
1.27,9.54,1.29,9.38,0.65,8.08,7.85,1.23,6.41,4.03,6.05,6.93,92.954
6.85,8.53,5.75,3.64,0.81,7.94,6.51,7.71,5.58,2.03,4.37,2.93,115.070
0.51,0.77,2.37,2.26,7.37,5.3,7.27,7.6,9.57,5.01,5.44,0.35,52.724
3.53,1.32,4.04,0.83,9.22,9.4,0.73,7.14,6.68,6.77,1.66,5.82,98.403
7.41,5.48,0.41,5.72,3.44,5.67,2.47,4.76,8.03,5.16,1.43,9.35,90.160
3.53,5.59,3.64,9.14,4.25,1.67,2.45,0.08,8.5,4.66,7.71,5.99,94.658
6.58,5.43,8.97,3.19,0.97,8.55,7.49,1.55,5.59,1.37,7.41,7.54,108.853
4.68,0.03,5.04,8.3,1.26,5.83,4.88,4.07,9.41,2.44,6.89,5.24,76.344
4.27,3.29,3.01,1.46,8.96,1.97,0.41,5.01,8.29,8.01,6.76,0.12,80.280
5.4,2.28,9.25,7.34,3.58,0.26,5.7,6.22,7.11,3.16,1.47,4.45,100.000
1.77,9.24,4.3,1.6,0.84,1.54,0.15,8.61,7.56,4.43,7.7,3.63,60.131
9.14,5.95,0.67,3.69,3.41,2.43,9.12,6.02,7.8,3.38,5.38,0.35,78.908
6.06,1.14,9.23,0.66,6.54,4.88,8.35,6.67,2.18,1.1,4.93,7.85,91.731
6.4,6.51,7.77,8.86,1.99,8.6,1.64,0.59,7.04,7.71,9.32,0.23,151.263
4.94,2.08,5.39,2.69,3.51,1.82,9.69,3.12,5.63,4.24,4.97,9.03,55.698
0.48,5.14,4.09,2.37,4.65,2.82,5.99,5.93,9.17,8.15,7.95,2.47,49.294
8.1,6.58,8.3,2.67,4.66,1.36,1.89,2.96,6.04,5.26,8.93,4.79,106.026
2.4,3.31,8.44,7.33,8.88,3.4,7.75,9.5,4.32,4.92,1.22,3.28,108.938
1.48,3.75,5.68,6.58,2.37,1.81,0.94,0.6,5.91,8.65,1.31,7.72,86.232
3.53,3.55,2.59,2.35,7.02,3.85,5.27,7.53,1.39,7.36,9.39,6.43,61.252
6.92,2.05,4.54,8.23,9.21,3.56,3.36,7.05,5.78,0.24,9.97,8.49,98.911
7.59,9.76,6.04,1.17,2.91,5.38,2.68,9.1,4.81,7.08,2.32,3.61,110.980
3.95,4.22,5.08,8.13,1.62,1.8,3.65,2.28,0.78,7.09,8.65,6.89,84.526
9.88,2.53,7.15,4.31,0.09,2.4,4.32,0.51,3.7,2.78,9.15,6.36,98.285
1.71,5.25,0.39,9.93,4.56,2.6,7.36,4.77,4.9,5.01,8.75,3.14,72.031
7.71,2.54,9.71,1.53,2.4,5.97,4.59,9.36,8.49,2.49,8.32,7.6,73.097
4.41,9.78,4.39,9.56,9.59,7.32,8.84,5.83,0.56,5.13,8.48,4.75,134.117
3.12,4.28,0.64,7.64,4.16,3.77,7.0,2.76,8.87,1.09,4.87,5.63,78.127
5.92,8.36,7.81,1.12,3.8,6.32,4.49,5.19,8.2,9.55,4.32,4.49,91.970
8.41,0.07,7.03,1.17,9.74,3.21,9.35,5.78,6.69,0.7,3.07,3.58,101.577
9.95,5.63,4.13,6.81,1.77,4.12,9.33,5.88,5.31,4.13,9.33,5.18,82.763
8.17,4.99,8.72,4.62,8.62,3.24,5.99,0.22,3.28,9.52,5.04,1.53,149.961
0.47,4.47,5.17,3.48,0.1,1.19,5.78,6.24,1.24,2.47,0.73,8.45,59.735
0.53,4.81,4.31,5.05,6.42,6.51,8.3,3.65,7.8,6.49,5.14,4.55,76.900
8.06,7.64,9.65,5.27,1.67,4.13,6.6,9.66,1.7,3.45,0.84,9.84,113.493
1.78,7.73,3.63,1.51,1.16,6.93,6.74,0.17,8.41,4.46,6.0,8.88,65.609
0.57,1.96,1.26,0.04,7.39,8.94,2.85,1.5,7.53,0.99,5.27,5.78,84.281
1.78,4.41,2.97,3.12,8.86,4.03,0.37,8.03,9.17,2.39,1.42,7.36,87.578
4.92,2.86,9.64,3.24,3.97,0.92,5.07,3.92,3.03,5.0,3.24,4.67,102.487
0.83,9.99,8.99,7.28,4.88,5.03,0.92,1.38,7.5,5.97,0.76,5.38,168.873
5.9,8.12,9.63,1.94,0.71,0.65,4.83,9.89,8.41,6.67,6.37,5.25,65.065
3.74,3.41,7.73,7.9,3.58,7.84,4.6,4.49,3.84,4.61,6.67,8.44,104.747
8.73,9.36,7.54,0.32,9.34,3.26,6.38,4.15,2.67,3.66,4.48,8.89,127.522
7.77,6.68,9.29,6.36,6.74,8.14,4.42,3.13,1.18,1.15,9.78,9.03,156.779
0.39,7.73,5.42,1.44,8.96,7.03,2.83,7.63,7.82,9.03,7.94,9.43,69.315
5.23,3.43,3.98,6.1,9.44,7.77,5.36,7.32,1.62,4.21,1.64,9.63,120.719
6.27,7.85,4.85,1.59,8.36,0.56,2.4,1.07,3.58,7.95,0.4,2.21,167.405
8.88,8.57,8.24,8.52,2.46,4.67,1.7,7.55,3.52,6.72,7.16,7.07,122.598
2.39,7.63,7.81,6.31,9.35,4.15,4.83,5.93,0.58,1.04,4.67,6.87,157.358
2.76,4.05,5.33,1.36,6.42,5.78,8.88,9.19,8.58,6.62,3.07,1.79,67.401
2.68,8.28,9.44,3.73,3.44,0.04,5.05,5.34,0.32,9.91,2.34,8.6,87.484
7.75,6.0,9.17,3.06,4.87,4.16,4.87,3.12,5.22,7.57,5.85,8.41,99.914
0.98,6.88,8.21,8.56,9.96,7.44,5.44,4.96,0.11,4.92,2.17,0.17,236.522
2.46,4.15,2.28,5.94,6.74,8.66,9.81,2.96,2.23,1.8,5.07,2.76,122.737
2.23,5.72,0.64,5.37,0.8,9.2,2.51,1.49,3.15,3.13,2.09,3.11,154.780
4.3,8.8,8.97,8.56,9.26,7.05,4.23,6.01,0.16,7.46,6.97,7.1,147.009
4.04,8.51,0.67,3.59,2.71,8.59,8.98,4.58,5.96,3.61,3.51,3.7,92.650
3.99,0.27,5.89,2.96,2.49,1.2,2.99,7.35,9.58,9.4,4.95,0.33,48.555
9.36,8.86,2.16,8.27,8.77,1.94,8.79,6.16,4.81,5.97,4.83,3.85,114.385
9.93,6.76,4.87,7.27,6.94,3.07,7.8,3.28,7.69,2.53,3.27,7.98,119.324
9.34,5.12,7.31,3.98,9.63,5.26,6.17,0.36,6.29,8.93,5.27,1.87,140.672
8.95,7.23,1.27,3.9,9.93,2.72,9.57,0.76,1.61,5.42,5.9,3.28,128.109
6.17,3.52,5.21,5.77,5.81,7.17,6.46,2.83,1.17,2.55,2.33,0.34,214.605
8.25,3.35,8.11,6.44,9.17,0.19,5.0,1.4,6.05,2.24,1.26,9.69,138.495
0.02,5.84,8.64,2.38,7.01,7.91,3.22,7.19,5.3,7.48,1.77,9.48,92.334
7.62,0.42,5.9,7.76,3.29,1.92,2.59,6.68,7.28,9.42,1.27,7.06,78.455
9.46,3.44,6.59,9.16,3.62,1.29,7.31,2.61,5.11,4.94,8.46,1.84,110.869
0.11,3.95,4.01,3.65,5.97,1.22,7.65,2.07,1.9,4.4,3.14,2.95,85.527
5.98,2.51,5.3,8.25,4.67,1.05,1.75,8.22,9.94,7.95,9.3,9.5,59.494
5.1,7.1,3.2,8.18,9.08,5.38,1.67,7.87,8.17,2.49,9.49,6.81,104.219
5.7,7.61,0.01,2.34,5.66,1.08,6.52,6.86,4.85,9.97,6.62,6.53,54.172
3.6,0.22,4.93,8.18,9.83,6.3,7.95,3.6,0.59,2.31,8.79,3.41,124.053
9.71,3.77,3.77,6.33,3.01,8.27,4.8,6.79,1.5,8.95,0.67,9.37,108.666
2.65,4.34,1.59,7.12,9.35,6.15,0.75,6.38,8.69,1.18,1.84,2.27,147.797
3.37,7.8,9.83,4.75,5.95,3.94,3.83,6.67,6.1,0.06,1.02,1.45,186.304
8.31,3.29,8.04,2.07,5.82,4.16,6.54,7.96,0.98,5.27,5.83,7.86,92.015
4.96,7.48,4.84,3.72,0.16,2.84,6.88,2.19,8.14,5.54,5.44,4.32,73.823
4.19,5.55,1.28,4.0,9.83,7.57,4.18,6.4,3.19,3.54,0.89,1.0,168.854
6.58,5.24,5.53,1.08,4.51,7.72,9.2,4.42,8.31,2.53,8.14,3.33,85.333
3.0,5.62,9.96,3.33,1.1,2.01,9.74,8.14,1.24,5.7,2.48,9.09,68.755
3.22,7.78,3.45,8.41,5.13,3.02,0.68,7.6,8.02,6.89,2.12,9.82,88.272
5.26,3.37,3.81,5.89,5.14,4.4,9.39,9.13,6.93,1.7,9.96,3.46,68.696
5.6,0.8,4.2,8.83,8.72,9.73,3.37,0.32,9.89,3.7,4.06,5.03,143.648
6.6,7.97,2.2,0.87,5.77,5.41,7.59,0.25,0.64,9.99,7.68,9.62,80.570
1.84,3.12,9.32,4.82,5.39,7.23,4.84,5.78,2.36,9.44,3.09,4.92,104.239
5.78,8.03,5.52,2.67,7.23,1.46,3.92,4.15,7.9,3.27,4.12,7.12,100.689
1.76,1.8,7.91,3.41,1.96,8.27,1.05,0.32,4.59,4.93,0.02,9.8,121.246
3.96,6.09,9.83,9.99,5.09,1.75,8.79,8.01,8.31,2.85,7.18,3.68,94.565
4.02,4.56,6.65,3.91,5.04,5.49,1.16,3.52,0.26,7.7,6.28,9.24,105.362
4.48,6.59,5.32,3.93,9.61,7.87,2.67,3.72,1.87,5.68,8.98,3.42,143.508
2.43,8.21,2.68,8.56,6.24,6.96,0.18,3.13,3.09,6.03,8.91,6.69,125.152
1.2,0.61,8.45,8.15,1.17,4.36,8.67,0.68,6.3,7.74,3.94,5.73,72.414
4.52,1.18,6.67,8.92,8.93,1.97,2.67,6.2,8.13,1.16,5.95,9.47,95.861
5.29,6.96,2.8,5.54,4.4,8.51,6.86,6.57,3.12,8.13,2.99,8.66,92.210
8.01,4.36,1.49,0.96,8.85,6.51,5.2,6.22,4.6,9.89,7.03,4.76,80.053
9.31,4.65,4.85,4.57,1.17,7.09,2.06,0.98,1.87,7.88,6.56,2.18,146.958
8.77,4.27,0.18,3.59,4.84,4.17,8.09,8.85,8.6,9.59,3.55,8.99,54.164
5.52,3.2,0.12,2.57,4.49,8.56,7.02,0.52,6.63,0.02,6.61,4.84,95.398
4.59,5.16,5.52,7.93,5.13,3.18,0.45,6.56,4.77,6.07,3.78,5.35,116.790
0.42,8.43,5.27,4.31,0.67,1.69,7.56,0.78,2.57,6.0,8.6,8.96,60.313
0.61,9.29,4.16,7.21,8.97,9.12,0.47,7.24,7.73,2.11,6.62,4.02,139.624
0.23,1.63,6.12,1.77,0.45,9.51,4.48,1.23,4.03,2.61,6.21,4.29,86.258
8.78,5.93,4.16,9.14,2.13,7.13,6.42,6.67,9.01,6.02,8.17,4.08,92.321
3.64,8.5,3.37,3.07,4.5,9.4,6.94,8.63,3.16,5.32,8.66,3.17,90.524
1.09,7.56,5.3,0.28,8.04,3.5,1.45,8.49,2.31,3.44,7.92,1.29,103.494
8.48,0.91,6.04,6.84,9.5,5.16,7.46,3.76,7.59,3.62,7.48,7.48,98.770
3.71,2.63,0.03,5.96,7.86,7.65,4.17,0.44,6.02,7.86,2.37,7.35,98.688
5.52,4.03,9.77,0.39,2.92,1.4,6.66,5.34,1.74,4.83,8.15,4.78,76.286
5.63,0.4,0.15,8.24,4.87,1.07,0.71,0.26,6.91,7.51,9.9,8.59,60.094
9.29,1.41,5.34,8.27,9.26,2.78,1.84,8.55,1.74,0.04,8.44,5.99,136.654
5.61,7.3,4.23,6.98,7.24,1.93,7.1,7.12,5.93,8.3,2.94,1.36,101.649
3.81,1.38,5.07,0.63,9.69,1.28,2.63,1.52,5.88,0.27,4.95,0.49,138.882
2.43,4.18,4.01,5.49,1.16,3.35,5.55,5.69,5.56,6.52,9.23,5.67,53.951
5.16,5.47,4.68,9.14,4.02,8.98,1.75,1.38,8.44,9.59,1.13,1.97,154.369
5.84,0.74,1.45,4.62,5.04,6.16,1.76,1.38,5.32,8.58,9.92,7.11,70.003
5.33,3.69,9.59,2.64,8.29,4.48,7.91,1.49,5.71,3.28,7.96,7.31,101.070
5.55,7.57,3.95,9.62,2.87,9.96,4.38,5.13,3.86,5.38,4.29,9.98,119.685
4.03,2.67,0.25,6.22,5.68,10.0,0.23,6.08,5.53,6.0,2.35,9.27,97.929
6.33,6.59,5.37,8.63,6.75,0.58,9.7,1.86,0.84,3.32,0.85,3.27,172.631
9.37,7.25,0.4,9.44,5.87,5.89,1.39,1.63,9.08,8.83,0.4,4.39,148.600
8.68,8.83,3.45,7.61,2.89,9.27,1.71,1.94,6.53,2.35,0.76,0.03,305.781
8.32,1.43,7.24,6.38,8.47,7.56,3.7,2.31,4.37,4.1,2.56,5.1,177.958
8.29,2.18,6.97,4.98,3.36,8.69,9.9,9.25,8.9,6.31,4.22,1.58,85.832
8.39,2.94,2.19,9.37,7.33,6.67,2.49,0.57,6.0,7.03,9.89,1.47,134.390
9.15,3.13,0.68,2.54,5.39,0.29,4.3,7.8,3.03,8.22,7.44,7.26,55.664
7.4,4.43,4.33,3.69,6.3,8.85,8.86,8.29,1.9,7.95,3.6,4.99,98.342
2.95,1.39,5.18,5.43,9.33,3.16,6.21,7.75,6.08,0.39,7.69,7.08,77.955
2.69,9.33,2.12,1.32,2.82,10.0,5.82,0.78,3.18,0.64,6.54,7.09,117.588
4.13,2.58,1.56,9.66,5.61,3.0,7.51,9.0,2.14,7.08,9.7,0.09,74.718
3.0,8.73,3.24,9.3,7.68,6.93,5.75,9.54,5.02,2.1,7.97,0.61,125.460
6.14,2.34,1.45,6.37,8.85,3.86,5.75,3.68,0.1,3.15,9.93,6.38,100.069
1.7,8.21,5.09,3.11,6.08,5.53,4.19,9.96,5.02,9.54,8.56,6.49,67.916
2.74,3.13,4.87,0.22,5.83,4.82,9.44,1.85,4.84,8.0,2.49,9.11,60.481
4.52,2.14,6.31,8.48,9.5,8.65,1.73,9.02,6.48,0.72,9.73,0.79,139.094
7.12,1.53,3.52,7.17,7.95,4.34,4.12,9.25,3.1,8.68,3.71,3.07,99.060
3.79,4.31,0.25,1.04,8.68,5.16,0.67,1.08,0.5,0.37,1.79,3.31,300.907
1.24,0.71,2.96,7.77,3.52,9.52,6.3,5.02,2.67,7.77,4.68,7.43,75.937
5.98,0.65,4.5,6.45,2.02,2.67,0.45,7.29,6.28,3.26,3.81,5.55,83.596
2.6,3.25,7.86,8.65,4.88,9.3,4.46,9.48,7.28,5.42,1.02,7.68,103.396
3.94,1.13,8.38,9.34,5.33,2.38,3.13,8.76,6.19,8.17,1.16,9.08,83.585
1.77,4.62,1.0,1.68,4.23,5.22,7.01,7.66,6.07,1.08,4.42,0.61,68.976
1.74,2.95,6.6,9.71,5.6,0.63,1.03,6.36,9.67,7.12,0.25,6.91,86.886
8.69,2.58,1.21,8.61,4.46,4.48,9.0,0.71,7.58,0.13,6.15,2.3,116.080
2.98,8.78,6.5,0.77,0.53,7.64,3.57,1.54,1.32,6.5,8.4,3.44,109.810
5.74,1.9,4.61,6.53,4.55,2.41,1.57,9.22,3.41,2.67,7.36,5.89,85.458
2.1,7.13,0.76,2.16,3.1,5.26,1.7,2.49,7.27,2.68,2.79,2.48,105.667
1.32,3.72,3.32,1.49,3.76,8.34,7.99,7.79,2.1,7.74,0.31,1.08,81.266
8.68,9.95,8.1,5.27,2.42,5.94,1.31,9.07,0.43,6.18,3.1,0.63,194.788
7.46,8.46,5.13,2.41,7.9,2.98,3.74,6.21,2.44,7.46,1.96,7.39,117.603
1.49,9.25,9.16,2.76,1.54,2.25,5.92,5.4,1.39,6.3,9.0,6.04,77.680
6.0,7.14,8.62,4.79,9.46,5.49,5.81,5.33,5.71,0.6,6.74,9.24,124.140
6.17,9.89,2.4,5.52,4.29,1.33,3.23,3.42,6.99,3.4,5.59,6.48,101.683
9.25,7.44,2.33,3.01,5.92,4.91,6.5,5.25,4.18,8.15,0.5,9.58,96.194
7.87,8.81,1.33,9.69,9.83,4.55,1.39,3.76,2.39,2.29,0.09,4.18,298.440
8.09,4.34,2.3,2.53,2.38,7.26,5.81,5.37,0.15,5.11,6.19,4.79,98.104
4.52,5.11,8.02,7.27,3.75,8.49,8.62,5.84,9.02,2.25,6.23,3.11,105.960
6.19,4.57,8.15,8.38,3.22,4.22,5.94,1.79,5.83,2.96,6.14,7.46,115.305
5.44,1.05,6.08,3.38,6.06,2.12,4.45,5.34,2.65,7.48,5.61,4.18,81.218
2.96,2.18,5.46,7.2,1.93,4.08,0.93,1.16,2.27,4.27,2.61,5.66,140.888
5.79,5.98,7.78,6.6,0.67,9.22,2.1,7.81,9.2,8.48,2.41,6.73,98.121
4.93,7.83,8.67,3.94,9.99,5.11,6.29,7.85,4.32,7.07,2.59,5.3,121.095
5.64,4.04,8.17,2.33,5.22,9.05,6.27,2.07,7.02,7.84,5.29,8.88,92.186
0.85,4.39,6.65,0.16,1.69,8.94,0.26,0.45,4.95,5.32,8.25,0.63,114.199
1.67,1.55,7.01,2.83,3.81,9.13,5.11,2.63,7.05,2.68,0.6,4.99,112.749
3.78,5.58,6.38,8.87,3.49,1.29,0.46,7.49,4.35,7.17,6.31,3.56,100.170
9.46,7.72,3.34,7.73,9.66,6.08,7.99,7.49,8.36,6.2,8.79,5.0,100.365
1.41,2.88,0.75,5.56,5.52,0.86,2.72,1.85,5.72,8.42,3.39,0.03,76.728
6.52,5.36,4.5,0.61,1.67,6.47,6.12,1.36,0.37,4.81,0.54,5.0,138.077
8.97,4.95,8.99,9.43,7.31,5.34,3.6,4.35,2.3,1.39,1.37,7.01,224.725
1.05,6.25,9.66,4.21,2.08,9.38,6.34,4.88,8.95,3.83,7.83,7.12,83.774
8.47,4.09,7.35,7.38,3.2,2.25,6.85,1.2,0.25,8.94,6.27,8.15,103.411
5.53,7.69,7.65,8.91,8.87,6.25,3.63,3.12,5.79,8.85,8.44,7.98,118.752
4.33,3.26,1.74,2.22,2.04,1.69,8.74,9.59,7.04,6.68,7.42,9.07,31.479
6.01,0.57,2.97,8.26,5.89,6.36,4.22,6.26,7.16,2.39,4.38,2.72,110.800
7.6,6.38,9.08,4.9,9.76,3.26,7.79,9.33,0.15,2.02,3.39,0.85,174.161
4.56,8.39,4.0,0.36,9.62,5.61,6.61,5.08,3.31,4.77,1.97,2.43,134.630
6.97,1.99,4.09,6.45,9.22,2.48,2.7,8.98,6.95,9.68,1.58,8.34,81.611
2.19,5.4,7.25,2.13,4.71,3.72,2.01,3.09,1.15,9.03,1.51,0.94,143.260
2.39,0.47,4.0,9.39,6.59,9.04,9.18,3.73,6.06,5.03,1.67,0.55,121.587
4.05,6.12,3.86,6.84,9.2,2.13,3.83,9.94,9.91,7.26,3.78,8.65,74.245
1.18,6.8,7.72,1.49,3.5,4.31,5.93,1.48,6.8,0.22,2.17,5.1,115.207
0.85,1.06,4.95,2.18,8.78,4.49,2.45,4.57,4.51,6.03,1.78,1.24,108.406
3.12,8.67,4.36,8.27,1.49,2.65,6.44,3.79,3.65,4.86,9.48,8.08,78.678
8.78,1.0,7.55,2.6,2.08,4.83,4.49,9.13,5.3,9.61,5.34,1.49,75.905
5.69,4.09,9.89,8.57,7.71,6.24,2.43,2.69,1.87,9.26,5.85,4.71,157.367
4.51,1.49,5.81,1.97,6.03,5.72,0.72,6.25,2.02,6.15,4.89,3.09,110.424
3.24,0.15,5.53,0.11,0.27,5.24,3.2,1.4,5.84,3.45,8.1,0.94,63.410
2.58,0.12,0.06,1.77,5.58,0.25,0.19,1.71,5.82,3.78,4.24,3.69,53.320
3.02,8.37,4.59,6.17,5.93,8.85,1.7,1.45,0.69,2.77,4.02,9.81,180.675
2.02,3.65,3.31,2.83,7.19,9.77,3.54,5.8,0.06,3.94,6.88,6.18,108.977
0.86,7.9,2.07,8.51,6.78,8.62,2.44,5.3,3.03,1.41,7.01,6.75,133.924
9.39,1.82,6.6,9.48,7.59,3.36,1.13,7.08,6.51,6.26,0.29,1.29,169.504
5.67,2.54,1.57,3.33,6.88,3.46,7.43,4.04,6.13,4.74,8.65,3.41,68.169
7.16,3.35,2.69,4.02,0.07,0.39,8.16,3.76,1.12,4.8,8.97,4.81,55.914
7.23,1.63,7.37,2.7,7.61,8.45,5.61,4.84,6.47,7.0,2.41,6.2,107.562
2.73,9.66,0.92,9.69,8.69,0.1,8.64,3.11,6.96,3.15,0.03,6.24,113.011
4.86,4.71,2.68,0.93,8.15,4.78,6.41,3.79,9.96,5.94,2.18,7.17,73.653
1.07,2.3,2.06,4.17,2.67,4.62,3.81,9.48,8.98,9.81,7.97,7.7,35.372
1.28,7.43,5.78,5.0,6.22,1.87,8.77,3.68,6.27,3.62,7.58,9.88,69.296
8.07,2.07,7.03,4.5,0.24,5.3,4.64,7.68,2.48,7.45,5.88,1.03,93.313
6.8,7.49,7.72,6.42,7.96,7.93,5.41,1.0,9.69,0.81,5.41,2.52,178.422
0.81,3.51,5.05,8.85,0.99,1.55,3.45,5.21,4.68,8.42,7.25,8.14,55.882
4.37,6.14,1.34,7.83,7.08,4.46,2.92,8.72,5.27,9.34,6.84,0.72,92.340
5.83,1.78,7.34,8.14,9.65,2.43,8.01,1.6,1.57,1.38,6.08,7.41,135.010
9.01,1.59,5.82,4.22,9.0,3.05,2.59,4.68,7.73,5.41,9.44,4.47,95.251
1.61,3.53,4.46,1.98,7.74,5.06,2.98,6.52,9.51,4.95,7.45,2.57,71.748
6.32,8.33,0.32,0.37,8.38,3.18,8.92,0.72,5.93,0.2,1.69,5.98,114.761
4.95,8.67,7.29,1.59,4.95,8.13,9.07,0.53,5.27,2.71,4.98,7.93,116.694
6.51,2.96,2.56,0.33,9.06,5.78,4.06,4.19,5.1,7.76,9.72,6.79,72.302
6.98,4.57,8.79,1.06,4.65,5.44,9.18,4.07,2.65,4.48,0.35,2.78,133.943
3.37,0.6,3.11,1.24,5.02,2.54,1.43,2.64,5.39,4.42,0.18,5.99,79.202
1.12,9.95,0.47,7.32,4.06,1.06,5.43,8.88,4.61,7.19,7.08,3.81,64.811
1.18,5.28,6.31,0.37,3.62,6.86,5.77,3.79,8.03,4.85,8.27,0.03,76.838
0.52,2.65,2.05,3.2,8.94,6.34,5.0,3.29,4.15,8.2,5.85,7.68,69.359
6.02,8.95,1.39,5.17,1.24,6.26,5.17,4.67,5.45,2.14,8.79,0.06,110.464
1.01,0.08,5.05,0.05,1.44,1.23,9.08,3.62,3.43,0.99,4.29,1.29,39.031
3.07,2.67,3.37,0.01,1.27,0.26,2.81,2.75,8.85,2.18,7.14,3.59,38.982
3.63,1.88,9.79,8.33,6.21,2.46,0.41,9.36,9.18,2.01,1.26,1.23,137.740
4.98,1.46,2.52,2.37,3.46,2.63,3.65,5.76,1.68,5.66,9.33,3.67,58.555
1.98,4.73,3.22,4.83,5.76,3.2,6.11,1.16,6.73,5.01,2.88,9.71,75.063
7.96,8.13,8.11,3.48,2.4,6.33,8.17,4.54,1.42,2.4,6.12,4.68,133.224
5.87,7.46,3.28,9.94,9.72,3.7,9.85,0.32,6.41,0.31,2.6,1.29,192.348
6.44,1.11,6.38,2.69,6.16,5.27,3.51,3.94,5.26,0.13,6.92,0.42,138.999
5.69,3.02,1.11,0.91,0.34,9.06,4.54,5.9,3.49,8.67,4.62,2.44,67.869
1.17,5.82,9.33,4.51,6.52,6.19,9.34,4.07,6.3,5.13,2.01,3.76,109.572
7.81,7.2,5.15,0.05,2.21,1.2,3.7,4.87,2.25,6.75,6.44,7.62,74.676
7.66,0.52,1.63,9.58,2.24,8.51,2.36,6.57,8.2,0.9,2.88,7.17,107.336
8.99,8.69,4.02,7.41,1.88,3.35,4.8,4.29,8.46,0.59,8.06,6.34,105.532
0.57,6.12,9.53,8.34,9.36,3.18,5.69,2.49,5.8,3.98,8.16,6.16,114.932
2.94,9.47,2.39,2.4,1.43,9.82,9.73,0.04,1.62,2.39,8.27,8.27,93.832
4.35,6.05,7.51,0.97,0.68,1.02,0.29,0.11,8.59,1.9,4.46,5.74,97.582
8.39,7.67,1.76,2.82,8.29,9.56,4.78,4.06,6.45,4.08,0.6,9.28,131.590
9.3,2.69,7.1,3.16,1.57,0.83,6.23,6.52,8.4,2.57,3.29,0.21,90.558
6.91,0.63,0.67,9.06,2.04,3.82,5.65,2.16,8.42,9.97,8.14,6.11,57.182
2.25,0.25,2.32,0.08,9.28,6.06,4.76,0.74,7.31,7.7,5.46,7.52,60.436
4.83,6.91,1.59,2.37,0.66,5.29,2.36,5.57,3.92,4.92,2.66,6.35,83.980
8.67,9.98,4.85,6.98,2.94,4.17,3.33,0.1,4.96,3.73,7.19,9.92,128.601
7.2,5.46,5.3,3.1,5.1,3.7,8.09,1.57,5.57,0.61,5.05,1.47,133.542
1.77,7.65,5.75,9.8,5.54,0.43,8.91,4.05,4.12,2.71,6.16,3.69,104.386
6.54,0.08,5.67,5.13,1.24,3.66,6.06,6.25,2.55,8.65,2.13,7.52,67.310
4.32,9.74,5.16,4.95,4.69,0.45,3.4,8.89,0.34,0.76,1.4,0.89,186.926
0.87,4.38,7.11,2.01,7.02,3.56,0.42,5.75,4.61,9.57,6.16,4.04,81.669
5.57,5.83,5.61,1.95,8.92,0.9,4.36,2.42,2.89,7.02,4.82,8.87,94.733
9.26,2.83,5.57,7.17,3.35,2.3,1.95,9.33,2.8,5.25,2.37,0.08,139.945
0.04,7.92,10.0,9.33,6.64,1.88,8.67,0.9,4.86,4.4,6.08,0.69,139.883
8.55,2.63,6.54,3.2,1.03,5.84,5.1,3.61,3.18,3.64,3.42,7.42,105.385
9.4,8.26,0.67,5.2,0.05,4.82,4.7,6.35,0.16,4.35,0.87,4.47,135.885
9.52,4.09,6.63,6.9,3.42,1.67,0.22,7.13,1.64,6.44,5.08,3.56,133.901
2.46,6.38,9.59,6.5,6.5,7.67,5.77,7.19,5.46,7.34,3.15,2.54,124.324
6.12,4.18,1.5,3.76,0.5,3.65,2.01,2.62,3.19,1.72,8.72,0.43,105.457
2.5,3.27,3.35,8.43,9.21,9.42,2.93,7.07,3.74,7.63,4.32,8.89,104.627
0.42,8.42,4.47,4.68,7.21,0.74,1.19,3.03,0.78,6.8,0.4,3.27,167.679
7.78,7.65,9.03,3.24,7.34,8.38,2.64,5.96,9.66,2.96,9.06,3.46,128.690
8.4,6.04,3.37,2.02,5.93,2.23,5.76,6.54,5.25,2.96,4.0,2.22,104.714
3.24,0.55,7.99,0.24,8.35,4.36,2.42,9.4,6.68,0.52,8.96,0.55,86.681
4.22,4.63,6.02,8.03,7.83,9.29,7.5,3.57,10.0,7.73,3.38,8.72,97.848
0.76,1.86,5.23,7.63,6.5,0.41,1.13,2.28,4.04,8.61,2.61,8.44,82.589
9.68,2.85,4.65,3.02,4.87,0.62,8.83,1.51,7.05,0.56,2.66,5.57,98.128
4.81,7.0,7.0,0.47,4.71,0.63,9.64,7.03,3.18,2.65,4.8,9.74,66.469
3.69,8.15,4.25,7.26,0.82,1.66,8.69,3.04,5.11,9.7,2.01,0.02,90.410
6.41,1.83,3.0,7.94,6.56,7.53,8.4,6.8,2.91,1.65,6.73,9.45,92.571
5.86,5.21,7.0,4.53,2.76,5.36,3.69,9.77,4.57,7.01,3.22,1.57,102.984
6.64,8.46,0.84,1.28,5.78,5.59,5.74,3.96,5.9,3.98,9.76,1.61,92.375
2.19,2.29,7.89,6.36,9.13,5.33,0.22,7.2,7.61,9.63,7.42,7.54,83.771
7.59,4.18,5.73,7.31,2.94,5.0,1.66,0.78,3.7,9.51,9.57,7.11,101.299
0.44,9.15,8.44,2.31,7.05,7.93,0.3,7.28,2.68,6.57,4.52,3.53,141.961
9.07,6.04,6.64,9.16,8.64,1.98,6.45,0.16,8.64,2.63,7.65,7.65,125.166
4.4,4.25,0.41,7.88,8.56,6.6,7.93,5.34,5.47,3.96,2.83,9.31,92.135
0.57,6.2,9.14,2.99,5.42,4.28,2.03,8.59,8.57,5.27,1.32,5.87,90.363
7.27,6.06,4.97,0.22,2.26,4.89,0.15,8.32,2.73,6.18,1.34,8.45,94.479
1.42,0.24,5.88,9.38,4.04,0.6,1.94,7.4,3.05,6.32,1.22,6.34,82.071
6.56,2.75,3.77,5.84,7.01,3.45,6.65,9.68,6.15,9.88,5.07,0.57,77.316
5.46,2.32,8.05,2.01,9.39,7.45,0.38,4.91,6.78,5.45,8.21,7.9,103.122
3.26,6.99,7.26,1.02,1.29,0.92,3.34,1.78,1.24,9.58,7.14,5.93,71.493
6.37,0.76,0.79,3.3,0.15,9.94,4.6,3.68,4.48,4.39,1.64,4.01,93.465
4.8,2.76,7.68,7.9,0.67,4.56,8.96,4.13,6.33,9.89,0.58,1.54,90.264
5.46,3.16,8.49,3.91,2.79,3.92,4.16,7.5,1.88,1.38,9.44,8.54,84.286
3.74,6.56,7.9,4.59,5.53,1.76,9.08,1.12,8.2,2.21,6.1,4.3,97.001
1.79,1.59,1.77,5.24,7.31,8.96,9.37,1.97,3.61,1.61,7.2,9.9,79.204
6.28,4.02,2.66,3.53,4.8,4.18,1.69,7.43,7.1,4.4,2.59,8.38,80.627
8.86,0.41,8.23,6.58,6.15,3.09,6.32,2.77,1.24,7.94,8.9,5.18,102.998
2.29,3.34,4.52,4.91,0.83,4.19,2.61,2.44,9.55,9.24,9.94,1.71,56.579
1.9,1.94,3.23,6.54,8.96,9.99,9.01,8.98,7.16,3.61,6.82,2.4,85.729
9.93,9.75,5.82,6.28,9.52,9.0,9.52,1.69,8.83,3.37,7.33,8.27,128.941
3.25,4.68,8.06,9.0,1.5,2.23,0.05,6.32,5.48,4.84,4.27,8.71,96.798
0.81,0.9,1.64,1.63,9.0,2.38,6.54,8.6,0.89,5.98,1.82,7.08,52.928
1.05,1.93,9.66,9.73,1.47,4.62,8.19,5.4,6.43,8.16,6.73,0.78,79.742
6.31,9.78,4.15,3.09,5.21,3.85,8.3,1.16,3.94,4.1,7.39,8.84,96.027
7.65,6.09,4.91,4.33,9.8,4.15,4.18,8.33,0.17,3.89,9.99,6.36,112.181
7.43,4.87,7.94,6.01,5.53,3.99,6.32,7.82,6.17,2.3,2.83,1.39,133.321
5.08,9.23,2.09,9.12,7.28,5.01,6.58,3.66,5.47,6.71,1.75,6.71,122.442
9.81,2.3,4.09,6.82,3.54,7.69,7.85,9.13,2.28,2.0,3.39,2.65,125.458
2.24,7.88,2.49,3.73,9.37,6.38,6.63,7.17,1.98,7.65,2.33,9.26,91.633
7.75,8.14,0.1,4.95,8.48,7.0,6.66,5.24,8.99,1.64,8.97,8.59,90.846
5.74,4.19,7.84,2.88,2.03,4.69,4.64,7.36,5.06,4.37,2.83,5.27,92.685
0.75,7.67,7.54,4.72,2.95,4.24,5.83,4.75,3.43,6.66,8.23,3.02,87.312
3.26,3.1,5.5,7.03,6.79,4.4,2.72,1.99,3.35,6.69,5.62,9.09,102.105
4.89,1.03,9.77,8.85,8.42,1.18,1.62,3.48,6.4,6.71,2.8,8.73,114.795
8.62,9.95,3.75,7.94,1.06,3.91,0.63,3.54,5.53,1.0,0.71,6.37,198.144
8.74,9.35,1.31,1.25,3.6,1.16,2.59,8.76,3.52,8.39,4.37,9.66,68.142
9.52,8.18,0.47,4.27,3.9,8.58,6.26,5.44,8.81,0.8,5.26,4.36,112.900
7.03,3.02,2.98,2.41,2.68,8.46,5.78,5.44,0.03,7.74,8.36,0.65,94.929
6.72,8.95,3.19,3.02,2.39,3.75,7.13,8.93,1.82,1.81,3.31,4.35,102.450
9.11,8.6,5.05,1.83,2.09,9.26,5.42,7.46,6.93,2.73,1.16,4.97,125.358
3.76,7.93,3.84,0.34,8.04,1.94,0.93,4.05,6.79,8.34,2.7,6.04,89.601
3.24,9.85,2.16,6.57,8.62,0.22,1.68,8.36,7.52,2.92,2.51,0.77,129.040
5.75,1.72,6.11,9.2,2.92,5.77,3.4,8.1,1.72,3.51,8.62,2.25,114.022
3.96,4.94,9.27,6.34,1.78,9.09,0.51,9.26,4.28,1.98,6.05,2.68,142.892
6.15,1.55,9.64,5.93,6.72,4.21,0.19,5.35,4.17,5.38,3.47,7.82,129.644
2.14,0.51,6.67,8.14,5.67,4.64,0.91,3.55,7.02,8.08,2.79,5.58,99.427
5.54,7.53,1.97,7.83,0.17,3.48,4.47,9.69,8.14,2.84,6.36,8.87,65.692
6.03,0.88,9.41,1.72,2.33,5.65,6.03,2.15,9.2,6.06,1.39,1.46,98.973
5.52,2.15,8.25,7.6,0.35,6.33,0.93,4.01,0.76,4.75,6.64,5.33,134.701
9.14,1.28,7.1,9.62,1.13,8.44,2.77,3.41,5.01,7.24,0.21,4.0,162.147
0.77,8.02,2.48,9.26,9.62,2.9,4.94,9.32,3.47,0.28,8.13,7.56,98.071
9.32,9.74,7.58,5.68,9.19,0.11,5.58,9.31,7.67,8.09,8.78,6.86,89.911
5.46,3.62,5.65,0.18,4.64,7.37,7.83,9.5,9.57,9.31,9.14,9.86,48.759
4.55,8.17,9.29,8.17,1.94,3.19,0.55,1.98,1.13,0.69,0.66,0.93,594.444
1.51,3.65,5.16,7.62,7.97,2.74,2.95,0.75,1.62,4.72,2.64,8.32,136.429
1.03,5.26,2.1,8.97,9.31,6.16,4.56,0.33,5.09,9.72,0.96,9.67,108.243
5.65,0.14,4.78,5.86,6.05,2.88,8.45,9.13,2.53,8.78,0.8,3.86,75.589
3.29,0.19,3.63,1.24,5.97,0.09,1.66,0.99,1.64,1.88,8.74,9.93,58.011
3.21,2.23,6.85,6.39,5.84,7.38,5.99,3.96,0.77,1.92,1.12,3.82,181.456
6.07,9.46,9.14,4.26,4.31,0.11,0.77,3.42,4.27,5.09,4.38,1.08,175.434
4.53,8.48,8.05,8.53,9.8,6.23,6.82,2.57,5.77,0.33,6.08,9.66,146.077
3.69,1.35,0.23,9.55,1.34,6.29,5.77,7.7,1.41,1.54,6.66,4.39,81.726
0.56,5.61,0.68,2.31,0.18,0.14,5.19,1.92,1.92,1.61,3.65,6.91,44.717
0.56,5.3,9.12,2.29,8.34,9.42,6.57,0.12,8.54,3.45,1.63,4.0,144.097
1.86,6.37,1.34,2.84,7.79,7.69,0.7,3.05,2.92,5.39,3.89,4.08,139.241
0.11,8.09,9.85,1.89,0.75,3.72,7.83,6.5,8.86,9.74,5.96,9.95,49.980
5.39,4.35,6.04,2.26,2.73,4.95,0.33,1.25,7.96,3.26,8.03,3.74,104.681
5.49,0.57,9.98,5.6,7.29,3.18,1.5,7.88,4.63,9.32,9.22,0.08,98.406
8.94,7.26,0.27,1.46,2.62,1.92,5.28,4.19,7.18,1.27,2.76,4.5,89.237
0.35,8.27,1.19,0.51,7.05,7.05,6.15,1.81,4.24,6.57,0.76,4.44,101.877
4.85,7.8,0.72,0.12,3.52,4.7,3.93,8.2,2.22,5.84,3.84,7.25,69.405
8.37,7.03,7.36,3.06,3.58,9.52,9.03,9.29,8.9,0.33,4.25,5.66,103.897
3.09,1.35,9.42,9.69,8.36,2.38,3.66,8.46,2.62,6.12,4.01,8.47,102.849
2.8,9.28,6.96,6.11,6.89,1.02,6.92,3.45,2.01,0.3,9.74,9.25,104.389
9.17,0.32,6.35,6.45,0.53,4.07,1.02,8.44,5.86,1.99,4.01,9.54,87.135
8.74,2.11,6.57,9.9,3.68,4.35,7.32,3.89,7.97,5.76,5.68,5.55,97.733
8.18,5.81,8.24,1.31,5.43,9.16,8.21,4.24,9.79,6.12,5.68,9.38,87.817
4.23,7.29,4.39,5.58,2.43,3.45,7.77,6.96,5.77,6.42,3.06,1.21,87.752
2.34,7.45,5.79,7.06,5.65,5.6,3.75,6.98,8.55,4.35,2.53,5.56,106.841
7.19,6.27,7.1,7.21,3.9,0.53,4.71,2.24,0.94,7.27,9.69,4.17,110.958
3.46,7.78,2.29,4.17,3.64,0.07,7.72,1.2,1.56,9.8,9.22,0.29,71.870
7.76,6.23,4.92,5.05,6.26,1.88,2.37,6.28,7.28,5.92,6.72,0.27,111.304
7.63,8.85,0.42,9.64,2.85,4.19,3.78,1.14,2.84,3.1,4.44,2.59,187.703
3.5,9.77,7.6,3.5,4.77,4.32,1.55,5.8,2.58,8.52,4.03,6.11,117.034
3.92,3.05,1.52,2.89,9.78,0.28,3.15,4.16,7.25,3.99,3.52,1.5,90.963
7.32,7.62,1.01,3.94,0.99,4.76,9.81,5.57,3.44,2.15,8.62,7.79,68.593
7.88,5.53,9.29,7.16,7.66,8.46,7.06,7.18,1.1,1.37,8.67,5.36,149.577
2.31,2.31,2.51,2.76,6.54,3.03,9.71,9.12,7.18,0.52,1.41,4.62,59.767
9.69,1.98,1.75,6.37,2.22,6.82,4.87,6.98,7.61,4.17,0.58,0.69,115.783
2.58,9.11,6.86,4.21,9.67,5.07,8.33,6.22,9.49,4.95,3.85,0.95,110.980
3.31,7.31,9.07,6.04,2.04,5.75,2.61,5.6,4.95,4.74,9.22,1.39,117.573
7.45,3.2,5.36,2.31,2.79,3.66,0.74,9.49,8.41,3.31,4.45,0.48,92.150
3.58,6.76,0.66,7.0,1.29,0.89,5.44,5.38,9.36,7.09,4.56,2.16,59.370
8.84,6.97,0.18,4.14,0.88,1.49,5.92,0.04,8.76,8.24,3.05,4.96,72.651
0.83,8.33,2.1,7.69,7.75,9.0,7.64,3.99,1.68,3.52,6.34,8.07,114.277
4.95,2.84,2.54,1.35,6.87,1.75,6.26,5.43,7.27,9.72,8.34,5.56,47.675
9.55,3.36,9.87,5.57,0.63,3.47,2.12,4.76,1.2,0.65,3.78,0.9,241.984
9.61,4.23,9.26,5.48,7.14,8.69,9.77,7.38,8.54,0.25,9.66,7.62,102.753
1.06,1.62,3.96,6.36,4.96,9.22,9.48,7.85,3.73,1.3,8.14,8.53,69.639
6.07,2.38,9.64,5.59,9.65,0.32,5.57,5.11,0.55,0.55,1.23,8.01,160.086
7.81,2.12,0.29,5.15,8.12,8.69,2.31,0.28,5.75,2.98,3.06,3.43,180.685
2.44,0.75,7.22,9.28,0.1,2.25,6.62,0.8,3.9,7.01,0.86,4.05,94.836
4.55,6.47,2.65,5.69,5.42,8.07,2.66,7.54,2.18,0.08,7.01,7.05,123.869
2.09,8.62,2.25,6.46,6.64,8.25,1.78,8.39,2.41,1.15,6.62,8.81,117.661
5.82,7.23,7.96,7.98,7.96,6.0,4.17,9.17,3.74,7.65,7.76,0.96,128.401
0.13,6.87,4.2,5.15,1.68,2.92,3.5,0.59,9.99,4.8,4.17,7.07,69.555
0.58,3.4,4.82,8.61,9.19,1.98,3.36,0.88,2.06,7.38,1.6,1.87,166.647
5.83,5.19,8.59,7.7,6.94,3.75,4.41,3.65,0.13,0.92,0.17,5.34,259.918
5.62,5.96,0.95,4.62,1.84,7.33,1.4,4.0,6.33,1.34,5.13,9.77,94.101
3.85,9.42,2.74,8.46,6.28,4.9,3.3,5.07,1.51,4.82,4.52,8.26,129.731
5.21,3.54,2.74,2.46,3.69,8.84,4.46,8.1,2.89,9.13,2.68,4.05,84.574
2.18,5.98,6.44,3.89,8.01,0.29,6.32,6.69,3.12,8.06,3.69,6.44,78.059
5.84,2.83,6.61,2.23,6.65,0.48,5.3,9.86,7.07,2.89,5.92,0.18,78.924
9.15,7.0,8.37,0.63,0.86,7.84,2.62,5.56,7.72,3.85,8.5,6.97,96.110
0.84,7.69,4.45,8.91,1.46,1.97,8.58,0.03,8.17,4.37,0.25,5.0,95.909
8.96,6.83,4.74,7.39,4.62,5.85,9.02,7.72,8.22,2.39,4.3,1.72,115.043
3.28,8.12,4.44,0.34,2.21,0.48,6.33,0.46,7.13,8.01,8.02,1.49,60.019
2.9,8.49,9.22,2.7,8.47,0.87,8.94,5.41,5.38,4.82,9.49,9.9,74.306
7.26,9.89,6.22,2.27,3.71,7.97,0.72,1.77,5.37,5.2,6.08,2.66,171.193
5.77,9.74,6.76,4.7,9.95,3.86,1.89,9.55,2.57,7.95,7.42,1.9,130.371
3.74,0.52,3.56,4.72,9.62,0.01,7.42,4.95,9.26,6.65,9.5,2.54,54.985
0.36,4.12,5.03,1.85,3.26,3.34,4.12,8.72,9.61,5.61,0.94,6.11,51.154
6.41,0.93,8.34,6.02,5.23,7.67,3.48,6.37,4.84,6.18,8.12,7.02,96.084
4.5,7.4,7.76,6.21,9.95,9.18,7.81,6.01,5.17,9.0,8.39,1.14,119.936
2.96,2.42,4.36,1.51,7.7,1.6,2.27,6.14,0.48,7.94,0.81,3.22,98.514
7.98,2.19,0.67,4.59,5.74,0.33,0.08,7.31,6.46,8.31,4.13,8.19,62.355
2.04,6.33,7.29,1.14,9.24,4.95,9.94,3.65,5.78,5.85,6.76,4.32,85.372
6.16,1.95,9.67,4.5,0.57,3.95,7.86,3.46,6.47,8.94,9.33,4.14,66.667
6.01,8.71,7.73,1.38,7.95,0.15,0.39,9.65,9.65,5.14,2.71,2.41,106.611
9.25,2.03,5.72,9.36,2.61,9.01,8.73,0.57,8.82,9.41,0.11,5.52,114.536
3.74,1.52,0.57,2.21,6.73,6.45,6.52,6.2,4.16,5.76,2.32,8.48,63.457
8.82,7.45,1.25,5.13,4.58,2.29,8.6,5.47,2.37,2.54,0.5,7.07,111.186
0.53,2.26,7.25,4.8,6.21,3.37,7.05,6.39,7.32,2.19,8.83,6.26,64.196
7.83,9.91,4.31,5.05,3.47,7.41,6.12,3.57,9.29,2.15,6.61,0.54,134.300
8.03,6.72,4.61,0.43,1.91,8.6,8.39,5.91,9.88,9.68,7.52,1.6,70.498
3.11,9.57,9.86,6.92,3.52,5.98,5.0,7.76,4.61,7.98,7.02,0.32,119.180
2.6,0.97,5.31,6.19,8.77,5.98,1.42,0.23,2.73,1.8,7.22,3.05,181.277
0.7,8.5,3.69,1.81,2.84,6.99,0.87,5.4,1.53,3.75,9.75,3.89,97.380
8.68,2.34,5.7,5.59,7.78,8.75,2.5,3.08,0.86,9.18,5.97,3.73,153.397
5.77,6.52,9.02,6.52,1.82,8.62,6.89,1.03,3.54,9.79,2.78,1.87,147.761
7.8,4.55,2.32,0.28,8.51,9.62,4.13,8.07,9.31,7.04,6.66,2.99,86.597
9.76,4.99,3.93,4.86,4.65,0.49,4.53,3.09,2.23,3.71,1.36,2.32,166.357
6.46,1.24,3.51,0.49,9.53,7.65,0.53,9.86,4.92,5.33,1.83,7.94,94.969
4.21,1.76,2.64,1.47,8.82,5.58,2.07,2.47,5.21,4.55,7.89,5.86,87.273
8.32,1.94,0.27,3.59,5.41,6.57,7.04,7.82,9.36,9.18,5.94,4.33,59.766
9.09,1.21,9.18,1.54,9.23,2.45,2.84,9.57,5.64,6.53,2.32,9.33,90.257
6.67,1.69,6.58,0.34,6.36,5.64,5.54,7.37,7.96,1.5,6.1,4.5,82.742
9.89,0.45,4.0,0.34,0.17,1.81,3.23,4.74,9.04,1.09,6.32,3.3,60.101
9.4,4.33,1.14,0.44,2.3,1.91,3.01,1.04,1.7,1.89,2.52,3.97,138.146
9.58,2.93,9.76,3.11,4.6,7.55,2.97,8.3,7.76,9.24,3.09,8.18,94.917
4.25,1.45,7.09,7.52,5.26,3.0,7.92,2.23,1.39,2.96,9.72,0.02,117.863
3.9,6.2,7.02,3.41,4.94,4.38,7.47,1.31,4.26,4.7,1.45,8.92,106.190
9.63,5.81,9.94,2.68,8.61,7.97,5.54,2.81,4.31,1.65,1.94,1.92,245.680
3.27,9.4,1.48,8.5,1.7,4.57,6.07,9.63,9.95,0.33,9.61,9.34,64.367
9.69,7.05,4.43,8.36,5.36,9.51,0.81,4.39,5.73,1.46,7.04,8.99,156.228
3.18,0.51,7.66,3.62,0.3,9.96,6.64,6.95,5.5,6.74,3.84,8.88,65.447
0.85,0.75,9.59,0.01,9.98,2.01,4.92,0.82,0.59,9.06,8.23,3.5,85.509
1.12,0.15,2.2,3.18,6.73,8.71,9.55,8.4,0.67,7.24,2.6,1.83,72.928
9.91,4.78,8.2,3.64,5.26,6.02,0.6,4.82,9.58,3.36,8.77,3.33,124.130
7.22,3.72,3.13,2.65,1.98,4.27,5.88,8.41,8.08,5.12,6.68,4.41,59.539
3.82,3.98,5.92,0.65,7.46,7.59,6.24,3.1,3.19,8.62,6.63,9.0,79.989
1.49,9.75,0.55,4.8,6.24,0.62,5.98,0.37,6.54,7.29,4.64,1.04,90.681
0.13,1.96,2.14,9.13,9.99,2.82,0.13,7.56,1.63,0.03,8.71,9.41,95.268
2.97,3.01,2.43,6.39,1.1,1.2,9.34,7.14,5.89,4.0,8.07,8.23,40.075
7.82,7.59,9.32,0.88,5.19,9.46,4.63,0.18,1.97,5.69,9.47,2.31,166.021
7.36,0.91,2.94,7.25,8.11,4.86,3.06,9.23,5.19,9.72,9.02,6.93,72.839
5.95,9.25,9.3,7.22,8.18,1.76,9.49,6.3,6.78,6.64,9.9,2.68,99.689
1.49,6.06,5.17,3.34,0.61,7.8,1.95,4.31,8.28,2.36,8.05,2.19,90.162
7.89,7.05,4.72,0.52,3.52,9.38,7.4,3.16,6.61,7.02,2.65,9.73,90.457
0.29,9.62,7.73,2.35,3.8,0.4,5.11,4.54,3.04,7.63,9.44,3.31,73.148
5.66,2.17,3.1,5.26,4.89,5.93,0.06,1.12,8.31,5.61,5.99,3.56,109.574
5.57,0.36,6.48,2.8,8.36,2.62,9.95,0.63,3.46,9.22,3.62,2.63,88.750
3.18,3.69,7.15,3.94,8.57,1.03,6.09,0.41,3.74,4.53,5.69,8.74,94.384
1.05,3.62,1.82,5.69,6.22,8.16,5.06,8.6,4.12,0.76,6.9,1.9,97.147
0.54,3.16,5.83,0.82,1.98,2.84,6.39,0.15,9.89,1.98,0.49,7.62,57.202
9.16,1.69,2.43,2.76,8.5,8.25,4.85,3.3,5.46,1.0,0.95,5.36,156.740
7.02,1.17,9.33,0.43,9.17,0.59,9.35,1.41,7.86,9.4,1.63,7.43,74.730
8.38,1.79,6.62,7.25,9.46,7.31,8.89,7.23,2.45,0.92,3.76,4.89,145.025
0.71,1.68,9.57,5.27,8.18,7.89,7.73,2.37,0.95,2.79,7.64,9.81,106.424
7.04,6.33,4.55,4.37,4.98,2.93,8.58,5.17,4.78,8.0,5.5,6.3,78.789
1.64,3.22,0.89,0.14,3.65,5.59,3.95,4.27,2.18,4.25,0.16,0.71,97.487
0.6,2.93,9.91,0.88,3.68,1.64,3.64,4.99,3.19,3.19,3.27,9.49,70.724
8.32,6.46,8.21,0.01,3.1,6.75,9.4,2.66,3.53,10.0,9.46,7.37,77.440
3.92,5.14,2.21,2.85,5.35,1.45,2.81,2.58,0.27,3.38,8.34,7.66,83.546
6.71,2.47,8.16,8.48,8.94,8.01,9.45,8.42,5.68,0.67,3.72,7.16,121.852
8.42,7.34,0.07,9.44,7.18,9.54,0.93,6.99,4.95,4.3,1.76,4.67,177.924
5.49,4.64,9.12,9.73,7.53,7.58,0.19,0.03,7.45,0.71,6.44,4.9,223.580
7.39,9.4,9.67,8.32,8.65,7.13,2.83,9.4,6.66,3.68,6.74,4.08,151.423
8.33,3.64,7.57,3.55,2.34,1.9,8.07,0.76,4.88,8.55,4.11,1.25,98.950
10.0,4.39,3.34,7.01,6.79,5.51,1.94,9.88,4.79,4.42,8.58,6.08,103.783
6.1,6.23,2.73,2.43,6.03,6.81,8.01,0.26,1.43,5.19,3.28,1.64,153.104
4.54,2.29,3.66,8.62,3.61,3.76,5.72,0.82,9.65,5.3,3.47,9.48,76.887
6.78,9.66,5.02,2.3,1.94,2.24,5.24,0.7,0.89,8.44,7.23,9.7,86.770
4.11,10.0,7.44,8.5,6.83,1.28,7.64,1.27,2.99,0.34,3.56,0.62,232.400
4.21,0.29,5.4,4.83,9.07,3.79,8.17,5.97,5.08,1.97,3.08,9.91,80.720
5.0,2.62,6.38,2.02,5.73,0.87,1.6,2.74,0.64,4.42,0.52,7.85,127.293
7.17,5.41,0.18,4.04,6.96,7.11,6.11,3.31,0.72,8.99,2.48,0.23,141.346
8.54,0.51,6.78,5.54,4.26,8.49,9.11,9.0,5.96,7.63,0.36,1.24,102.462
6.17,6.79,4.82,4.22,2.94,5.85,4.92,5.65,0.95,0.99,3.62,9.73,119.064
3.14,6.05,2.06,4.78,2.29,7.85,2.02,3.1,2.48,2.31,9.35,6.65,101.003
10.0,3.04,5.19,9.5,2.27,3.08,1.12,4.35,7.62,6.69,6.29,2.31,116.561
0.58,6.41,2.25,8.17,0.73,1.84,0.11,9.1,0.58,4.37,4.7,9.79,69.738
6.99,2.55,9.28,0.1,5.1,3.58,3.92,4.63,1.15,1.39,9.96,5.79,102.832
9.53,6.42,7.25,5.58,1.2,2.28,4.33,7.69,4.49,5.89,2.29,2.08,120.508
0.16,3.72,4.01,4.76,0.59,1.43,2.1,7.78,1.88,0.87,5.66,2.53,70.461
1.0,2.22,2.88,6.0,9.38,0.71,1.05,6.84,0.92,9.36,0.61,8.01,82.829
6.02,8.45,7.7,0.45,5.33,3.47,8.11,0.64,1.55,4.78,8.03,3.37,118.656
7.42,3.87,7.31,9.98,5.44,4.2,5.72,4.77,2.49,3.48,1.73,6.31,156.000
5.92,3.65,4.01,0.74,6.58,8.96,5.1,6.2,3.59,9.65,5.23,6.2,83.014
8.52,4.9,8.44,2.07,1.98,1.89,7.98,8.03,4.66,9.76,8.52,9.41,57.486
5.41,2.14,8.24,7.48,7.67,1.76,3.69,5.8,6.1,8.37,8.5,0.97,97.816
8.19,6.89,7.77,2.2,4.64,6.84,1.83,8.16,3.71,1.39,0.7,7.85,154.526
8.88,1.09,7.95,0.33,7.92,2.42,7.91,7.59,9.52,7.7,0.93,0.82,82.942
6.06,3.55,7.46,1.61,2.43,4.23,9.87,9.37,6.76,0.73,1.12,4.74,77.754
3.55,2.6,6.72,6.81,1.14,1.95,7.37,0.49,0.84,7.75,1.68,7.66,88.290
2.66,6.03,2.32,2.97,5.38,8.55,0.84,8.83,9.17,7.9,9.06,4.25,69.688
4.8,0.61,3.82,8.88,0.52,0.16,9.17,2.76,9.58,0.51,5.86,9.52,50.241
6.92,4.41,7.37,8.59,1.42,4.45,2.57,8.03,2.32,2.71,0.27,1.75,187.875
3.67,8.53,9.97,8.58,0.43,4.73,9.11,9.74,1.78,6.25,10.0,6.32,83.125
5.97,4.97,8.58,3.14,6.14,6.62,9.67,4.45,0.71,8.02,6.35,4.06,106.494
0.01,0.17,7.12,1.1,4.17,5.97,2.35,8.93,2.02,8.22,9.76,5.44,50.490
1.18,7.26,3.65,7.74,1.29,0.01,7.85,2.86,7.25,3.87,4.07,7.74,62.812
9.01,9.59,7.87,5.89,2.49,9.93,6.17,4.34,1.23,2.96,2.89,6.88,183.000
0.51,1.17,2.38,9.62,0.72,8.7,3.45,8.97,7.06,8.0,9.45,1.85,59.567
8.89,2.9,2.3,5.61,0.04,4.26,6.78,3.04,6.02,1.05,2.83,5.33,95.808
1.0,7.48,8.53,1.86,9.78,8.31,1.46,6.31,0.29,6.62,3.52,6.13,151.911
8.57,4.75,7.66,3.6,5.97,8.63,3.56,7.72,4.39,6.07,2.44,1.46,152.808
5.82,4.47,2.25,5.89,0.64,5.46,4.82,4.89,9.7,9.21,3.78,0.22,75.199
1.95,4.92,0.72,7.34,6.59,1.13,5.23,5.39,2.27,0.56,9.29,2.75,88.858
2.5,4.0,4.22,3.37,3.18,7.4,2.55,0.54,1.36,5.2,0.09,3.47,186.752
9.17,7.75,4.26,7.3,0.25,1.9,8.44,7.73,5.33,3.49,0.34,1.01,116.287
4.12,6.87,0.26,9.88,9.71,6.46,5.01,3.51,1.04,3.26,6.14,9.24,132.270
2.32,7.31,7.86,9.92,1.29,6.79,6.37,6.0,2.21,0.11,4.43,1.93,168.599
1.63,9.13,1.25,4.31,8.84,9.38,6.47,8.2,4.56,0.26,0.69,6.53,129.315
5.62,2.09,6.02,1.93,9.17,1.35,2.25,7.23,1.07,5.26,9.16,5.26,86.603
6.35,7.0,0.93,7.3,5.1,4.88,3.72,3.2,6.28,4.39,1.3,0.91,159.394
7.66,1.87,8.74,5.44,7.05,1.36,0.16,0.44,0.92,1.41,4.15,8.0,212.997
8.95,4.46,5.42,9.53,5.81,0.67,9.81,8.5,3.03,2.13,7.47,5.62,95.295
7.76,1.03,0.6,1.01,9.55,1.38,0.6,4.77,9.92,3.29,6.31,7.63,65.590
0.6,8.33,8.03,1.13,4.74,0.37,6.07,9.93,5.3,7.84,9.12,1.44,58.438
1.22,1.69,4.34,2.59,3.03,2.04,4.41,0.9,8.09,7.83,3.15,2.17,56.158
7.81,4.1,7.43,10.0,4.78,6.98,4.05,6.71,1.55,7.96,8.45,2.83,130.269
2.82,2.11,9.83,5.72,1.82,8.3,3.93,2.37,1.4,6.34,2.66,4.29,145.784
3.25,8.57,6.87,3.02,5.51,3.42,1.19,1.48,0.98,6.0,0.45,0.44,290.702
4.44,3.9,4.58,8.74,5.6,4.42,3.16,9.3,0.5,5.09,4.36,3.67,121.472
7.59,4.16,2.63,3.75,7.85,3.15,6.02,0.62,4.14,8.25,7.42,1.64,103.702
4.29,1.41,7.02,3.78,3.46,5.45,7.92,8.35,0.61,9.49,2.76,0.86,84.728
4.68,6.1,5.32,7.69,8.06,1.71,7.71,6.22,2.2,9.11,1.63,3.02,112.278
7.72,3.04,5.37,9.13,3.22,8.8,1.96,6.64,8.49,2.18,4.41,5.79,126.502
1.16,8.16,1.41,6.09,1.45,1.64,9.13,9.35,0.67,2.94,8.8,9.31,49.527
3.04,6.8,1.11,4.62,3.48,6.46,7.24,8.93,4.26,8.0,2.12,6.5,68.853
4.44,8.49,8.57,0.13,2.94,1.75,6.4,9.33,5.45,2.4,6.28,2.79,80.613
5.05,6.17,5.93,5.61,4.78,1.95,7.77,7.1,7.31,3.79,1.91,8.31,81.487
6.56,8.83,4.48,8.51,3.02,5.07,1.65,5.08,2.51,8.68,9.57,2.34,122.259
3.84,4.87,3.24,5.78,7.34,2.77,9.4,2.56,6.66,2.16,5.88,3.88,91.159
5.91,2.85,3.3,2.53,4.83,1.51,3.52,8.55,9.87,5.52,5.54,5.72,54.055
6.76,1.94,8.88,2.35,2.81,5.79,5.28,8.33,7.72,3.79,3.94,7.5,78.036
6.86,1.95,5.43,8.2,2.89,5.15,1.86,8.17,5.24,2.51,9.41,2.65,102.145
6.01,5.17,8.16,6.4,0.16,1.86,0.45,0.84,6.87,4.0,4.18,9.09,109.162
9.3,4.69,5.05,3.54,7.01,9.51,2.98,6.49,1.99,4.72,6.77,3.35,148.669
2.24,6.87,8.32,0.19,3.35,0.75,0.4,1.98,1.81,4.36,4.1,7.28,108.981
6.39,5.03,8.75,5.41,7.7,4.7,2.92,4.96,6.6,1.98,5.45,0.48,169.629
1.8,5.51,3.52,8.4,7.21,0.36,5.49,5.43,4.83,3.53,9.67,1.57,87.811
6.94,1.57,9.55,1.45,1.48,6.39,3.47,8.8,0.61,1.42,9.3,3.39,101.445
6.5,7.7,7.0,2.83,7.74,9.16,0.35,3.68,2.22,5.7,6.12,5.25,175.515
7.67,3.84,5.4,9.3,8.27,9.96,8.97,3.62,2.99,5.31,5.48,2.12,155.985
7.55,5.27,7.85,5.06,9.37,7.69,7.58,2.39,1.47,5.97,0.8,8.54,159.963
1.08,8.3,4.96,9.08,0.85,8.05,5.81,4.95,6.78,5.17,8.75,9.68,78.561
6.23,4.34,7.35,1.69,6.44,9.14,5.96,4.16,3.64,1.68,2.82,0.96,183.091
2.34,0.54,1.87,7.84,2.39,9.4,4.91,4.5,4.32,8.28,8.09,2.78,74.148
2.71,8.48,9.43,0.27,3.32,8.98,8.51,4.46,3.59,8.1,4.34,1.46,108.963
3.96,2.66,2.92,3.84,7.43,3.55,3.94,5.38,5.17,7.81,6.53,3.4,75.582
0.81,0.76,9.32,8.19,3.98,1.28,2.83,2.36,0.76,7.7,0.94,0.68,159.398
6.3,8.12,1.23,4.88,4.65,5.98,4.36,7.41,8.44,3.87,4.97,9.67,80.475
5.55,9.11,8.77,8.01,0.18,3.28,0.49,7.69,7.84,2.38,9.24,6.31,102.798
8.67,4.55,3.32,7.22,7.94,0.11,8.66,8.5,4.46,3.68,8.24,2.02,89.454
0.91,6.67,7.91,9.63,8.89,4.84,9.39,3.29,4.52,7.95,6.61,1.75,115.936
6.67,2.25,0.09,8.39,8.23,3.08,4.14,4.2,7.44,8.93,6.8,2.58,84.218
1.54,4.11,4.91,1.85,3.43,8.2,3.43,7.48,7.13,2.62,9.03,5.19,68.922
2.84,5.27,4.47,4.39,9.74,7.03,0.43,2.36,9.91,2.78,2.49,4.52,150.022
9.83,6.1,4.97,6.9,6.94,5.91,1.61,9.64,7.47,7.26,5.73,5.75,108.516
0.37,5.58,1.1,10.0,6.03,2.59,2.58,9.78,3.57,5.51,2.11,4.4,91.843
8.16,1.56,0.26,2.01,0.86,7.35,2.47,8.76,3.5,3.76,9.86,6.91,57.289
9.77,5.48,8.66,7.71,3.47,3.35,9.92,8.6,0.84,5.82,8.04,8.8,91.480
0.28,7.95,7.03,7.62,5.6,0.17,0.56,2.03,1.78,4.8,4.24,2.04,185.437
9.4,8.13,8.17,1.79,6.84,0.37,2.37,9.77,4.39,6.51,1.22,4.66,119.986
3.34,0.13,3.48,8.49,6.33,4.35,3.51,8.63,9.86,3.43,1.26,5.56,80.992
7.28,4.71,9.17,3.93,3.25,3.97,6.74,3.48,8.21,8.22,9.09,3.14,83.102
1.56,4.38,5.34,9.58,8.0,2.34,1.88,2.3,5.34,3.37,0.07,6.91,157.021
8.42,1.88,7.68,4.04,0.48,7.32,0.32,5.28,2.05,9.35,3.94,6.66,108.043
1.08,6.5,7.41,4.83,0.99,6.14,5.06,2.27,3.91,3.88,1.31,7.44,112.903
2.14,8.71,5.99,3.19,5.5,6.87,1.68,8.68,4.23,5.1,5.63,2.97,114.528
5.21,3.35,2.77,0.75,7.92,7.73,6.55,3.9,5.96,4.18,8.8,4.22,82.505
0.99,2.95,0.42,8.1,3.32,0.46,6.09,2.69,1.79,5.1,7.54,2.17,63.987
5.29,9.86,1.28,8.58,1.34,2.31,1.54,6.65,8.0,7.77,4.4,2.32,93.416
0.89,5.35,8.2,9.74,5.74,3.75,2.58,0.45,2.34,8.66,4.73,7.33,129.053
3.93,4.3,2.79,6.25,3.72,8.48,4.77,0.27,0.66,6.84,5.61,9.74,105.665
8.5,2.48,9.17,4.1,7.86,2.52,5.84,5.48,3.02,0.9,7.59,2.58,136.285
2.85,4.04,6.39,0.96,9.23,7.21,9.28,4.66,6.19,9.4,3.79,3.39,83.574
6.58,1.89,3.49,1.53,5.24,4.14,6.18,4.33,4.38,0.88,9.73,8.32,67.623
6.44,1.04,2.86,7.52,0.1,7.11,4.32,3.92,4.84,2.81,7.38,8.66,78.516
0.98,2.53,7.01,6.11,3.31,8.83,7.14,8.96,1.22,6.3,6.39,6.26,79.322
0.81,1.35,4.14,9.68,0.77,6.51,7.88,3.93,3.61,3.77,7.75,9.3,64.183
2.63,6.91,4.38,2.31,1.51,9.92,0.18,1.33,9.81,5.73,1.13,4.1,124.147
7.14,7.32,7.29,9.49,7.32,6.63,3.6,0.71,5.8,2.8,8.5,8.22,152.514
1.26,2.29,6.33,3.71,4.84,5.76,5.36,1.07,6.02,7.52,2.96,4.21,89.130
8.47,6.85,1.41,2.57,9.4,4.74,8.39,3.26,7.93,3.21,2.14,4.26,114.560
7.87,3.94,4.97,6.69,8.8,8.67,6.82,7.49,0.67,2.7,1.12,1.46,202.073
7.76,5.74,4.66,0.71,4.98,4.89,2.86,1.42,7.72,8.87,6.16,2.81,96.314
0.97,9.28,4.33,7.91,7.14,9.43,1.74,2.35,6.28,2.42,7.99,1.15,178.112
2.81,2.44,1.35,6.24,6.59,0.85,8.58,1.55,3.25,9.82,7.61,3.85,58.511
3.51,4.74,6.5,3.07,0.6,9.99,5.76,8.54,8.05,7.67,8.09,6.74,63.344
1.07,8.02,3.67,3.62,4.0,2.41,8.24,8.84,6.9,3.54,0.19,4.19,71.442
2.81,3.71,5.43,6.03,2.95,4.55,2.82,4.49,1.47,1.23,7.31,1.93,132.364
9.83,5.69,5.78,1.52,8.76,0.48,9.73,8.54,6.26,7.21,1.21,2.28,91.002
5.08,0.8,7.02,9.74,2.87,2.29,2.4,1.55,2.54,1.58,0.42,6.52,185.210
3.81,1.9,3.73,5.57,0.1,5.52,8.88,4.78,1.72,7.49,9.67,9.36,49.236
8.48,3.91,6.11,8.1,6.66,3.89,0.62,5.0,0.68,5.07,3.3,6.37,176.568
7.77,0.47,0.53,6.54,4.79,2.78,1.95,9.53,3.84,3.68,4.63,9.05,70.012
5.32,8.36,5.26,7.96,0.77,0.82,8.99,5.27,7.69,1.59,9.63,6.34,72.108
4.48,4.8,1.68,8.02,6.81,3.88,6.2,0.51,9.44,0.63,8.63,2.22,107.383
8.9,8.2,7.71,7.0,6.77,8.75,2.71,1.69,3.7,6.24,3.94,1.07,244.599
4.07,3.05,3.05,0.93,2.93,6.76,4.14,4.22,8.04,9.79,1.7,2.28,68.910
1.6,1.67,4.93,5.33,3.48,4.27,3.75,3.96,4.34,4.9,3.22,5.87,81.720
9.4,0.04,2.58,1.88,9.55,4.06,7.79,3.93,4.66,0.09,8.57,0.73,106.752
0.06,1.16,5.78,3.45,6.44,2.51,0.02,9.44,7.46,2.21,8.15,8.89,53.636
5.88,0.41,2.31,5.82,2.66,5.9,7.16,4.88,8.35,7.12,3.32,0.7,72.883
6.99,5.08,2.09,5.77,9.88,8.15,3.53,5.31,9.14,5.15,5.45,1.28,127.127
5.11,0.9,2.33,6.73,1.12,6.07,8.27,5.03,7.56,6.78,6.01,2.6,61.407
9.04,5.33,1.78,6.17,9.14,0.13,1.38,6.64,3.69,5.51,9.03,9.41,88.587
2.57,0.09,7.71,0.13,3.7,7.21,1.13,1.66,1.82,6.54,9.61,9.69,70.312
5.55,1.64,0.79,4.69,7.79,4.66,9.0,7.84,2.68,6.54,8.17,0.34,72.664
9.82,7.24,1.5,0.09,6.12,6.26,5.03,4.61,2.41,3.4,0.41,1.24,181.462
2.47,6.2,8.17,7.75,8.92,6.39,1.92,9.97,7.46,2.54,7.39,7.27,109.166
4.41,1.45,5.46,2.9,7.9,3.37,7.18,8.63,2.29,5.82,3.8,5.24,77.336
0.66,9.71,0.41,6.62,5.85,5.27,5.84,2.53,3.34,5.98,1.13,2.58,133.271
9.11,9.68,9.29,7.86,7.12,2.52,1.76,6.67,6.99,9.82,6.31,8.52,113.751
6.13,5.06,9.04,3.41,8.58,8.38,9.77,6.76,1.72,2.73,9.46,0.75,130.170
2.66,1.67,2.41,9.17,8.54,4.51,9.5,9.72,7.35,2.86,4.59,8.81,67.616
1.39,5.99,1.79,1.27,0.56,5.12,1.18,1.73,9.31,2.36,9.21,8.07,50.596
5.85,9.49,2.05,4.91,7.05,1.62,1.59,5.83,8.31,7.87,7.42,7.08,81.286
5.72,0.14,9.82,4.49,2.43,5.11,8.93,7.81,0.08,7.94,6.69,4.0,78.166
4.34,3.67,7.27,3.37,7.96,6.07,3.85,1.93,2.36,0.9,8.08,4.46,151.437
8.99,4.88,8.65,4.85,1.38,4.26,5.73,8.02,1.95,9.42,5.53,3.89,95.570
0.53,4.2,6.72,0.53,9.11,4.57,8.84,1.1,3.24,3.69,3.98,0.44,120.526
7.47,1.45,5.87,7.13,1.38,3.63,4.47,4.14,6.18,8.11,5.37,8.11,74.024
7.28,2.48,3.22,9.17,2.97,0.25,2.69,2.27,4.05,8.03,1.46,3.38,115.951
7.18,7.96,4.47,0.59,1.63,4.08,5.64,6.73,1.77,8.93,7.8,0.77,81.890
1.62,2.53,0.58,4.77,2.7,8.87,8.33,1.45,0.53,6.49,2.45,1.41,101.985
0.18,2.6,6.88,2.14,8.45,0.12,0.46,4.4,1.41,0.96,1.92,3.21,164.806
1.23,4.43,4.64,1.2,9.89,2.72,9.73,0.6,2.6,8.39,3.45,7.66,74.345
1.41,9.17,1.33,6.51,0.42,3.74,1.56,3.51,5.37,4.53,1.37,1.32,127.860
6.64,6.61,1.77,1.32,1.62,8.29,3.89,4.43,2.55,2.6,5.87,2.33,121.135
6.9,1.95,7.17,8.58,2.93,3.05,7.74,8.28,6.08,9.29,8.65,9.53,61.691
9.16,5.37,2.65,1.31,1.42,8.67,1.17,2.09,5.58,6.02,8.37,7.2,93.920
0.28,7.45,5.37,2.74,6.0,8.86,1.24,0.29,1.17,2.57,9.95,3.92,160.397
6.21,3.91,5.4,7.46,7.84,6.74,7.42,3.4,1.01,6.53,4.95,6.24,127.107
8.48,7.96,5.63,5.19,3.34,4.99,3.42,9.36,9.56,2.34,0.25,8.92,105.140
7.16,5.56,6.35,9.06,4.19,5.29,1.95,7.08,4.15,8.5,4.41,4.61,122.508
9.37,6.5,1.59,3.62,3.73,6.86,0.5,7.08,9.11,2.82,2.29,0.43,142.465
4.92,1.94,7.82,0.91,5.94,4.39,7.17,0.38,8.17,8.78,6.2,5.65,71.307
9.33,2.84,9.09,0.53,6.05,6.81,0.99,3.61,3.37,9.23,2.78,5.88,133.991
0.35,0.52,7.73,6.78,4.49,3.71,9.71,3.46,2.77,3.94,6.0,3.85,79.314
8.24,0.59,9.32,6.85,6.13,6.6,6.83,8.31,9.68,3.52,2.66,8.94,94.467
1.85,0.7,4.24,3.67,8.01,3.5,7.49,0.23,8.57,0.27,0.27,0.32,128.105
2.29,1.11,5.13,5.13,6.09,0.72,5.68,7.92,3.95,2.4,0.68,6.85,74.491
9.2,1.17,3.63,6.87,0.45,2.93,6.71,0.83,9.11,2.63,5.7,1.71,90.858
5.79,3.51,1.12,5.97,9.55,7.88,1.52,3.63,7.95,9.15,8.03,2.14,104.318
1.39,7.2,3.95,4.29,9.15,4.73,0.24,9.6,1.67,0.02,9.61,0.76,140.228
6.77,7.23,1.42,6.63,7.12,6.53,7.36,1.67,4.24,4.29,5.41,2.69,139.127
2.45,3.14,1.25,9.69,8.73,2.16,9.51,4.64,3.9,8.07,7.29,5.0,71.388
8.03,1.01,7.43,2.41,9.31,3.5,2.15,8.1,5.83,9.87,1.26,9.37,86.632
3.01,3.87,4.78,0.82,1.2,3.96,6.21,9.27,2.89,9.94,3.78,5.76,46.605
1.55,6.75,5.44,2.37,1.53,4.15,7.86,3.26,7.51,5.88,1.58,0.55,81.794
7.63,0.06,3.65,6.98,8.35,9.61,6.88,8.36,2.34,6.16,7.86,7.63,92.480
2.75,8.38,4.79,4.41,1.37,9.55,3.61,1.12,7.8,2.53,6.6,6.29,111.807
9.36,5.57,2.86,8.39,4.86,3.18,9.87,0.03,1.39,1.46,1.17,3.77,193.443
1.14,1.5,7.13,9.65,5.54,6.31,7.55,0.55,0.83,3.41,8.55,7.18,111.400
1.73,2.27,2.96,0.95,9.35,3.41,3.6,8.64,5.68,5.92,0.8,7.62,64.073
6.92,7.96,0.63,0.16,5.17,2.27,2.36,2.2,7.27,8.81,3.33,9.09,69.903
3.03,9.41,5.98,1.98,7.69,5.86,8.09,8.4,7.9,4.07,8.25,9.35,73.708
1.94,8.3,8.33,8.42,1.18,6.9,1.2,2.0,2.22,6.84,9.22,2.69,145.097
5.04,5.17,5.35,1.57,6.67,0.53,8.2,2.84,5.34,5.62,4.89,5.52,75.069
9.88,1.55,8.77,6.17,8.06,3.38,3.59,3.72,8.03,8.6,0.31,5.19,128.431
0.4,7.37,0.91,7.21,1.32,5.25,4.65,6.25,1.17,3.88,6.98,9.83,68.559
3.48,7.84,4.43,6.05,0.64,3.45,2.2,2.96,2.21,8.36,3.48,1.43,125.436
0.68,3.28,4.13,6.68,6.28,1.97,0.44,7.57,5.71,8.33,3.34,1.2,86.574
1.94,0.47,1.75,5.19,3.59,3.02,0.4,1.68,1.68,3.84,8.1,3.89,81.470
1.87,5.15,5.06,9.19,7.05,7.08,8.2,1.23,9.08,1.19,1.74,6.42,127.064
7.65,9.66,0.88,7.8,1.11,1.47,8.5,8.36,4.74,5.22,4.3,4.18,80.935
0.64,7.37,3.06,4.14,9.42,0.1,1.65,7.05,9.06,5.24,6.67,5.0,71.330
1.16,5.38,1.49,9.87,3.37,1.63,9.56,8.1,8.5,7.0,5.53,9.62,47.402
2.59,6.31,2.3,6.15,9.14,9.76,4.58,5.63,9.02,3.22,4.74,5.58,110.619
9.68,3.22,1.45,4.69,4.84,6.41,3.34,2.14,7.07,7.54,7.61,5.43,91.428
6.12,4.76,4.64,1.0,8.25,8.64,8.25,7.99,5.97,5.61,4.27,5.74,88.316
5.4,6.7,7.43,3.24,3.75,5.73,4.14,5.62,6.54,8.37,6.77,1.75,97.168
0.91,6.24,1.03,9.26,6.85,5.72,8.33,0.41,9.92,7.69,7.42,9.02,70.133
5.91,0.85,4.69,9.18,8.26,1.24,7.64,8.54,7.4,9.83,6.21,5.84,66.278
8.36,6.15,6.65,8.6,3.42,4.48,2.45,1.19,1.77,0.11,9.52,6.95,171.260
3.44,3.89,4.65,8.46,5.11,3.85,3.1,3.17,1.45,9.78,0.85,8.34,110.154
1.91,1.08,8.29,5.99,5.74,3.16,3.52,7.5,6.15,3.84,4.38,2.93,92.408
8.3,8.34,7.01,5.2,5.67,9.14,0.67,9.37,7.23,8.28,9.65,4.35,110.392
0.69,6.39,0.98,9.5,0.01,4.47,1.55,5.53,7.97,9.45,0.94,6.69,68.596
4.76,5.4,3.83,4.51,7.44,0.31,5.29,4.43,3.98,1.91,0.51,5.33,122.378
3.23,5.02,5.88,4.3,2.61,5.84,2.8,6.87,0.88,5.3,2.46,5.15,114.578
7.12,1.07,7.89,0.79,6.99,3.72,2.44,5.63,9.77,1.48,1.94,1.2,122.796
1.46,3.47,5.9,1.79,9.58,1.39,5.98,8.21,4.42,1.99,9.96,8.03,61.130
1.48,7.49,5.64,5.85,6.52,0.16,6.61,7.12,8.29,1.66,9.86,5.8,68.988
5.93,7.86,2.77,6.52,4.59,0.44,5.08,9.18,3.42,2.68,8.03,3.65,87.734
0.05,9.0,3.24,2.57,9.67,3.05,8.05,3.31,6.62,5.38,8.05,1.03,85.018
2.49,1.51,6.65,4.17,1.7,7.95,8.53,9.13,7.11,1.34,9.88,7.32,56.500
0.03,5.84,2.72,8.64,8.02,8.84,1.34,4.78,6.18,5.04,7.1,3.5,122.011
5.98,6.26,1.8,3.31,1.16,7.12,6.23,0.02,9.53,1.11,5.47,4.76,94.506
0.92,2.06,8.26,3.31,3.03,1.55,2.58,2.49,6.49,2.23,9.1,1.17,79.510
3.92,4.65,2.25,0.07,0.43,9.27,6.41,5.03,5.12,0.6,8.81,1.93,73.799
5.54,2.28,6.13,7.64,5.03,1.26,1.33,1.26,7.54,6.47,0.05,5.51,125.812
9.28,1.44,0.94,7.35,6.09,0.23,7.04,6.21,8.65,7.4,5.51,1.82,69.151
0.47,5.61,2.03,0.8,6.8,2.73,7.63,3.89,7.57,0.02,8.28,2.41,61.879
0.08,3.42,0.3,0.56,3.94,2.84,6.2,4.63,6.67,5.84,0.02,5.35,38.802
8.24,6.67,7.44,2.87,2.96,0.9,6.06,9.0,4.99,7.63,1.92,6.43,80.711
8.83,0.07,6.47,5.54,7.4,2.0,8.23,6.39,8.24,2.8,2.67,1.66,101.067
1.23,6.54,1.61,3.11,9.77,7.57,8.63,3.99,2.86,5.17,4.57,9.0,87.171
0.24,3.2,0.96,0.89,3.79,4.13,3.12,2.42,4.69,8.89,1.83,6.73,47.724
7.3,9.67,4.34,0.19,3.68,3.45,5.81,9.98,2.87,4.83,8.39,7.88,72.007
5.52,2.48,8.67,4.66,9.4,5.89,9.77,0.05,0.09,1.98,7.77,2.15,167.905
8.57,4.91,2.8,9.34,8.42,8.65,3.82,3.57,9.26,2.82,9.34,5.51,124.388
2.65,7.1,6.9,0.7,9.75,9.71,2.82,1.73,0.9,5.18,1.45,8.12,182.228
3.82,2.12,1.63,7.91,9.97,5.07,2.24,6.97,5.52,1.12,0.3,2.04,167.784
7.09,3.6,5.5,5.94,7.82,6.93,1.55,2.78,5.29,1.56,4.31,5.66,174.374
7.91,3.61,7.87,1.3,1.33,4.7,5.17,0.82,2.33,4.61,4.8,6.0,112.600
9.05,1.77,0.33,9.82,8.45,3.0,1.39,4.78,9.81,1.59,4.16,2.06,136.276
0.42,2.01,8.61,1.52,3.75,0.97,1.3,5.52,2.29,4.53,1.93,0.85,105.238
4.85,3.03,5.67,0.35,4.36,8.96,4.27,2.6,8.22,10.0,2.12,4.02,87.160
2.59,4.82,3.8,6.33,7.38,8.96,1.8,9.95,9.65,9.28,8.86,5.6,75.055
5.93,6.76,9.37,3.88,9.88,7.84,1.59,7.12,1.94,4.75,2.79,9.78,156.096
5.63,7.55,3.24,5.96,0.24,7.3,5.05,8.73,4.14,5.07,4.62,3.86,95.075
8.11,6.17,9.74,7.02,6.27,0.59,3.32,0.3,9.48,6.39,6.41,4.33,125.372
6.86,3.08,1.29,9.31,2.29,9.95,7.14,7.65,6.58,0.14,2.44,7.76,103.374
9.38,3.48,5.98,5.04,6.64,6.46,7.22,1.52,3.76,2.48,7.07,6.8,128.180
2.21,6.11,3.17,7.71,6.94,4.77,2.09,5.14,0.5,5.96,0.94,7.07,142.442
8.51,8.62,6.38,1.91,8.22,7.07,8.97,9.15,8.45,7.59,9.29,1.07,91.442
4.29,0.43,4.92,5.14,3.43,6.48,2.42,8.62,9.63,9.53,0.42,6.27,66.929
3.76,8.32,3.99,9.56,4.43,2.07,8.19,7.88,5.81,1.09,1.67,8.01,98.407
4.54,3.34,2.28,2.6,2.94,6.59,3.35,6.89,8.02,9.28,0.61,5.52,66.201
3.2,1.27,5.84,2.38,8.79,2.68,8.28,1.93,8.0,1.65,5.07,10.0,69.167
2.75,0.61,9.3,9.46,1.09,2.36,0.22,1.85,6.66,1.9,8.11,2.28,121.646
6.39,1.26,3.79,3.06,2.05,1.39,9.96,0.63,1.36,0.64,6.78,0.19,91.718
3.03,3.78,4.08,2.98,8.0,5.92,3.02,9.37,6.19,1.69,3.6,5.41,94.911
0.24,9.4,8.81,6.44,9.62,7.75,0.82,7.0,6.72,4.71,7.75,0.85,151.741
4.49,4.34,2.92,2.24,3.42,2.69,4.76,3.58,2.52,3.55,5.52,7.03,74.555
5.47,9.6,8.9,4.49,2.96,7.37,1.28,8.87,9.01,7.49,8.81,4.02,98.252
2.2,5.81,8.96,4.49,3.57,1.6,7.53,9.0,2.45,0.78,9.09,6.83,74.636
5.53,4.25,7.13,2.08,7.56,4.73,7.63,1.54,4.72,6.74,8.27,3.43,96.752
0.28,9.09,9.57,1.72,2.73,1.41,8.82,3.63,5.13,2.91,5.66,1.93,88.319
6.42,4.97,6.16,6.03,1.69,7.15,2.3,0.18,1.24,7.03,2.33,8.75,148.511
9.61,6.45,7.14,6.71,5.84,7.1,1.54,8.1,2.58,9.31,9.73,3.11,124.673
4.72,8.0,7.99,7.25,9.91,9.65,3.76,2.26,4.18,5.06,0.95,0.37,286.610
4.78,2.62,7.58,9.22,2.37,7.89,9.48,0.38,2.07,6.1,9.95,8.01,95.749
3.5,1.04,2.66,1.99,6.89,6.89,9.24,0.48,1.12,3.66,8.35,9.18,71.714
8.44,4.14,0.68,8.52,3.42,1.27,3.13,2.86,8.55,7.8,1.41,7.16,85.636
6.23,1.97,4.65,6.67,1.36,6.86,6.62,4.89,5.4,7.67,9.72,5.34,69.980
8.92,1.97,0.56,0.75,6.05,6.12,7.72,7.61,5.81,0.06,6.25,3.64,78.385
7.64,3.25,1.35,9.07,8.87,0.54,6.1,2.99,8.8,5.78,1.25,3.79,107.001
7.18,4.93,4.65,3.5,6.14,3.81,5.58,0.95,6.51,5.38,4.01,6.72,103.636
1.99,2.72,6.3,7.09,9.34,8.53,6.62,9.65,3.59,4.71,3.57,5.03,108.441
1.5,8.19,8.84,1.38,8.32,6.73,6.2,0.79,6.9,7.24,1.68,0.39,150.690
4.81,9.84,9.62,3.74,1.02,9.82,7.34,1.45,6.08,5.79,4.62,0.53,150.523
1.02,2.12,3.29,3.49,6.31,8.88,8.96,5.58,9.96,1.17,9.58,4.83,62.650
9.5,9.8,9.11,7.14,4.85,1.18,9.56,1.49,3.88,5.02,9.35,8.73,109.335
0.31,9.04,3.11,5.02,0.95,8.35,3.78,3.13,8.61,1.05,4.02,2.17,117.663
8.76,8.38,0.17,3.54,9.51,8.94,9.41,7.67,6.14,2.93,2.81,1.21,130.262
0.72,5.64,1.67,1.61,2.34,3.38,2.01,8.01,3.63,5.57,7.17,0.23,57.701
1.2,2.19,3.06,7.73,9.36,5.38,0.13,1.94,4.19,6.86,8.76,8.58,94.944
2.44,6.37,7.04,6.2,2.51,5.53,7.2,3.18,9.3,2.77,1.55,1.65,117.310
9.92,8.65,1.36,2.7,9.86,8.5,5.67,0.46,1.86,9.92,0.79,5.0,172.954
3.4,3.04,4.77,6.8,8.51,4.87,6.26,3.74,0.24,6.45,9.21,8.1,92.324
1.96,9.24,0.9,2.39,5.05,3.12,3.48,0.05,5.38,5.82,4.33,9.25,80.042
3.93,8.17,3.02,7.28,8.01,7.59,1.36,1.99,1.85,2.16,8.01,8.55,158.863
3.22,9.4,9.3,2.98,5.4,2.01,5.97,3.73,6.55,1.17,9.0,8.87,91.556
1.19,9.38,5.95,6.69,6.7,8.41,6.82,1.44,6.94,7.24,3.59,2.41,134.740
4.92,4.93,3.21,5.53,5.92,0.55,9.88,1.42,2.96,4.88,6.74,2.95,86.923
0.71,2.58,6.66,3.17,4.21,0.9,3.87,7.06,4.48,0.22,4.31,3.29,78.476
6.97,4.16,9.79,5.94,4.64,8.52,7.18,5.46,1.44,7.31,3.3,4.47,137.243
1.3,8.96,9.58,2.93,3.4,3.55,3.32,7.99,8.66,3.27,3.17,9.86,81.941
8.71,3.62,0.17,6.62,0.99,6.89,8.5,3.22,7.38,4.67,5.13,3.45,83.462
8.06,4.53,3.98,5.1,0.05,2.27,9.02,1.07,7.14,6.93,9.32,4.15,63.752
0.14,4.55,8.94,3.07,6.75,4.53,5.62,7.52,9.43,1.55,2.17,6.49,85.357
7.91,2.61,4.61,3.05,5.51,5.65,5.79,4.99,1.23,3.36,7.46,5.53,103.456
1.05,6.71,4.86,6.71,0.08,2.17,4.66,9.51,1.58,1.33,7.92,3.18,76.579
0.31,9.78,9.58,4.78,0.49,0.04,5.6,5.89,0.07,0.69,8.72,9.01,83.322
5.26,0.63,1.34,4.66,5.99,7.44,2.02,5.93,0.03,5.84,0.52,8.02,113.238
9.25,7.23,0.9,1.96,5.42,7.48,9.04,8.09,9.54,0.37,9.16,0.07,88.889
5.74,0.88,6.12,9.52,1.55,3.61,4.61,5.9,7.32,8.4,6.52,3.17,76.336
7.85,9.97,2.9,8.84,0.53,5.83,0.95,0.81,8.1,9.74,8.62,5.29,107.192
5.21,7.59,6.55,0.95,6.89,4.29,8.78,2.97,6.81,3.54,8.7,8.92,79.255
2.81,9.39,0.36,8.93,0.39,6.7,6.15,9.69,2.71,7.12,1.99,7.16,82.079
6.34,6.56,6.78,0.8,9.97,8.34,3.11,7.91,4.27,2.87,4.13,4.51,144.739
1.69,7.52,2.07,7.11,3.22,5.23,9.04,8.9,9.48,9.75,9.22,8.2,49.167
5.56,3.85,3.66,1.18,7.53,7.23,2.4,9.7,2.77,5.72,1.94,9.42,90.798
7.24,3.42,7.05,2.85,9.58,3.14,0.13,2.16,1.14,4.25,1.48,1.38,315.750
7.95,7.35,1.49,0.99,1.94,2.14,7.52,3.5,5.24,5.79,2.13,0.95,86.988
6.38,4.73,8.64,7.23,3.29,8.1,4.93,2.44,6.8,2.23,6.46,0.46,164.537
0.98,5.74,0.04,5.8,4.31,9.97,4.76,0.37,9.46,1.02,6.1,2.81,109.462
8.91,5.98,3.0,0.82,8.18,1.75,5.45,7.04,1.25,6.11,1.7,5.12,107.387
9.83,6.09,6.57,0.33,8.6,8.78,0.65,7.97,1.55,6.85,3.84,4.18,160.543
3.4,4.29,4.62,7.11,2.19,0.77,7.99,2.57,6.63,6.53,2.42,9.38,63.007
5.91,8.45,8.37,1.84,6.57,1.49,9.95,8.01,0.19,8.11,6.54,8.84,78.362
3.29,8.49,0.52,9.39,4.92,9.94,9.7,1.57,3.43,4.83,7.96,3.53,117.827
1.76,1.1,7.75,9.36,1.63,7.15,2.03,9.57,3.16,8.57,1.93,9.25,83.309
3.59,5.14,3.74,6.25,5.44,8.7,7.23,5.75,5.42,3.55,1.11,2.85,126.824
2.63,2.23,4.23,0.46,8.13,0.62,4.72,2.8,8.47,1.28,3.56,6.37,67.279
7.63,6.19,6.31,3.97,6.71,0.58,6.97,9.97,5.19,3.18,8.06,3.45,85.253
0.44,5.6,6.9,9.86,2.41,7.64,5.99,1.32,1.88,1.89,4.13,8.64,137.736
7.23,7.91,3.74,1.89,8.63,9.91,4.12,2.84,0.67,0.21,2.36,9.53,199.240
0.58,0.92,6.89,4.49,7.48,3.41,3.4,8.0,3.57,4.24,1.94,1.63,104.346
3.1,2.52,7.25,6.43,8.27,7.71,5.63,6.82,5.29,5.91,2.32,2.42,124.269
5.68,2.24,4.72,6.82,7.63,9.8,3.58,5.77,2.13,3.21,4.71,5.32,149.231
7.44,7.56,3.38,4.55,0.84,3.97,1.02,6.53,4.11,5.21,7.61,9.87,80.757
3.67,7.44,0.61,7.81,4.91,8.86,3.19,3.16,2.75,2.81,9.96,7.4,113.768
0.41,4.34,6.48,8.9,3.33,8.03,8.04,0.54,1.31,5.44,5.72,5.95,116.630
2.34,8.06,3.86,2.7,8.71,2.62,1.28,6.46,5.91,8.99,1.51,3.39,102.723
2.11,0.67,1.17,8.24,1.08,5.86,0.85,6.62,0.23,9.75,5.39,4.52,69.920
3.44,6.51,7.76,0.32,3.62,1.08,8.54,4.19,0.18,2.15,4.75,4.56,93.270
8.64,4.25,5.95,2.47,7.69,2.48,3.08,9.12,5.26,1.85,8.67,4.81,96.005
0.77,9.29,8.49,6.14,4.58,9.88,4.6,7.08,1.95,5.4,0.91,4.74,158.630
8.79,5.01,2.12,3.9,0.72,1.04,6.64,7.67,3.66,2.97,7.26,1.26,73.252
8.69,6.19,9.77,7.36,1.3,4.08,6.54,5.37,8.54,0.44,2.12,2.24,148.079
4.2,7.37,2.2,0.73,0.37,0.06,8.0,2.14,6.71,5.99,5.58,1.42,50.034
7.25,9.84,3.07,1.76,3.1,8.37,1.63,7.91,6.17,1.6,5.6,7.2,110.893
1.68,3.89,1.05,5.18,1.01,7.21,5.73,0.98,4.07,5.74,1.15,9.63,73.333
1.05,2.2,1.65,9.84,0.43,1.3,9.08,0.58,2.52,2.63,9.81,1.96,61.964
3.04,6.8,0.72,9.88,7.53,5.19,3.76,2.72,9.17,3.03,4.16,8.47,105.909
0.39,2.35,3.99,6.74,5.45,5.35,7.79,8.28,4.83,5.74,5.73,6.52,62.407
6.04,7.32,8.61,1.85,3.91,2.72,3.28,6.01,9.55,6.83,5.26,8.0,78.217
1.85,3.43,7.56,7.04,7.33,5.93,9.71,9.59,7.44,2.15,5.99,9.28,75.045
3.82,6.52,1.26,9.55,1.04,8.53,1.67,0.55,9.69,1.4,6.17,4.71,126.995
4.19,2.6,5.46,8.18,6.81,2.31,9.28,6.27,0.81,4.0,2.11,2.35,119.057
6.35,2.28,7.85,9.65,1.0,9.01,5.37,7.48,7.91,6.1,8.02,5.42,89.677
8.49,2.69,0.55,6.02,2.36,7.61,2.58,6.48,8.02,5.82,0.48,9.52,84.255
7.58,6.4,1.02,0.2,0.04,0.41,9.06,8.05,8.48,8.43,8.15,0.99,36.260
7.61,3.17,8.56,0.1,6.15,1.31,4.01,0.08,8.92,2.76,6.71,3.88,102.049
1.21,1.03,8.75,1.32,9.05,3.91,3.86,5.39,9.25,3.8,3.3,8.44,74.236
2.87,4.62,9.43,2.29,0.2,6.54,6.32,1.87,8.56,3.92,5.94,2.31,89.730
0.6,3.73,9.25,2.87,9.74,3.58,7.37,2.79,4.56,8.37,7.53,3.91,86.215
8.77,9.08,3.51,5.29,0.39,3.78,7.17,3.92,6.95,1.78,9.09,1.31,101.985
9.18,1.78,0.89,4.26,1.54,7.21,5.68,2.31,8.85,3.87,3.08,0.67,101.635
4.07,6.6,3.84,1.92,9.84,2.59,8.88,8.24,8.54,7.43,7.76,7.39,59.826
6.74,3.53,3.4,3.64,0.54,1.14,5.54,9.67,7.17,9.18,3.79,3.42,48.981
8.71,1.03,3.49,7.64,7.26,7.56,5.06,0.53,8.98,8.48,7.33,7.18,95.021
6.43,4.69,9.4,7.26,9.81,8.64,4.4,9.58,3.66,5.77,3.96,9.73,124.609
0.33,6.01,6.23,2.52,0.97,7.02,8.44,3.14,1.73,3.47,1.49,2.37,111.822
5.06,0.61,1.83,7.17,7.73,6.68,7.03,5.31,1.68,9.22,3.02,5.93,90.339
1.79,6.01,6.08,3.4,1.75,8.71,3.2,9.93,6.86,9.93,5.45,7.34,64.950
1.58,7.57,5.39,8.85,0.61,6.92,6.18,3.84,6.95,2.81,6.03,2.83,107.961
5.4,9.46,0.88,5.15,1.45,0.91,0.75,9.58,5.87,4.06,8.18,5.9,67.705
0.03,0.59,2.6,4.11,6.75,5.96,9.53,7.17,2.82,1.09,5.94,4.45,64.645
9.3,2.91,7.06,1.82,3.63,7.13,5.35,7.0,4.54,1.21,6.45,5.92,104.529
5.6,6.29,0.12,9.42,3.46,5.72,1.28,2.06,0.14,7.84,1.88,3.26,185.966
2.26,3.07,9.2,8.52,1.46,2.06,9.83,8.03,6.92,6.2,2.81,4.19,69.958
1.01,0.1,9.12,4.89,7.3,5.51,3.13,1.69,6.11,5.78,8.3,8.03,84.534
1.67,0.71,8.11,2.63,7.23,1.56,0.42,6.35,5.69,2.5,1.5,5.58,99.410
1.05,8.62,8.07,5.02,8.82,1.09,0.14,8.2,0.9,0.32,8.0,1.55,170.958
1.64,1.85,6.17,9.43,8.18,3.87,8.56,2.2,6.35,5.77,6.51,5.54,89.150
4.61,0.01,0.34,5.13,2.34,7.51,7.4,5.62,6.47,1.41,8.49,1.48,64.593
6.24,2.28,4.2,0.19,6.82,0.26,5.99,8.85,9.84,1.15,3.05,0.12,68.931
7.16,4.85,1.98,3.95,5.8,6.36,9.13,3.68,8.56,0.25,8.79,5.52,83.774
7.61,3.69,4.32,8.9,2.74,1.52,4.43,2.92,4.46,2.58,9.26,3.93,104.351
4.84,0.35,9.06,5.22,7.35,8.17,3.85,0.17,7.18,8.12,7.02,1.44,125.954
2.35,5.24,2.5,5.51,7.61,0.79,8.63,2.84,2.23,9.99,2.21,0.84,89.753
9.65,6.37,9.39,4.51,1.68,1.33,1.62,9.61,4.08,1.92,2.81,6.66,123.333
0.17,7.78,7.11,2.19,6.24,0.01,7.16,6.56,9.89,6.83,2.19,0.44,71.061
3.49,9.97,8.83,0.93,9.54,7.09,9.91,5.19,0.83,4.67,9.15,3.06,121.457
9.26,8.19,6.38,9.87,9.16,7.39,8.51,4.6,0.33,1.59,6.27,1.88,216.782
6.28,3.38,3.91,2.09,3.02,1.94,3.06,9.08,2.1,0.03,0.41,9.07,86.821
1.91,1.87,2.78,9.99,2.51,4.8,5.32,0.34,1.83,3.7,5.67,2.89,120.810
3.28,0.39,3.6,9.36,5.2,7.84,9.33,5.28,6.11,0.59,3.43,9.12,87.626
0.85,7.15,5.73,6.32,8.38,2.46,8.65,9.02,8.85,6.38,6.18,4.88,70.268
9.88,4.54,6.69,3.47,8.41,5.4,8.33,8.4,7.84,2.27,0.17,3.32,126.574
1.14,8.78,6.95,5.14,2.54,9.73,0.37,3.43,3.43,4.05,2.08,5.33,183.414
1.21,7.96,6.16,9.51,3.03,1.26,6.37,4.84,5.86,1.54,0.24,1.81,140.997
8.0,3.24,3.36,2.49,1.09,1.47,7.02,6.86,5.56,2.64,2.84,8.42,58.938
8.44,3.71,7.24,0.66,6.59,6.77,9.55,2.32,3.32,1.46,3.19,2.94,146.664
0.45,5.51,5.35,9.63,8.02,0.74,4.48,7.07,5.86,1.8,1.17,4.47,119.517
6.95,5.11,5.99,0.6,2.46,9.98,5.5,6.87,7.28,8.36,1.0,4.67,92.310
0.63,6.9,7.28,8.35,0.73,0.03,4.13,8.57,4.14,2.07,3.78,0.68,102.353
8.94,7.52,1.89,4.22,0.22,0.58,1.87,2.35,6.43,0.42,7.53,2.52,110.653
2.34,3.6,1.36,5.99,3.62,8.41,0.76,3.67,6.93,7.64,4.7,9.72,75.763
8.56,9.91,0.06,1.06,7.71,8.73,6.13,8.94,8.0,4.83,2.35,4.7,103.090
9.13,6.78,9.08,3.19,7.96,7.83,1.18,9.53,2.41,5.31,9.43,7.29,125.092
0.55,9.73,3.02,9.98,9.71,8.66,3.96,5.44,7.78,1.8,7.01,1.82,149.766
3.64,7.14,0.1,4.14,0.15,4.97,7.48,3.6,8.25,8.31,4.08,4.03,56.336
8.64,4.7,3.56,5.93,3.65,2.07,1.59,3.42,8.61,7.45,3.3,4.72,98.144
7.71,7.22,9.85,7.56,5.63,7.79,7.13,9.17,8.29,8.83,4.85,1.27,115.731
7.57,6.68,7.67,6.11,7.45,1.87,2.29,2.76,3.95,5.46,4.74,3.43,165.046
2.2,4.84,9.35,3.73,0.71,3.56,0.24,2.72,7.53,5.33,2.2,8.74,91.143
2.7,2.04,7.1,3.24,8.94,7.14,5.96,1.13,3.5,3.49,5.52,4.29,130.431
0.14,0.96,8.82,2.97,4.81,2.69,7.01,6.54,8.24,3.0,4.84,0.58,67.494
7.09,1.08,9.81,9.09,9.08,9.94,0.01,4.95,0.87,8.51,4.21,0.85,237.577
1.15,3.89,4.81,1.93,1.18,4.04,3.54,7.66,3.56,8.14,9.74,2.08,48.963
5.1,4.44,6.4,2.64,4.85,4.36,9.21,4.41,3.2,5.42,2.33,8.02,85.272
4.81,7.55,7.46,7.69,1.95,7.54,9.17,4.44,2.87,9.16,5.57,0.9,115.229
9.37,5.93,3.14,6.13,1.48,3.07,4.3,0.32,7.99,8.32,2.65,2.71,110.765
9.88,2.74,2.13,6.45,7.85,3.4,8.03,8.38,8.0,6.54,2.26,5.62,83.569
0.63,0.77,7.93,5.21,3.87,4.76,7.78,5.96,1.56,7.85,4.88,0.01,82.632
3.41,0.31,9.54,3.16,7.42,3.93,2.67,9.51,2.53,9.54,5.11,9.01,72.374
4.75,0.21,6.8,1.38,6.03,4.06,8.1,1.61,1.92,6.96,0.62,1.23,113.650
7.7,4.52,8.78,1.83,5.25,3.99,1.25,6.28,3.87,0.29,4.66,3.33,162.957
3.74,4.69,3.91,0.07,6.92,1.76,1.32,4.15,9.22,0.04,3.48,1.52,106.893
0.51,9.39,1.43,9.95,5.54,9.83,8.09,3.03,3.33,5.8,6.42,0.35,135.640
1.52,6.84,6.1,1.59,3.89,6.07,7.55,4.28,8.9,4.3,8.49,0.64,76.142
6.22,1.0,2.66,8.96,5.84,1.09,9.8,5.6,9.65,0.7,7.03,4.13,69.818
2.11,8.97,9.03,7.43,0.36,1.21,4.04,5.37,5.81,3.45,3.33,6.24,103.081
5.35,4.33,0.74,9.43,9.52,6.69,3.22,3.77,2.94,4.16,8.94,7.89,116.624
6.91,6.57,0.85,5.77,9.89,6.44,3.89,6.44,5.05,9.18,7.3,7.45,92.674
4.72,2.07,5.68,9.26,7.93,2.79,2.26,8.05,6.85,1.29,1.39,3.86,136.920
6.93,5.39,8.39,6.34,0.23,3.75,1.44,4.09,0.52,4.0,8.56,2.61,146.230
2.69,8.66,3.96,9.11,7.25,7.75,6.21,8.72,9.28,2.08,3.83,3.32,117.883
1.05,8.29,9.88,9.85,2.13,9.78,6.21,8.37,8.9,5.0,3.22,4.33,113.739
3.62,6.87,1.51,8.16,4.48,5.18,3.86,4.03,9.2,5.14,1.31,7.34,96.567
6.67,6.2,4.34,1.56,0.72,3.41,7.42,6.09,9.71,1.37,6.93,1.97,68.379
5.72,9.87,3.8,0.68,2.35,9.87,8.44,2.46,4.76,4.27,0.79,0.91,149.283
5.44,3.67,7.34,5.11,0.89,5.98,1.95,2.58,5.59,2.08,8.96,3.69,114.406
9.32,0.12,9.13,8.76,4.52,9.83,4.25,5.19,8.0,8.36,9.02,4.93,104.855
8.91,1.9,9.11,9.37,7.85,7.77,9.89,5.05,5.67,6.66,5.82,1.97,128.095
7.21,5.21,8.31,0.51,3.09,9.48,6.08,4.23,6.32,2.86,4.13,2.17,131.097
3.15,4.11,5.49,7.78,5.19,1.31,7.91,3.0,5.11,4.44,1.47,6.63,94.643
8.05,8.32,1.31,8.51,7.05,3.9,2.24,1.42,7.2,9.35,3.52,1.1,149.577
6.69,2.11,7.79,3.37,6.29,7.13,3.32,5.66,7.89,3.0,5.06,1.33,127.113
3.78,7.74,5.25,2.09,6.37,7.46,4.66,6.03,8.88,8.35,4.93,4.99,86.390
5.54,8.76,5.17,4.53,5.46,7.84,6.55,9.13,8.94,0.65,2.58,3.95,117.296
2.83,4.52,3.19,2.42,4.91,7.46,0.01,6.97,3.04,7.69,3.21,4.7,98.868
0.5,2.06,9.51,8.45,1.08,7.37,6.74,0.74,1.01,7.54,5.67,3.98,112.812
4.43,7.18,3.48,9.24,6.01,2.58,5.92,5.75,8.34,2.23,6.19,3.3,103.750
8.53,4.11,6.27,7.53,7.88,7.13,2.85,0.49,3.44,2.98,5.97,0.39,257.134
4.22,5.45,7.88,3.18,7.9,1.21,6.38,8.41,6.95,6.28,9.38,3.52,72.923
3.75,4.59,1.43,9.29,6.11,9.82,0.85,5.03,5.62,7.56,2.38,6.62,124.697
7.41,6.29,8.17,1.9,9.48,6.24,4.47,0.97,6.66,2.26,2.8,8.81,152.060
4.94,6.03,1.97,0.05,4.2,5.41,7.45,9.4,9.34,0.25,6.47,8.73,54.275
4.24,7.13,6.59,5.98,7.55,6.03,8.38,7.85,0.86,6.26,9.41,6.57,95.398
8.77,7.75,4.93,8.38,0.49,3.92,7.14,6.48,9.18,0.23,4.2,8.09,96.942
9.58,10.0,3.81,9.62,2.37,5.69,3.89,6.03,4.54,7.81,3.76,5.96,128.384
6.16,1.3,9.58,0.39,3.55,8.16,0.67,9.57,0.8,4.65,8.22,3.9,104.782
7.94,9.92,3.05,1.65,7.97,0.64,8.63,8.83,8.16,3.55,5.8,5.98,76.117
3.82,1.68,7.06,2.67,8.56,2.81,7.04,9.35,7.38,8.77,0.57,9.34,62.662
3.49,3.82,9.58,3.56,7.17,3.8,7.14,0.7,4.39,0.69,1.62,3.98,169.654
0.14,5.68,1.99,7.51,2.62,5.58,6.26,7.41,6.3,8.75,9.71,1.45,58.977
3.05,3.16,5.95,1.38,2.42,7.85,4.97,8.92,8.8,6.01,1.46,5.72,66.360
5.09,1.81,2.88,7.13,6.2,2.15,7.6,4.64,2.44,7.62,9.11,1.74,76.199
5.09,6.64,0.83,4.74,3.4,7.24,4.87,6.15,1.78,6.04,3.99,7.87,91.010
4.09,5.32,1.99,6.06,3.75,4.43,5.97,1.78,2.9,5.0,4.93,6.27,95.493
9.96,6.86,1.21,8.77,6.55,7.79,7.0,0.16,6.33,7.44,2.24,2.6,159.643
7.61,2.48,9.78,7.51,3.82,4.6,7.17,6.28,9.28,6.65,5.26,2.26,97.019
4.78,6.09,2.84,1.95,6.96,5.48,2.01,9.71,2.66,2.16,0.96,8.97,106.158
1.57,3.71,6.05,0.17,1.4,2.98,3.41,8.37,6.46,8.75,0.05,9.75,43.164
7.6,9.72,6.29,3.17,6.76,9.55,2.36,7.92,4.15,9.69,0.81,3.56,151.246
4.29,9.57,6.3,7.72,7.93,0.55,9.81,2.55,0.74,8.95,0.56,0.7,155.985
8.39,0.54,4.27,0.13,6.57,0.79,2.54,0.48,2.28,9.77,6.24,9.28,67.636
8.41,9.04,3.88,6.21,4.44,4.53,4.66,7.8,2.02,5.09,7.49,4.25,116.608
2.56,1.05,2.62,6.64,8.94,0.26,5.68,6.9,2.04,8.14,6.68,6.5,61.408
9.54,6.86,4.47,0.13,6.02,0.43,9.24,2.75,3.19,2.36,9.42,7.91,78.721
1.99,1.69,1.48,4.73,8.17,5.1,1.25,6.05,2.03,1.07,7.53,9.44,84.618
3.55,5.15,2.24,6.34,9.67,5.53,0.53,7.0,3.88,1.11,8.01,3.99,132.463
6.77,4.73,7.38,4.85,8.44,6.38,8.45,7.52,1.54,5.21,4.62,4.86,119.720
3.94,7.26,3.75,1.65,1.55,0.46,9.1,3.38,0.49,8.71,8.49,3.68,54.978
6.21,8.07,7.29,0.93,8.8,2.7,4.14,1.03,2.01,6.92,8.58,4.42,125.461
4.12,4.2,4.97,0.72,7.74,5.69,1.98,4.43,6.82,1.36,5.3,0.62,133.788
7.71,6.65,9.29,8.69,2.17,1.92,4.32,9.58,0.56,1.88,9.67,7.46,108.844
6.36,6.84,5.96,8.9,4.96,7.82,6.13,7.43,3.92,1.66,8.14,5.89,123.123
0.44,3.25,0.11,4.96,7.32,4.47,5.96,4.95,9.52,3.31,2.24,3.59,69.496
6.26,0.17,5.07,1.44,9.08,5.91,3.26,2.43,5.63,9.18,4.86,2.94,98.693
4.37,4.12,9.11,4.81,8.95,2.36,8.79,8.09,7.35,8.48,0.75,2.67,93.330
2.59,4.01,4.07,7.05,7.99,8.8,4.05,7.91,7.87,3.36,2.72,3.36,117.902
1.57,5.28,8.6,6.21,9.57,0.55,4.77,9.18,1.91,0.96,5.4,8.4,103.788
2.85,8.79,9.43,9.02,9.77,6.64,8.97,1.64,6.69,9.16,1.62,4.83,141.294
9.13,5.4,4.66,1.76,9.34,4.87,5.7,4.99,0.86,8.15,5.2,2.73,127.253
6.76,8.39,10.0,2.34,3.38,8.49,8.03,7.18,4.53,4.54,9.0,6.49,98.969
1.55,8.56,3.54,9.21,7.23,0.39,2.81,9.65,0.62,5.35,2.23,5.16,118.048
0.05,4.5,8.03,9.22,0.6,7.1,3.11,9.45,1.73,7.82,9.73,4.04,82.219
0.45,3.37,5.96,3.39,9.0,5.07,0.2,0.48,2.96,3.59,4.24,5.89,156.912
6.92,7.77,9.79,6.42,6.82,9.6,4.12,4.43,4.36,3.7,3.01,4.35,197.413
3.48,9.92,1.6,0.27,2.93,0.97,1.55,7.74,9.92,4.91,8.21,1.57,56.549
2.22,0.79,9.26,8.02,4.58,2.35,3.68,4.6,2.59,7.07,7.35,6.19,86.468
7.07,3.06,1.48,2.51,2.44,0.03,6.72,9.84,2.78,9.04,5.39,6.37,41.330
6.49,8.07,0.34,2.02,7.86,7.78,1.64,5.38,9.68,8.68,9.83,0.62,90.874
9.47,4.8,4.07,8.47,5.48,0.86,2.0,6.12,0.86,1.82,6.17,4.12,157.183
3.67,2.35,7.33,2.15,0.61,7.25,0.64,1.72,3.79,8.36,4.02,4.73,100.430
6.82,6.27,2.71,2.17,1.56,3.34,6.29,9.64,0.88,1.11,2.52,9.57,76.208
1.82,3.73,4.15,6.59,3.6,4.88,7.85,4.14,9.78,9.92,5.03,7.47,56.053
4.05,0.76,6.01,4.8,1.4,9.18,6.55,3.31,5.38,8.97,2.76,4.44,83.413
2.99,5.23,2.57,5.62,2.3,6.01,5.15,5.12,7.38,5.15,9.09,1.87,73.223
6.13,7.66,2.26,8.66,1.55,9.26,9.21,0.89,6.01,7.71,4.08,3.06,114.729
8.14,0.49,2.35,0.71,3.34,5.28,3.51,3.91,8.38,6.95,5.38,2.35,66.634
9.59,0.38,6.46,6.27,0.15,2.2,9.7,3.86,8.51,5.02,8.59,4.74,61.974
4.15,4.05,9.59,3.67,6.12,9.48,2.76,0.86,8.65,7.48,7.98,5.29,112.235
7.82,6.82,0.2,2.38,4.63,3.09,1.78,1.31,2.4,7.53,4.87,3.67,115.677
8.44,5.77,9.47,7.22,9.32,5.19,9.33,8.94,1.88,8.15,7.85,2.17,118.502
8.59,8.86,4.96,8.98,1.07,9.6,2.86,0.26,3.08,8.94,4.94,4.22,173.086
1.33,6.45,1.93,6.34,9.41,3.43,1.17,2.95,6.3,4.21,6.95,8.2,97.011
3.76,4.44,9.24,4.58,5.59,2.2,1.0,4.39,4.02,1.12,1.59,0.75,231.624
6.84,1.89,3.8,3.75,9.13,7.33,9.91,4.6,3.16,9.68,0.08,7.6,93.463
4.69,7.99,4.67,0.12,0.61,5.28,8.34,9.55,2.69,0.89,2.18,7.44,75.137
8.18,8.89,6.06,9.04,7.32,5.92,0.26,8.75,7.22,3.66,5.29,2.25,165.549
7.85,2.09,5.83,0.22,0.05,4.56,3.29,2.17,1.54,0.15,2.32,3.93,153.731
8.5,3.78,1.72,7.01,9.85,0.18,9.31,1.8,9.8,7.68,9.57,9.95,64.519
4.26,2.14,8.74,7.85,7.93,5.31,7.19,4.83,6.27,7.57,6.03,0.45,112.028
8.44,6.91,8.31,1.77,8.51,4.09,3.59,9.7,9.08,0.88,3.96,9.88,102.534
4.33,6.16,6.81,9.21,8.54,1.76,2.37,5.09,2.59,8.2,5.1,5.7,126.713
8.09,1.13,2.74,1.95,7.15,3.78,4.22,3.21,2.11,7.79,2.75,5.92,95.538
0.7,7.69,4.77,4.78,0.22,9.03,4.89,9.74,1.09,0.2,9.95,2.19,96.900
0.2,0.83,7.12,2.51,9.91,6.48,8.14,3.68,2.49,1.53,4.34,2.5,119.268
6.8,9.2,6.42,2.82,0.03,2.02,1.65,4.31,3.5,1.96,7.38,9.82,95.353
3.28,6.91,6.98,2.74,7.52,2.97,4.94,7.03,5.42,6.5,4.62,2.25,98.830
3.05,4.47,3.18,8.49,0.15,5.35,9.16,2.97,0.39,4.26,6.49,3.1,93.629
1.75,2.43,5.64,8.14,5.46,8.01,5.69,1.95,1.2,2.87,7.75,4.76,129.769
3.43,0.64,3.66,0.82,0.18,7.6,1.33,1.29,4.74,4.23,2.58,5.4,83.444
6.58,2.68,7.51,1.16,6.89,4.51,6.73,6.43,0.77,8.61,5.87,9.54,77.286
3.89,0.12,7.0,2.62,3.31,1.38,6.79,9.49,1.55,8.68,6.18,8.48,44.498
7.86,0.22,7.57,0.3,7.03,3.31,5.19,4.82,5.71,4.64,1.21,0.34,119.991
3.75,1.71,7.43,4.5,7.61,4.68,4.69,0.57,6.78,0.17,6.48,5.01,125.232
1.21,4.73,1.67,7.71,7.79,9.43,8.68,9.48,2.32,8.21,0.72,2.99,100.432
7.24,9.94,2.7,0.04,4.01,4.37,0.46,1.1,1.27,6.35,3.04,8.16,138.862
4.37,4.74,5.37,7.86,4.86,0.72,1.3,1.43,4.34,0.7,3.2,2.45,208.048
8.02,4.22,5.97,8.88,7.72,2.76,5.3,9.95,9.23,3.45,1.52,8.57,98.816
7.44,2.06,6.99,0.15,5.94,1.03,3.24,8.59,2.56,8.53,8.52,1.57,71.524
0.89,1.71,9.18,3.58,6.66,6.07,7.39,0.27,7.88,5.67,1.33,9.88,86.644
7.06,6.36,6.05,7.15,2.81,8.13,1.33,4.18,6.89,9.09,3.31,4.63,127.625
4.65,5.25,8.9,6.27,5.96,2.1,6.53,3.45,0.21,7.48,6.6,5.29,112.077
9.83,7.2,4.81,3.29,3.28,2.63,2.75,7.99,7.33,2.06,8.06,4.93,93.720
5.78,2.32,2.57,6.86,2.05,8.42,7.3,6.35,1.04,5.34,0.4,2.73,120.898
8.42,9.82,1.4,0.43,8.02,4.29,1.38,7.0,5.47,3.9,9.49,1.76,111.655
0.53,5.13,7.63,6.48,1.0,0.82,2.62,8.05,3.55,1.85,6.02,5.1,79.404
0.1,7.04,5.64,8.34,3.13,7.09,6.91,3.5,4.47,7.59,3.23,2.38,111.610
0.22,2.55,7.84,3.12,5.01,0.23,0.17,3.35,5.85,9.77,8.62,9.79,50.519
6.41,9.19,6.26,8.78,1.37,5.73,6.48,3.48,4.88,6.43,2.23,0.51,157.185
0.27,4.48,5.82,2.09,1.71,4.29,4.51,9.59,9.07,3.2,2.83,7.2,51.264
7.89,2.04,1.21,9.28,3.68,5.63,3.16,9.3,6.05,9.74,3.47,1.08,90.640
7.19,3.51,1.12,6.63,0.89,9.19,3.28,9.64,0.6,9.98,0.67,9.04,85.908
8.5,7.11,9.13,0.38,7.56,2.87,1.0,3.69,6.51,2.59,8.37,0.66,155.784
4.85,6.48,1.33,4.65,6.08,7.68,3.41,7.36,6.3,1.41,6.18,1.25,119.915
5.42,3.06,9.25,6.95,1.13,7.93,6.4,9.45,9.45,0.66,0.73,9.22,93.957
10.0,4.06,2.16,6.25,9.78,3.47,9.06,8.07,2.15,3.85,9.47,1.6,104.444
7.39,3.35,9.96,8.26,7.84,1.66,9.35,2.43,1.54,9.37,1.23,1.98,148.494
2.93,1.84,7.28,1.04,3.99,3.08,7.72,8.31,3.58,8.3,5.42,9.52,47.048
4.42,2.19,7.13,3.57,6.03,3.18,3.27,6.97,8.02,4.74,3.24,1.16,96.788
3.67,5.69,4.45,7.07,2.93,9.07,8.72,4.15,1.01,5.77,5.52,1.13,125.019
4.67,1.55,0.59,1.75,9.24,6.74,9.06,7.76,9.65,3.66,5.6,5.01,60.236
4.08,8.38,8.56,9.74,6.42,9.56,0.46,2.6,0.93,7.87,0.53,5.54,260.680
2.62,3.5,0.26,1.66,0.36,8.68,1.08,2.27,8.74,5.74,4.38,1.25,72.805
3.01,8.32,6.93,8.04,7.59,5.15,9.02,2.93,3.66,1.04,4.61,9.18,128.252
4.75,8.7,1.43,8.67,7.26,5.74,2.39,1.18,5.28,4.96,7.62,3.12,148.880
1.55,9.28,3.06,7.13,6.98,4.95,7.59,6.43,1.09,5.32,5.68,4.1,109.070
7.42,6.27,9.04,8.52,2.96,9.22,3.07,5.4,6.57,9.69,3.79,6.28,124.799
4.32,8.12,9.49,1.62,2.43,1.14,6.59,8.42,7.71,1.07,8.67,2.16,78.336
8.32,8.17,4.89,2.16,6.83,3.5,6.32,1.11,9.28,4.68,4.22,3.57,116.073
9.42,8.22,0.85,0.58,7.83,6.46,2.42,3.94,6.55,5.78,8.39,4.21,106.616
1.53,6.07,9.04,6.78,1.64,0.25,6.76,3.81,5.06,9.89,5.63,0.67,79.541
6.16,3.7,5.33,9.2,5.99,9.06,6.14,0.48,4.84,2.4,8.56,5.41,141.718
1.57,1.03,6.0,2.34,6.38,7.02,9.25,2.97,7.79,1.75,2.05,3.53,89.027
3.66,3.08,2.12,1.63,2.34,8.71,7.1,8.48,8.93,8.41,5.62,1.32,54.039
3.69,8.92,9.81,0.88,6.62,8.51,2.6,5.87,1.31,5.98,3.53,7.37,144.149
5.8,1.19,3.92,6.17,4.16,0.26,6.87,1.71,4.18,5.39,7.93,3.77,72.027
0.16,2.55,1.38,7.69,9.72,2.1,5.39,4.46,4.94,9.31,3.41,4.57,73.566
2.24,9.0,7.75,2.92,6.69,4.9,5.43,2.99,7.56,7.41,2.26,3.26,115.877
3.11,5.56,3.91,2.69,5.23,1.13,1.84,8.96,7.61,1.59,9.46,1.64,69.550
3.68,4.08,3.09,5.42,9.34,9.04,1.57,0.33,7.81,7.4,8.07,5.65,112.391
8.93,1.35,3.0,7.96,8.62,0.23,9.85,1.98,7.05,4.71,6.32,8.08,79.205
4.97,6.8,2.16,2.76,7.64,3.42,5.53,3.64,5.55,6.37,6.62,0.18,99.498
6.14,9.38,3.98,9.83,3.46,7.85,5.87,5.62,6.01,4.68,4.73,8.66,114.254
5.72,8.09,5.81,7.45,6.43,0.02,2.55,9.83,6.6,0.45,7.97,6.2,99.762
4.07,6.23,8.3,0.99,7.53,7.21,1.1,4.46,8.84,2.1,2.36,9.23,122.214
2.89,3.99,4.09,1.57,8.15,9.97,0.04,5.56,0.84,6.68,2.02,9.03,126.851
7.18,4.79,7.16,4.79,2.91,8.34,5.18,9.51,4.63,6.46,2.28,3.03,113.123
5.68,4.38,4.55,2.38,4.57,2.03,1.6,3.25,3.54,5.89,6.64,1.84,103.647
5.48,7.94,4.76,5.38,4.71,4.6,6.63,1.67,4.0,0.67,9.21,7.94,109.130
6.44,2.85,3.67,0.93,9.04,4.95,4.91,1.44,5.44,6.87,3.07,3.41,110.899
2.96,8.23,5.81,4.02,8.61,1.89,5.27,4.17,8.46,4.7,9.0,1.47,95.313
5.14,8.94,0.01,1.37,7.95,5.61,0.6,7.92,8.25,4.91,6.91,3.83,89.513
4.16,4.14,7.56,0.04,8.82,2.15,9.99,0.38,9.58,8.67,9.75,4.37,62.869
0.35,3.49,4.76,4.75,6.96,6.11,0.39,9.47,8.58,4.9,6.43,9.46,67.346
1.23,7.79,7.69,4.97,9.85,2.26,8.14,9.08,0.03,0.74,7.18,3.83,116.517
3.55,7.33,4.44,2.69,8.62,9.38,8.73,2.91,9.59,6.94,4.31,5.27,95.391
2.73,1.95,9.46,2.57,2.28,6.94,6.45,7.8,2.22,3.13,8.8,2.9,82.843
3.19,3.87,2.95,8.73,6.45,9.27,3.33,0.87,3.05,9.08,4.88,4.82,132.386
4.76,2.51,7.26,5.72,1.04,4.39,5.75,9.04,0.92,8.83,8.49,3.94,69.462
4.35,9.24,3.61,3.41,7.13,3.11,7.5,3.93,1.89,6.58,5.18,6.87,96.557
2.08,1.88,0.39,1.04,6.03,6.33,4.86,1.11,6.99,2.12,0.01,8.68,74.674
3.38,5.89,8.87,9.59,9.21,6.32,0.11,0.35,3.82,4.41,6.8,2.34,242.625
2.13,2.08,0.35,8.84,8.03,4.44,5.52,4.5,1.4,0.29,8.71,9.63,86.090
7.84,9.98,5.54,2.43,1.49,0.61,10.0,0.71,1.4,5.02,5.84,4.48,101.603
2.91,9.24,4.94,5.41,7.84,0.57,7.2,1.0,9.04,0.5,7.29,5.72,100.520
9.32,3.8,0.88,7.54,2.73,3.64,4.6,6.98,4.85,5.52,8.04,9.96,69.862
3.13,7.39,3.39,8.08,4.31,1.96,4.8,8.47,6.66,6.76,5.09,9.93,67.754
0.19,6.13,8.74,6.68,2.4,4.86,2.41,0.23,5.39,6.92,0.91,0.63,175.864
8.42,9.22,4.9,1.59,1.3,5.39,6.78,8.92,8.42,2.47,7.71,8.32,72.313
7.5,4.12,8.02,2.82,8.98,7.94,4.68,7.75,9.46,3.7,5.25,3.85,113.520
4.97,0.44,0.81,2.01,3.12,7.71,6.34,9.96,9.8,3.9,0.89,0.9,59.956
3.8,3.44,9.79,6.01,2.58,1.34,3.09,0.71,3.79,8.21,3.58,8.13,98.001
2.75,5.67,6.43,4.1,5.25,2.11,9.92,3.94,6.99,2.89,3.95,3.13,85.367
2.37,1.3,8.32,1.48,8.05,7.68,3.29,2.54,2.6,3.52,9.32,5.69,108.309
3.76,4.88,3.94,2.95,8.28,4.8,5.44,2.3,4.22,5.68,3.01,7.24,102.582
5.33,6.54,5.36,3.86,6.52,2.41,0.98,3.17,5.85,7.24,3.4,7.23,107.714
5.36,4.94,0.92,7.19,3.06,9.06,8.32,6.58,1.08,8.46,9.14,1.11,88.008
4.8,8.14,3.9,5.13,0.64,0.13,3.47,4.68,4.66,9.6,6.86,6.37,63.805
7.83,0.11,2.77,5.59,1.42,3.02,2.82,0.97,6.52,0.95,5.02,2.18,112.351
5.38,8.9,8.34,6.65,7.07,0.75,0.14,1.28,7.82,6.08,1.38,5.41,167.752
5.88,7.86,4.56,4.71,6.95,0.48,0.31,9.86,8.84,6.18,2.91,4.88,92.298
0.14,1.68,4.1,3.15,2.51,7.64,9.38,1.41,4.28,6.5,9.88,9.52,46.912
6.35,9.46,1.51,1.04,8.08,4.46,9.51,6.79,0.89,8.34,5.51,1.1,96.142
5.01,1.88,2.85,7.6,2.08,4.41,8.8,9.88,5.67,1.29,6.09,7.77,60.329
3.5,8.61,6.89,1.13,4.7,1.31,4.36,2.78,7.11,8.53,4.87,3.21,84.705
3.8,4.52,0.12,4.57,4.72,7.67,0.96,9.96,7.4,5.16,8.52,8.22,63.153
7.46,5.05,9.12,2.21,3.55,5.15,0.15,6.87,3.58,0.43,2.68,7.06,156.668
2.76,0.28,3.99,9.33,2.96,9.34,4.54,8.59,7.38,7.58,4.55,6.07,74.038
1.45,2.88,3.07,3.55,1.44,6.31,1.95,1.45,2.01,5.61,6.38,7.09,76.358
7.59,4.28,7.18,4.04,3.21,8.37,3.1,4.68,4.86,1.85,6.19,6.47,127.698
3.35,0.14,0.76,6.47,6.0,9.78,3.69,3.2,2.56,3.08,7.81,0.29,128.454
5.55,4.03,0.88,8.62,5.41,5.67,4.34,6.77,9.1,6.87,7.08,7.48,72.430
2.22,3.24,4.25,3.57,0.46,0.67,2.87,4.01,5.95,7.83,7.25,8.63,39.436
3.89,7.42,3.62,9.64,2.0,6.79,3.2,6.74,6.04,2.79,5.15,9.97,98.436
3.07,0.12,3.89,8.76,3.37,2.88,9.98,1.39,0.36,3.61,5.02,9.63,73.658
2.2,4.3,9.99,5.27,8.65,4.43,3.04,3.99,4.49,4.86,2.27,0.51,181.837
6.16,9.64,8.37,2.74,0.06,1.83,0.93,2.89,3.89,1.17,6.69,2.86,156.267
4.8,6.57,3.78,8.88,0.65,0.78,3.76,2.49,8.89,1.35,3.06,6.51,97.698
9.19,0.21,0.61,3.63,9.35,1.78,1.66,6.58,4.48,6.85,5.85,6.03,78.760
8.06,8.74,6.22,4.52,9.38,2.9,2.68,7.13,7.02,1.97,8.7,9.45,107.767
0.29,4.99,8.38,9.9,4.92,3.04,2.77,8.64,5.72,1.67,3.2,7.46,106.993
3.81,0.44,6.11,5.57,1.62,0.74,1.61,9.28,2.59,9.07,4.87,6.93,53.246
1.57,6.92,1.77,5.84,4.6,0.26,6.95,4.85,9.37,7.27,6.28,8.46,48.541
1.81,5.0,1.61,0.08,2.25,3.84,6.24,1.35,8.78,8.51,8.83,7.77,35.174
1.03,0.99,5.97,9.5,1.33,6.09,3.38,4.74,5.96,7.15,8.31,2.97,76.623
9.94,7.82,0.61,7.76,9.73,8.38,2.17,8.45,9.06,8.85,0.24,7.11,123.300
8.91,2.79,9.31,7.86,0.32,4.8,4.9,2.14,6.19,1.11,2.98,3.92,160.028
4.75,5.08,5.29,3.83,4.43,9.84,7.38,0.01,3.96,7.34,6.27,6.78,104.663
4.91,0.75,7.65,3.98,6.4,3.58,1.9,9.62,8.84,3.15,4.91,3.79,84.663
4.18,3.89,3.22,6.61,8.89,8.67,0.97,0.39,8.6,9.2,2.15,4.89,135.344
4.87,7.96,4.83,0.11,1.76,7.3,0.99,7.69,5.24,8.26,7.62,0.57,88.344
5.94,2.47,5.62,3.91,6.26,8.15,8.03,0.74,7.18,0.86,4.34,1.27,144.291
9.12,5.37,8.51,8.0,2.33,9.16,0.06,1.73,6.59,9.3,1.68,2.46,194.730
9.35,6.75,0.98,6.27,1.3,5.55,7.38,4.79,4.89,3.31,9.79,9.1,76.923
8.39,1.21,4.66,4.21,2.25,2.85,8.9,8.5,8.91,7.41,1.1,1.26,65.327
1.65,6.99,7.62,7.49,9.69,2.81,0.47,8.74,0.99,2.91,1.91,5.6,175.800
6.87,3.27,3.95,4.2,1.72,9.31,9.6,3.95,7.77,0.38,3.04,9.16,86.490
7.21,9.17,8.56,7.7,5.51,8.01,1.22,9.64,7.46,5.66,9.67,6.44,115.141
3.12,7.66,1.15,0.82,4.85,5.68,8.02,1.54,2.12,7.8,6.63,3.28,79.211
4.99,1.71,9.85,2.28,5.63,2.71,1.19,9.37,7.3,0.02,3.22,4.65,105.515
9.39,4.11,0.95,0.18,9.8,6.48,2.82,2.17,7.51,3.56,7.67,9.98,91.694
1.51,6.73,2.84,3.44,8.96,0.93,7.92,9.35,2.73,7.17,2.64,8.85,63.140
6.62,3.18,7.79,0.33,7.06,4.7,3.02,2.22,0.63,9.36,8.87,8.04,92.346
2.76,6.8,4.62,4.99,9.34,8.4,5.21,6.74,3.73,7.67,8.15,4.43,102.728
3.85,4.62,8.49,2.81,6.99,0.12,3.0,2.94,4.31,7.14,5.08,0.1,119.096
4.61,4.49,9.34,4.73,8.91,4.35,5.52,6.23,9.04,8.29,9.34,2.4,89.245
6.86,1.48,2.32,4.63,0.79,1.64,7.24,8.16,5.82,4.52,2.9,8.74,47.405
7.61,9.1,3.23,7.49,6.61,3.36,2.21,7.24,8.45,8.47,1.76,6.3,108.626
5.68,6.25,2.38,9.78,6.65,5.83,5.17,9.41,4.25,7.86,2.28,9.77,94.399
6.6,3.83,7.19,7.01,2.78,5.95,8.6,6.37,8.72,1.36,1.89,9.92,90.505
0.51,2.98,3.76,6.84,8.38,7.09,0.12,3.31,5.54,7.09,1.37,3.16,143.565
7.9,7.27,9.06,0.95,9.43,5.22,3.53,5.83,6.27,0.89,5.94,2.71,158.244
7.25,4.55,5.87,5.79,4.79,8.7,8.53,0.82,6.16,3.68,8.77,0.99,127.634
1.87,5.76,0.53,9.59,9.68,0.08,5.88,5.89,3.55,9.7,8.49,4.66,72.072
2.36,9.76,1.29,0.06,5.78,1.04,8.81,0.34,4.34,5.85,3.22,5.07,73.435
4.68,5.36,7.05,5.18,1.88,2.61,6.0,9.82,2.54,9.16,0.32,0.98,92.852
4.94,6.36,2.14,4.91,6.78,2.64,4.21,1.8,7.48,9.87,5.78,2.05,89.035
7.88,7.57,9.25,5.9,5.28,7.64,9.25,6.8,9.09,0.27,3.93,3.91,130.887
5.29,8.4,8.81,2.26,8.81,3.91,1.71,0.45,2.91,4.53,9.13,8.62,137.038
2.01,6.32,0.47,4.65,4.94,5.39,9.84,5.67,7.63,7.07,5.63,5.43,57.621
0.29,2.39,2.28,9.1,7.38,4.38,7.04,6.4,8.79,3.47,8.95,7.68,60.997
2.2,9.43,0.69,7.66,6.46,5.82,5.2,4.68,5.69,9.54,8.95,5.06,82.464
4.34,7.53,7.28,1.54,6.86,7.21,9.5,1.37,5.42,8.03,1.13,1.44,129.267
8.08,3.85,1.22,1.13,2.71,8.58,5.49,6.57,1.11,4.19,0.8,8.3,96.636
7.86,0.13,9.09,9.91,5.97,3.62,8.37,6.13,3.22,4.23,4.42,4.35,119.076
4.42,8.8,8.11,0.11,5.25,6.31,1.24,5.38,3.13,8.27,5.37,6.25,111.336
3.66,0.63,9.87,7.64,1.29,1.94,1.53,0.43,4.1,2.38,2.85,0.33,215.404
4.85,8.34,5.04,1.47,4.33,4.19,5.76,5.41,3.26,8.96,0.45,4.82,98.465
6.13,7.09,3.44,4.65,3.41,8.93,1.02,5.08,0.3,0.61,0.07,0.3,455.962
7.7,4.43,0.68,6.65,3.79,6.93,3.7,2.39,0.03,7.0,5.91,6.22,119.525
9.83,9.71,5.06,9.5,1.08,7.38,0.99,2.93,6.4,5.03,3.7,1.18,210.381
7.25,2.04,2.03,5.93,6.51,4.76,5.9,0.37,2.29,3.37,9.25,6.77,102.039
3.92,0.72,4.91,0.32,9.03,7.11,5.58,4.09,4.62,5.59,0.32,5.46,101.364
9.94,2.02,8.58,1.6,6.52,3.53,2.2,6.63,0.94,3.72,5.98,9.29,111.926
5.84,8.67,3.7,6.72,7.87,8.05,1.41,8.95,6.85,5.71,0.5,4.12,148.330
3.62,0.96,3.59,8.09,8.23,2.04,7.21,3.59,3.41,0.39,7.84,9.09,84.142
1.36,2.51,5.98,6.38,2.95,7.36,1.94,6.79,8.41,1.32,2.66,8.79,88.733
9.41,8.21,7.18,7.55,4.53,8.18,9.64,8.7,7.96,7.5,2.78,0.2,122.512
8.29,3.89,0.1,7.4,6.01,1.92,9.92,7.25,1.42,0.11,7.59,1.93,97.838
2.07,6.46,4.56,8.41,9.26,7.55,0.76,7.84,4.69,7.27,9.72,3.05,114.941
2.95,8.43,2.27,7.44,0.46,1.14,2.21,8.07,8.66,9.98,4.59,1.22,65.333
3.23,2.16,7.98,4.92,1.78,2.03,5.35,9.8,9.77,0.07,6.49,4.82,60.882
3.1,4.16,6.58,3.78,0.8,5.37,7.36,5.65,2.83,2.61,7.65,4.27,78.334
0.75,0.48,6.83,5.73,6.86,9.54,2.32,7.2,5.07,1.35,9.53,5.67,96.949
2.97,8.69,9.36,8.04,6.26,5.67,7.37,4.69,4.58,6.2,8.19,6.99,107.812
1.62,5.1,6.01,8.58,5.3,5.51,2.81,1.0,7.42,3.9,1.4,6.87,137.265
3.94,4.6,8.47,4.42,5.07,7.55,5.39,0.5,0.9,7.71,1.5,6.87,148.885
7.44,3.12,7.42,7.51,9.38,1.14,0.76,6.1,6.6,4.89,1.7,4.75,145.202
2.13,2.56,7.99,6.77,1.02,1.11,1.74,3.43,8.54,0.62,7.22,9.6,69.278
5.75,7.26,9.49,5.03,3.62,5.31,8.58,2.85,3.1,1.92,3.43,8.37,129.062
8.43,1.35,4.1,4.54,2.32,8.03,4.29,5.19,9.59,8.58,6.73,4.92,73.206
1.77,6.11,8.37,8.36,0.78,7.27,5.3,9.97,9.51,0.85,2.03,6.98,94.284
4.59,1.47,8.16,3.22,4.32,4.36,0.12,9.71,3.22,9.59,1.21,1.38,103.528
0.42,6.78,0.83,6.58,4.61,2.86,9.52,1.13,6.94,9.0,5.14,4.68,60.643
6.46,9.98,4.38,9.06,6.89,1.09,0.68,2.07,9.54,5.05,0.61,3.25,178.585
0.39,9.91,1.07,9.98,2.26,8.27,9.34,5.65,2.6,5.33,5.12,6.23,93.026
7.3,9.93,9.13,7.83,5.33,8.54,9.35,7.54,4.3,9.27,2.49,0.15,145.196
7.03,9.44,0.15,5.0,4.68,2.99,3.75,0.25,4.93,1.65,2.1,5.99,156.883
0.28,0.26,2.07,1.65,5.22,9.31,9.27,2.49,7.31,7.43,4.07,2.11,57.497
5.03,3.95,3.61,2.78,9.88,6.16,0.94,4.0,6.03,3.31,7.61,6.28,111.502
3.64,5.07,7.88,5.25,1.13,5.84,1.81,9.4,5.87,5.01,5.4,3.87,91.869
6.85,2.58,7.64,1.31,6.01,4.43,3.15,8.97,2.14,0.76,4.05,9.41,101.194
5.56,6.02,0.36,5.11,2.64,9.26,0.06,8.23,6.35,1.28,9.05,7.76,88.451
8.49,8.87,8.06,7.88,2.43,1.4,5.62,4.5,5.19,9.92,7.73,8.9,88.700
6.69,8.88,7.43,8.08,4.69,0.28,7.82,2.76,6.09,1.96,2.73,0.95,161.587
3.74,0.04,1.3,0.84,8.33,0.81,7.03,8.77,4.36,1.72,4.64,6.17,46.069
6.73,4.32,4.13,5.87,8.95,0.31,1.22,3.9,6.05,1.13,2.24,2.92,173.597
5.24,1.65,6.17,6.76,5.63,9.07,5.51,2.27,4.92,6.06,7.58,9.07,97.487
8.32,8.49,9.88,8.31,9.1,9.63,3.2,4.55,9.08,8.9,3.05,5.76,155.559
1.94,4.36,9.41,2.32,4.57,4.15,5.38,3.91,7.42,7.48,0.64,6.69,84.867
2.01,0.61,8.16,6.44,8.75,6.72,7.05,4.75,9.22,9.34,6.21,1.32,86.276
4.86,4.31,1.27,4.12,4.59,1.89,7.09,3.45,0.33,1.67,2.28,8.16,91.558
8.65,4.43,8.26,9.5,2.48,8.87,4.87,3.07,6.8,6.4,5.13,7.49,124.970
8.19,1.53,9.4,9.4,2.67,3.58,4.59,7.8,7.71,3.61,0.45,7.35,110.346
9.0,2.25,9.74,5.75,7.4,9.5,8.65,2.86,9.87,1.89,2.69,0.34,165.932
6.71,8.12,8.8,4.62,5.94,8.21,9.11,5.93,6.75,9.76,0.32,9.83,101.679
5.32,8.07,1.95,9.89,1.43,9.08,4.58,8.0,1.65,3.66,7.0,7.09,111.757
8.36,1.85,0.22,2.43,2.05,6.31,2.05,7.81,9.63,8.71,0.52,1.32,70.639
4.94,9.43,1.6,4.13,5.9,5.89,1.46,3.85,6.79,9.49,8.0,1.0,104.250
1.54,5.07,6.15,6.65,6.28,6.34,8.84,3.09,1.77,4.44,2.74,5.23,122.673
6.36,4.26,0.16,6.43,3.02,6.77,3.2,1.78,1.14,7.94,6.42,0.59,128.144
1.93,8.27,9.47,7.31,4.54,3.35,4.58,1.45,8.94,4.94,1.77,0.34,158.356
2.51,2.33,0.67,8.0,7.26,7.6,8.22,8.35,1.62,6.93,3.33,0.17,99.126
4.11,5.06,5.6,4.84,1.12,0.87,7.51,1.87,4.05,5.0,6.88,8.45,63.981
9.06,3.05,8.38,0.78,2.82,3.22,5.67,6.55,0.31,2.56,5.36,5.17,106.596
5.36,7.05,3.29,9.19,6.09,6.54,5.93,1.19,3.22,1.37,0.78,4.24,224.268
7.34,3.05,6.19,4.18,0.92,8.99,1.61,2.19,5.69,6.83,4.37,7.98,106.976
1.0,9.45,1.01,7.13,3.76,3.69,6.57,3.35,9.89,5.97,8.71,2.48,70.435
1.61,6.25,4.87,7.12,7.88,3.92,5.09,2.39,9.85,8.34,6.99,7.69,78.439
2.92,3.15,7.96,6.72,3.12,0.08,5.96,7.46,4.95,5.16,9.11,1.08,71.026
3.15,9.42,5.36,9.15,8.69,7.23,9.45,5.39,4.78,7.62,6.99,7.22,103.739
8.99,2.23,3.09,1.8,2.93,4.85,3.14,5.83,4.89,3.48,1.68,3.45,106.320
0.08,8.62,3.85,6.93,1.8,4.35,9.31,6.12,7.9,3.01,8.38,7.66,60.477
0.64,7.59,8.59,4.87,4.06,0.97,0.28,2.47,3.25,9.77,9.11,3.11,95.463
9.77,8.38,7.16,1.0,4.28,2.75,5.28,0.75,0.53,6.93,2.56,4.8,159.904
2.4,1.62,5.65,9.17,8.92,7.29,6.95,0.12,0.43,4.52,8.48,8.89,119.258
4.89,9.43,3.23,8.88,8.99,4.27,2.51,9.46,1.06,6.18,6.74,4.83,128.947
4.29,6.06,4.66,9.58,7.11,5.11,1.13,5.9,8.38,6.41,7.31,6.23,104.101
4.5,0.91,4.1,4.66,8.38,1.46,8.1,7.5,5.06,1.94,8.9,5.25,65.333
9.67,3.25,3.46,2.52,9.09,5.43,5.74,7.65,0.75,7.98,5.32,8.93,91.889
2.32,5.01,7.98,3.57,6.19,9.29,7.99,5.73,9.37,7.58,9.07,3.45,79.555
8.2,9.73,2.88,1.77,9.0,4.45,8.2,5.64,5.13,3.72,2.25,3.21,127.993
5.39,3.8,0.15,1.75,4.29,6.24,5.44,4.48,9.86,4.49,0.47,3.17,77.463
6.86,0.29,2.02,9.19,1.91,0.98,1.7,3.48,6.16,7.7,5.37,2.89,77.839
2.86,5.74,7.55,2.85,2.41,1.96,9.75,5.18,7.83,2.1,7.81,8.96,56.137
6.53,9.04,7.81,6.77,0.63,0.15,5.55,6.87,5.06,2.29,6.4,5.9,96.445
8.61,5.47,2.44,0.67,7.03,1.77,5.46,2.25,0.91,2.2,1.7,3.66,160.630
1.09,7.73,5.49,4.3,5.25,9.61,8.1,6.62,7.45,6.66,0.31,6.45,94.043
3.66,5.96,5.01,1.7,7.66,2.38,1.16,9.95,4.38,7.45,3.24,4.21,86.772
4.02,0.04,8.4,4.72,9.4,4.01,1.4,6.03,9.4,8.99,3.32,0.58,102.927
4.31,9.76,3.8,2.41,1.34,8.22,8.65,4.56,7.24,4.42,0.33,5.38,97.580
5.29,6.36,9.55,7.61,4.23,1.97,3.83,5.38,9.65,7.62,3.18,6.77,96.102
5.14,0.29,0.68,1.58,2.19,0.92,7.93,2.62,0.47,2.44,1.02,3.07,61.538
1.38,7.96,7.51,7.86,6.85,3.82,0.52,2.68,5.38,8.66,0.12,2.46,178.507
3.23,3.56,8.75,2.14,5.93,6.4,6.91,8.29,5.89,1.63,5.24,1.92,100.435
7.0,9.65,9.74,8.21,5.0,9.02,7.01,5.37,8.52,7.43,4.63,5.02,128.015
5.49,1.69,7.22,1.15,2.27,1.81,10.0,0.55,3.11,8.12,8.11,7.34,52.726
8.31,7.34,4.88,5.75,1.2,8.76,4.33,5.72,9.12,1.63,4.66,5.71,116.266
3.43,3.81,9.19,3.67,8.45,0.3,5.61,0.03,2.63,5.18,7.72,6.7,103.516
6.74,9.03,6.09,4.77,4.19,7.62,1.87,9.16,7.71,4.5,3.31,7.18,113.964
9.55,4.27,6.23,4.67,1.75,8.91,5.21,7.54,3.6,5.34,5.87,9.57,95.287
4.12,5.27,4.92,3.92,0.82,2.05,0.93,3.01,5.74,6.0,8.24,5.79,71.020
3.29,3.87,8.65,2.53,6.32,0.67,3.06,1.63,2.05,4.34,4.46,8.45,105.586
8.44,8.06,7.79,6.37,0.59,8.82,3.93,9.34,2.41,8.91,9.82,7.48,95.655
9.31,8.24,1.91,6.79,0.45,0.77,9.33,7.69,3.1,1.12,0.95,6.19,96.794
0.38,3.11,1.67,5.55,7.54,0.3,2.53,9.82,5.23,1.4,9.23,0.88,63.768
2.55,8.05,4.21,9.56,1.17,4.23,0.02,2.66,6.24,4.99,9.98,3.24,109.731
1.67,8.32,9.32,8.8,0.98,2.25,4.43,2.46,9.6,5.19,3.28,4.77,105.415
3.26,9.32,0.69,7.43,4.1,4.14,0.36,3.53,5.85,8.42,1.55,2.3,131.486
4.43,7.79,3.41,4.24,5.32,2.78,9.89,4.58,8.5,1.0,5.95,7.43,74.886
9.71,3.47,7.58,2.96,7.72,9.26,5.85,5.98,9.94,1.75,7.98,0.34,127.827
7.54,3.23,1.7,1.65,7.62,1.88,7.52,9.52,4.28,8.33,9.67,8.89,48.994
0.06,6.64,6.77,2.26,9.35,4.88,3.21,6.54,0.03,9.31,1.11,2.3,133.156
6.71,2.96,4.04,5.94,5.98,5.19,4.91,8.56,4.56,1.41,2.83,0.39,136.011
8.12,6.49,1.59,4.09,1.31,7.74,1.13,1.94,1.84,4.23,3.74,6.09,154.665
6.99,5.38,8.8,6.44,7.62,2.64,0.6,4.49,2.5,2.6,10.0,5.64,146.612
1.93,7.29,5.96,8.25,9.86,9.63,0.68,6.93,1.27,1.13,1.9,0.04,359.163
5.03,3.5,7.9,6.4,1.75,9.35,1.2,4.49,8.36,2.96,9.22,2.06,119.936
4.47,7.34,7.12,9.03,7.12,1.76,1.76,3.55,4.61,1.08,0.45,9.36,177.030
2.49,7.89,2.68,8.0,7.33,7.4,5.08,4.62,1.44,0.56,6.65,7.76,137.074
8.54,1.64,5.89,8.4,0.14,2.73,3.87,4.8,1.89,4.33,8.13,8.02,88.080
1.97,2.93,0.4,8.04,4.01,9.29,9.99,9.93,4.96,1.3,5.67,8.89,65.390
2.16,5.19,2.75,9.24,6.35,6.21,1.3,1.89,9.87,8.29,4.75,9.9,88.611
8.33,9.34,8.94,9.0,7.61,1.79,7.44,4.7,6.98,5.87,1.27,7.22,134.438
2.36,2.93,6.62,3.07,0.63,6.09,4.41,9.41,9.22,6.08,4.23,4.46,57.392
2.46,8.53,3.56,0.47,7.09,5.91,3.63,5.61,2.42,8.81,2.11,5.2,100.864
9.81,8.7,9.86,6.41,3.12,8.96,9.36,4.1,3.89,5.8,5.07,5.76,137.905
9.84,6.28,3.53,8.61,9.13,8.48,6.9,4.27,8.77,8.69,5.0,3.54,123.406
2.35,4.55,1.6,7.82,1.4,0.35,3.16,5.47,0.97,1.83,4.18,0.61,111.406
8.88,7.78,9.8,8.52,4.99,7.19,8.16,7.17,0.04,5.24,1.38,6.41,166.056
8.94,9.93,9.22,6.84,8.54,4.95,3.02,9.13,5.36,8.99,5.44,9.52,116.787
9.03,9.79,3.9,0.95,8.09,4.7,0.6,0.27,0.86,5.44,1.39,4.49,279.387
0.01,5.64,0.41,6.6,2.47,4.5,1.9,6.61,5.85,9.18,4.81,7.59,54.619
4.87,6.27,8.91,1.46,5.65,9.02,3.28,0.56,1.84,4.3,5.83,0.42,222.921
0.87,5.81,4.31,9.02,7.34,4.86,9.67,2.47,8.21,8.85,4.06,8.24,77.614
4.61,1.43,7.62,1.66,8.11,1.52,0.14,5.22,6.55,3.93,0.57,3.42,125.819
9.23,2.7,9.66,7.92,7.67,6.07,8.08,6.65,2.7,7.17,4.58,3.45,132.547
7.87,0.71,6.21,7.48,7.71,9.87,9.85,0.19,4.08,6.24,0.75,7.27,140.416
1.55,1.81,0.83,7.05,0.27,0.77,3.88,1.09,9.28,2.23,6.53,4.77,44.204
8.57,8.37,0.94,6.31,5.08,9.14,6.85,9.75,1.72,1.65,3.43,6.96,126.515
5.94,2.31,9.48,9.96,0.85,7.22,2.08,9.14,1.34,0.59,4.37,1.71,185.959
3.1,2.86,1.32,6.95,8.77,9.24,4.82,3.99,1.06,4.3,2.05,9.64,124.671
0.87,3.42,3.69,4.51,1.37,0.27,8.94,7.84,3.84,2.93,4.36,8.92,38.365
5.0,7.98,7.35,8.79,7.17,4.29,8.81,0.58,4.37,9.18,7.97,2.04,123.156
9.73,4.95,4.89,5.77,8.58,9.92,2.79,2.29,0.94,2.21,2.93,7.0,241.410
8.72,0.48,9.64,8.86,6.52,5.09,4.95,6.56,5.95,4.91,9.21,4.01,110.452
4.43,0.71,3.4,2.99,3.75,2.57,7.9,2.39,8.74,7.08,2.86,9.17,46.801
1.34,4.51,1.49,0.55,6.5,1.61,1.91,7.56,4.14,5.1,7.32,0.73,59.791
4.61,7.84,9.72,1.95,5.5,0.27,7.41,9.75,8.07,5.02,6.99,3.1,74.095
1.95,8.34,2.72,7.32,0.55,6.1,4.27,0.66,2.99,7.95,9.27,6.91,84.181
2.34,1.25,2.91,3.42,8.27,2.85,0.39,4.67,9.31,4.06,1.72,2.81,91.638
9.49,1.25,5.64,7.27,5.74,2.45,7.28,9.45,9.88,2.08,1.94,0.52,102.215
4.46,7.24,0.41,0.54,2.45,7.84,5.4,3.9,3.78,2.64,1.42,7.41,93.442
4.35,5.4,3.3,8.7,4.97,0.85,2.46,0.08,3.82,5.12,2.01,9.93,117.720
7.73,8.56,9.27,5.61,8.99,2.09,4.03,9.84,4.96,2.22,0.26,8.05,143.903
5.45,0.26,8.04,0.69,0.54,6.87,7.75,4.24,2.8,4.01,7.97,0.71,79.512
6.37,8.94,8.75,2.84,8.18,9.81,5.73,7.83,7.57,8.73,5.84,6.84,105.524
5.88,9.82,1.81,9.63,1.71,3.84,2.87,4.31,3.06,6.84,5.62,6.06,113.665
8.71,3.17,1.45,7.66,2.31,8.8,4.4,7.79,9.63,3.33,5.18,0.95,102.621
7.69,5.89,1.81,3.17,4.06,8.66,6.87,6.52,3.99,1.57,6.43,3.11,109.793
0.64,8.83,8.45,2.96,0.05,4.57,5.51,9.13,8.61,5.59,5.73,9.82,57.445
6.24,4.34,2.82,1.44,0.63,7.07,6.31,1.64,2.58,1.37,8.7,5.22,87.297
8.04,2.42,5.87,1.76,9.04,6.5,4.87,6.27,0.89,6.12,7.62,5.3,108.239
7.2,5.81,8.56,0.39,2.36,3.57,3.24,0.67,7.93,2.61,5.01,2.93,124.565
8.22,1.96,4.57,6.12,4.44,4.6,0.09,0.54,6.96,2.56,5.55,7.11,131.127
3.32,1.78,2.42,0.21,9.27,3.27,5.3,3.55,8.0,9.96,8.8,7.37,47.161
4.88,0.32,0.72,4.78,5.06,4.71,7.67,0.92,0.83,9.13,9.77,8.9,54.997
3.46,2.94,6.59,6.53,4.57,4.11,2.49,9.47,9.61,7.27,9.89,9.1,58.959
8.74,7.12,7.16,3.2,3.64,1.16,8.6,5.63,8.22,3.92,7.92,6.15,76.706
8.23,5.42,3.14,6.01,3.24,4.53,0.05,2.61,5.16,2.99,2.9,2.04,194.095
4.02,5.81,5.89,2.55,6.1,1.24,3.78,3.61,7.93,1.75,0.52,0.07,145.017
0.75,9.69,8.0,6.78,9.77,4.83,8.55,0.73,1.29,1.01,0.86,6.03,215.593
5.94,8.55,8.44,2.42,0.34,6.09,6.92,7.94,4.01,5.12,7.51,3.82,89.977
7.25,3.78,9.96,6.6,9.18,9.2,5.22,7.56,6.46,3.62,6.9,8.46,120.277
3.05,4.45,5.37,5.11,9.76,0.51,7.35,1.16,9.54,5.98,7.5,0.25,88.892
3.51,3.76,5.32,2.59,9.0,1.25,2.81,6.97,3.13,9.82,4.89,4.52,79.123
8.75,5.86,9.96,0.55,5.97,3.59,1.53,0.7,8.24,1.98,6.03,6.49,138.887
2.44,4.0,5.84,5.75,1.38,7.46,3.1,4.51,7.69,3.95,0.58,2.62,119.688
2.82,7.32,2.71,3.95,6.57,3.69,4.58,9.72,7.95,7.82,9.79,3.66,62.178
7.36,9.74,4.25,7.48,8.46,7.24,5.06,8.87,6.69,9.53,2.68,6.66,112.763
1.17,0.51,4.34,7.86,2.91,8.32,1.6,5.7,1.19,7.99,5.57,0.4,111.849
6.47,8.6,9.34,0.06,1.63,6.68,0.05,0.59,4.17,6.94,6.36,5.18,140.747
3.95,4.09,7.87,8.87,0.1,2.0,4.83,5.16,2.88,9.57,8.62,8.15,68.554
9.53,7.46,8.97,5.86,2.3,0.4,2.92,1.21,2.05,4.59,5.28,1.01,202.345
8.26,6.97,0.11,4.02,7.09,4.92,2.91,7.04,7.0,2.74,6.89,8.72,88.867
3.55,3.04,8.1,5.42,2.81,0.46,0.65,7.93,3.19,1.09,2.74,6.77,104.515
0.42,5.42,4.65,2.98,6.18,6.05,8.97,6.12,8.11,8.94,9.65,1.05,59.991
7.18,0.51,2.25,7.24,8.38,4.74,8.61,2.56,6.02,3.88,6.9,1.13,104.124
8.3,9.11,3.63,6.83,4.42,8.15,2.87,0.98,0.55,6.58,4.08,4.14,210.625
1.03,7.23,6.61,8.32,2.83,0.4,6.75,7.23,3.03,9.76,2.57,9.17,68.606
0.27,3.05,1.85,0.69,5.66,3.07,2.9,2.38,7.98,9.92,1.65,0.24,58.197
3.48,5.66,2.04,7.82,2.26,1.35,8.81,3.95,0.18,6.22,1.75,8.51,76.852
9.33,0.2,8.63,4.34,9.37,9.3,6.17,2.58,5.11,1.66,0.48,8.75,166.343
6.53,4.55,0.43,1.46,9.1,8.75,7.79,9.73,2.57,5.9,3.09,4.68,91.291
4.67,2.62,1.36,4.62,5.93,2.48,1.78,5.35,0.52,6.09,3.67,6.23,91.709
1.56,8.41,5.45,4.35,3.87,2.15,1.21,9.14,0.05,6.25,3.74,0.45,123.752
0.65,0.39,7.14,2.1,6.76,7.28,8.26,8.08,6.21,3.29,1.95,4.82,74.578
3.75,0.2,5.06,0.49,7.54,3.4,9.94,8.69,6.85,7.92,4.55,6.48,46.005
2.66,5.04,6.66,4.91,1.55,8.16,2.86,9.84,9.0,2.64,5.85,5.97,80.144
6.74,4.85,4.86,0.79,8.0,1.21,6.97,6.91,4.93,5.99,2.3,6.69,78.278
4.34,7.53,8.49,6.92,7.27,2.58,9.29,9.8,4.41,3.95,5.63,3.34,101.949
9.38,7.49,8.69,7.6,7.98,7.47,0.28,1.74,7.39,3.89,3.39,4.6,228.323
8.31,2.79,4.45,8.46,3.97,8.51,8.32,8.65,4.14,5.59,9.65,4.5,89.327
1.74,8.12,8.54,0.05,2.77,5.08,2.14,5.69,1.99,8.6,4.21,6.1,91.542
0.83,8.8,9.0,9.99,6.45,3.46,1.22,4.01,2.28,4.96,5.87,8.83,141.811
3.0,6.29,6.52,6.33,4.08,5.8,9.01,6.49,8.54,7.71,5.53,9.58,68.331
8.53,2.1,8.27,6.31,5.01,8.85,9.58,4.37,4.54,2.41,9.04,0.18,129.714
7.49,8.0,8.13,5.24,4.21,4.71,8.96,9.03,4.25,9.96,6.63,3.97,88.271
4.06,2.32,6.13,3.8,2.67,8.52,3.19,1.79,6.43,3.68,3.97,1.99,130.641
3.67,6.74,6.24,5.91,6.54,0.75,7.08,8.41,8.95,6.98,9.55,1.59,70.136
3.04,5.52,8.9,7.13,7.22,3.27,8.52,0.99,1.58,6.18,2.28,9.78,119.605
8.89,1.47,3.62,9.8,4.77,3.32,6.5,2.05,5.52,0.7,7.89,9.08,100.410
0.66,3.27,3.35,9.14,6.39,7.02,9.47,3.58,0.33,2.62,7.63,6.15,100.168
9.08,3.08,7.11,2.91,5.55,7.78,8.15,8.38,2.1,9.71,4.3,5.78,92.426
2.5,2.13,0.47,7.95,4.6,9.78,8.2,1.78,2.12,3.05,8.16,6.65,91.555
8.83,6.69,4.46,4.6,8.45,1.28,2.24,4.11,8.85,9.37,8.96,9.64,79.476
5.62,7.11,7.94,2.16,0.46,4.76,6.77,0.98,3.43,0.19,1.68,8.53,129.981
4.52,1.11,6.74,7.42,1.35,9.19,2.44,4.39,0.18,7.72,1.11,8.62,123.998
8.64,1.62,1.39,0.79,7.98,7.94,4.77,3.6,5.96,0.29,6.02,9.48,94.157
2.09,4.4,9.55,9.66,2.24,8.43,0.84,6.51,7.02,9.93,9.68,2.63,99.344
8.97,7.52,6.5,3.5,4.1,9.87,3.99,2.77,8.83,7.92,7.98,0.62,126.004
9.67,0.06,6.24,8.69,9.94,0.64,4.7,3.09,5.59,1.84,9.27,7.4,110.505
5.86,9.8,9.54,8.67,2.97,1.01,0.84,4.5,4.23,3.78,4.89,4.22,168.522
3.88,0.15,6.87,2.48,0.22,7.9,8.21,0.57,8.81,6.88,7.3,0.32,66.999
5.6,9.72,5.22,8.66,0.98,9.99,9.1,1.07,2.97,9.87,3.38,5.45,126.162
5.27,2.82,7.25,5.29,5.56,7.68,7.01,3.24,7.23,0.48,5.67,0.66,139.440
6.71,2.27,4.73,8.96,3.93,0.98,5.31,4.6,8.94,0.84,8.53,8.28,75.562
6.82,5.12,5.94,5.82,0.09,5.44,6.4,0.63,3.62,6.5,9.48,4.49,93.927
4.55,2.15,1.15,1.03,1.68,2.34,5.54,4.47,9.36,4.72,8.27,2.94,36.544
3.47,2.95,2.26,6.42,7.19,3.55,4.42,1.61,5.11,7.8,5.65,2.54,95.245
0.86,4.63,9.38,2.66,3.35,9.1,9.5,0.98,4.01,0.12,6.05,0.42,142.220
2.3,1.5,3.66,5.68,8.24,7.67,9.15,0.39,7.42,2.18,4.38,4.65,103.124
0.48,5.54,2.53,2.54,1.0,6.08,3.36,7.27,2.1,2.34,9.11,6.89,58.481
5.24,1.81,6.47,9.29,8.92,3.49,5.14,4.54,5.09,3.72,4.79,3.68,130.638
9.04,3.34,4.69,5.24,0.94,8.36,9.91,2.73,9.89,2.63,4.95,4.56,91.174
5.91,3.79,3.09,4.75,8.36,5.76,8.3,7.78,0.76,9.48,4.9,4.26,89.233
3.04,3.75,8.51,5.63,5.12,8.26,2.2,8.61,3.37,7.8,0.67,3.44,131.506
3.69,8.77,9.73,2.38,7.49,6.84,1.9,2.88,7.51,4.0,0.35,8.67,153.694
2.94,0.48,3.31,1.71,6.73,8.47,2.46,1.88,3.91,6.61,3.78,3.66,106.009
4.86,5.82,4.21,3.49,5.97,5.67,9.84,9.54,5.56,6.07,1.41,4.71,80.851
6.74,8.28,4.18,4.96,0.26,7.31,6.65,7.12,0.55,6.0,6.52,2.0,110.021
8.23,7.19,6.82,3.61,6.66,5.71,8.91,0.13,6.74,2.94,7.33,5.81,119.962
2.4,4.22,6.03,2.88,0.91,4.13,9.55,5.49,0.36,2.49,3.98,6.42,72.711
6.53,8.67,6.13,5.03,5.25,2.7,9.34,4.39,0.16,4.58,9.26,0.93,119.714
6.43,3.05,7.62,4.27,3.08,8.02,9.38,0.3,9.64,2.13,8.94,0.93,103.672
3.62,3.02,4.11,8.88,6.36,7.32,1.99,8.56,7.44,5.64,3.3,4.64,105.512
2.82,7.51,0.34,5.4,5.66,3.1,2.71,9.11,4.42,3.83,5.39,3.45,85.887
6.58,3.87,6.78,9.15,5.6,6.07,0.06,1.98,0.74,1.15,7.91,3.64,245.801
0.54,5.54,8.41,2.33,1.69,1.38,4.18,7.5,0.48,8.29,7.58,8.89,53.873
7.42,4.46,2.52,7.98,2.73,8.49,6.83,4.58,1.75,5.0,6.77,3.39,118.644
0.9,8.59,6.25,1.58,2.98,9.22,7.2,9.17,9.94,3.39,2.04,9.99,70.740
3.69,1.06,4.15,6.01,5.09,1.46,8.73,6.82,4.49,1.79,5.16,8.94,59.727
1.43,4.9,9.43,9.33,9.23,8.65,8.82,7.75,1.9,2.89,7.84,3.05,133.240
8.19,6.66,6.16,4.61,6.47,6.17,7.02,8.43,8.89,6.66,2.12,0.3,114.482
5.06,8.23,8.96,1.87,6.13,2.65,4.23,7.86,5.41,0.41,8.8,8.35,93.839
6.18,0.93,5.34,2.82,6.87,2.44,3.94,2.96,7.37,7.02,8.39,9.46,62.800
6.6,5.9,2.39,3.98,4.76,6.66,6.14,4.7,0.44,1.61,0.42,0.38,221.256
1.69,1.9,1.63,7.04,0.98,5.97,6.95,8.94,5.81,7.18,8.81,7.11,42.879
4.36,8.34,4.39,7.15,7.91,6.98,0.32,8.6,7.03,8.62,0.02,1.08,152.435
8.14,1.55,7.81,7.38,8.03,4.9,6.18,6.24,8.09,2.1,0.17,0.84,160.076
8.3,4.18,9.4,7.4,5.85,5.15,8.06,5.05,6.79,1.49,1.82,5.62,139.716
1.05,5.19,8.57,7.48,4.21,8.18,0.43,1.89,1.24,0.58,4.37,5.51,247.361
0.08,0.72,5.68,4.15,9.09,4.42,2.48,9.94,2.66,7.84,0.14,7.58,78.786
2.06,4.47,7.04,1.58,5.35,4.05,4.79,8.55,7.32,4.49,9.52,2.65,65.782
9.04,6.7,6.79,6.95,7.74,5.99,5.66,3.03,1.81,0.47,2.96,5.95,217.354
8.45,0.57,2.17,3.46,8.75,8.77,4.66,8.72,1.33,9.96,7.58,8.86,78.253
3.51,5.05,3.97,3.86,5.26,9.4,4.54,3.36,7.82,2.57,7.83,1.21,113.611
9.05,7.86,7.2,3.72,9.93,6.82,9.35,9.47,5.27,5.56,4.93,7.5,105.941
7.21,3.85,6.74,1.76,2.28,2.14,3.03,9.08,3.28,0.13,8.54,4.6,83.671
9.8,9.44,0.25,8.93,5.11,8.7,6.13,6.26,5.21,3.25,2.1,0.22,182.262
4.59,1.49,0.93,0.35,0.99,6.46,4.62,2.95,6.97,4.03,8.0,0.17,55.385
6.4,2.7,7.32,0.97,1.74,0.06,2.38,5.75,1.4,5.72,5.63,3.3,79.363
1.71,6.47,2.21,9.23,0.8,6.02,3.96,5.52,5.38,1.21,5.39,0.23,121.899
7.62,5.33,6.62,2.85,0.77,4.77,3.7,4.85,5.6,6.48,5.6,10.0,77.174
7.31,7.84,4.89,3.26,1.43,5.72,4.15,6.27,0.29,0.14,4.7,3.44,160.348
3.28,4.43,1.46,3.78,8.61,4.4,1.06,4.32,0.14,2.18,5.04,0.53,195.629
8.48,1.71,6.92,0.26,2.49,9.05,5.79,3.25,0.35,4.53,7.52,3.34,116.667
8.93,5.67,5.15,5.41,5.81,8.08,1.33,0.96,2.44,1.82,5.85,9.28,180.120
2.94,2.99,3.09,3.47,1.37,7.56,8.18,8.14,3.96,9.9,3.66,6.4,53.231
3.28,5.1,3.3,0.14,8.0,7.5,2.05,9.67,4.54,5.37,4.27,9.12,78.013
5.51,1.85,5.32,4.38,4.44,5.68,3.39,1.37,8.04,0.4,6.27,3.24,119.683
9.53,1.17,1.08,0.82,6.34,2.15,3.9,3.54,4.74,6.37,6.5,4.71,70.867
5.77,6.79,1.32,6.02,5.23,5.13,1.5,1.27,5.37,6.54,3.98,7.04,117.743
8.29,4.83,3.71,0.62,6.67,4.28,0.98,9.97,5.15,9.36,7.48,4.23,76.406
5.32,9.85,6.67,6.73,6.88,6.63,5.87,9.2,7.57,7.5,2.43,0.42,127.554
3.37,9.73,6.74,9.62,0.96,0.04,8.43,4.59,7.72,1.51,0.09,5.43,109.687
3.92,2.58,7.06,9.22,3.06,3.49,2.25,7.27,7.91,4.33,4.72,6.74,88.290
1.52,5.55,5.74,7.01,2.69,7.17,3.0,9.95,9.07,1.84,7.63,1.26,90.626
6.98,1.33,8.94,3.0,5.52,9.75,3.03,2.99,0.75,9.72,8.94,1.11,133.836
1.76,1.48,2.38,8.93,5.07,5.21,3.12,1.86,7.6,0.41,9.57,8.31,80.434
8.71,8.36,6.39,1.73,6.6,1.82,9.39,2.91,5.97,1.64,4.33,7.27,106.665
2.37,9.99,0.1,0.72,8.62,7.59,9.38,4.15,0.79,8.09,7.12,0.58,97.609
6.7,2.72,1.52,1.83,6.84,5.41,4.26,3.62,5.99,3.82,0.35,8.65,93.743
2.1,2.63,3.42,0.69,5.88,7.41,7.76,9.34,2.49,1.48,0.96,7.88,73.989
8.37,9.83,4.17,0.85,1.31,7.04,8.67,6.89,5.26,2.62,7.79,3.56,90.744
6.97,3.96,3.15,2.09,5.19,0.39,5.26,8.8,1.13,9.68,4.41,0.05,74.156
0.67,2.44,9.7,3.8,5.52,0.22,7.41,8.3,4.91,0.52,6.61,7.28,63.802
9.21,3.56,2.36,9.54,7.01,7.2,9.95,2.85,9.01,2.05,0.07,8.79,118.826
8.71,9.86,1.05,8.93,3.57,2.97,1.28,5.68,9.43,4.96,0.18,2.46,146.269
5.25,2.62,7.66,9.21,4.95,7.54,7.18,2.85,3.54,4.09,4.84,5.27,134.066
5.57,4.29,1.81,3.85,8.0,7.18,9.73,8.3,1.67,1.99,9.89,5.12,83.651
3.55,7.58,1.86,6.0,2.9,9.2,9.49,5.99,4.27,3.75,2.03,4.93,102.068
6.39,0.4,2.62,6.64,9.14,4.82,0.87,7.55,6.99,6.77,9.39,1.32,91.244
1.34,9.84,5.58,4.41,8.42,2.53,8.63,4.83,5.44,3.49,7.94,8.94,81.793
9.87,0.85,7.97,1.01,8.13,8.07,6.83,1.96,1.38,9.06,5.62,6.61,114.113
7.77,4.95,9.64,7.82,0.14,5.41,0.31,3.91,2.53,3.73,1.53,6.46,193.449
1.37,2.21,1.53,6.29,0.38,5.78,6.0,8.36,6.66,2.97,1.35,5.83,56.336
4.43,3.72,5.15,7.94,6.6,4.62,1.67,5.07,2.66,5.63,9.94,3.69,113.259
8.33,4.26,9.42,8.16,0.85,4.23,1.49,8.96,5.84,6.8,5.14,0.71,121.804
9.24,1.36,1.64,8.14,8.32,5.17,0.16,7.13,1.02,6.17,5.0,1.01,165.300
3.86,0.64,4.26,4.52,0.31,2.71,5.93,4.13,1.16,5.28,2.7,6.25,64.047
6.12,6.38,2.71,1.21,3.47,3.64,9.09,7.75,0.57,3.49,0.02,1.49,104.998
1.98,1.25,0.48,2.39,0.19,0.16,7.59,7.15,2.66,3.92,1.21,4.57,23.801
3.56,6.32,9.29,2.51,2.75,9.74,0.54,8.14,8.49,0.62,7.47,2.95,121.127
0.63,1.3,2.19,1.07,6.09,2.95,8.24,7.12,1.77,1.66,8.81,0.78,50.141
2.3,9.49,8.31,4.34,7.64,6.79,3.55,0.61,8.09,2.15,4.87,1.46,187.506
5.66,3.64,9.83,8.1,9.24,4.43,9.06,2.69,7.71,3.03,0.02,8.33,132.620
5.46,9.01,8.67,7.49,6.66,8.67,6.68,4.9,9.38,4.19,6.95,2.67,132.183
0.36,4.22,8.83,1.7,8.19,7.79,6.85,2.36,1.05,3.47,6.3,1.93,141.576
7.28,9.87,3.02,6.24,0.13,9.07,8.76,2.28,6.7,2.84,8.67,1.82,114.612
7.45,8.98,6.11,4.37,6.4,4.83,9.98,8.33,9.96,8.67,8.97,6.27,73.093
9.78,3.07,9.68,6.84,1.08,4.84,4.27,2.27,7.79,5.26,8.77,7.29,98.990
7.21,8.1,7.13,8.4,2.3,7.9,0.84,1.39,8.1,8.7,6.81,9.19,117.157
6.62,8.45,7.68,3.25,4.18,8.79,5.55,7.85,1.08,8.32,2.97,1.94,140.635
7.84,9.04,4.16,4.81,0.75,5.37,2.51,3.57,6.14,8.57,0.2,6.7,115.457
1.35,8.05,6.15,1.71,3.17,2.59,2.49,4.7,3.19,4.87,1.37,7.39,95.877
8.79,5.12,0.39,0.52,8.9,9.03,6.75,2.14,2.18,2.24,3.75,0.18,189.965
6.24,4.96,2.31,7.35,1.97,1.65,7.03,2.73,2.33,0.75,3.3,1.73,136.989
2.51,0.9,4.97,8.11,2.2,8.9,2.06,7.97,9.76,4.4,1.01,9.75,78.941
6.82,3.27,0.88,4.88,1.18,2.99,4.44,5.95,3.39,3.65,3.05,3.71,82.761
2.06,3.88,1.97,0.48,4.37,8.27,2.31,0.02,1.19,8.7,8.48,1.66,94.052
9.95,5.42,7.22,0.74,1.14,4.65,0.96,2.82,6.26,8.38,1.67,9.61,98.047
9.37,7.04,7.05,5.58,0.51,0.38,9.61,5.56,7.22,9.19,9.29,7.78,61.521
8.56,7.77,7.12,2.96,6.76,2.8,5.68,6.28,8.41,0.16,0.58,0.87,163.649
1.24,3.83,2.08,1.21,9.96,5.57,7.99,3.6,5.11,6.71,8.61,6.23,62.458
7.27,8.47,1.99,3.38,6.3,4.07,6.07,7.6,4.25,3.45,5.72,4.19,100.639
5.77,0.49,1.26,3.12,5.63,9.11,4.44,6.89,8.85,5.91,0.89,0.66,91.823
4.92,7.01,5.19,2.84,3.55,8.53,5.86,6.4,2.87,4.9,2.77,7.8,104.706
0.37,5.03,7.03,2.28,7.62,5.78,9.49,1.59,9.11,8.27,1.06,2.99,86.466
0.66,7.22,9.35,0.88,9.54,5.76,2.78,2.7,8.13,6.0,5.25,0.32,132.685
4.36,1.12,8.76,0.36,9.56,4.33,2.38,2.08,8.18,6.93,4.81,9.32,84.540
3.45,4.71,6.56,7.73,0.51,1.67,2.29,6.18,4.32,1.87,0.27,1.9,146.346
2.58,6.64,1.84,4.08,5.5,3.72,7.27,7.51,6.49,4.44,6.83,1.27,72.050
1.13,5.5,4.82,1.97,8.84,3.8,4.33,9.94,3.16,7.13,9.78,2.26,71.202
4.81,1.78,7.75,1.53,4.4,5.52,3.62,3.37,6.37,4.68,0.96,0.74,130.648
8.68,2.79,6.92,6.97,9.32,1.5,6.02,4.22,2.19,1.34,2.69,9.15,141.273
9.92,7.22,9.0,2.4,9.81,10.0,4.29,1.59,2.96,6.67,6.1,5.5,178.347
3.11,4.42,1.47,7.39,7.88,9.88,9.86,4.68,0.17,1.04,2.96,6.02,138.091
5.75,0.52,5.54,3.97,6.13,6.75,9.47,6.33,0.72,9.98,8.09,9.2,65.449
4.81,0.86,6.44,9.47,3.11,0.18,5.97,1.6,0.6,2.9,3.61,2.75,142.685
3.63,5.55,7.35,7.15,1.46,8.68,2.33,9.15,4.64,6.39,1.19,5.5,115.822
8.53,7.93,9.89,0.89,0.13,4.71,5.08,6.85,6.72,0.05,7.28,6.08,100.062
5.1,3.64,6.46,4.85,7.87,4.7,1.14,1.44,4.96,3.58,3.49,3.53,179.824
2.23,7.68,9.97,3.19,9.68,5.36,6.86,9.92,7.39,0.3,2.17,8.45,108.606
7.64,2.35,7.38,7.06,0.14,1.91,7.02,4.03,0.44,4.35,8.73,1.52,101.495
5.62,3.8,0.76,1.43,6.55,8.5,2.57,5.14,3.57,3.58,4.22,8.63,96.211
8.4,1.63,7.85,0.67,6.9,4.63,2.27,6.41,9.6,6.63,0.32,3.22,105.729
4.86,3.02,3.02,1.66,1.17,9.2,3.77,3.43,5.67,9.07,5.33,4.66,71.813
4.68,4.88,8.18,6.59,4.72,6.73,3.3,7.85,9.38,2.96,6.51,5.92,99.610
3.9,0.2,1.97,2.7,8.41,2.81,4.49,5.18,6.32,6.05,8.11,9.97,49.826
1.86,9.36,6.77,5.46,9.28,8.48,9.73,8.06,7.31,1.97,0.49,9.65,110.750
5.42,8.13,0.34,5.8,0.82,9.45,8.48,0.07,2.54,2.04,7.76,2.6,127.544
7.55,3.73,3.27,7.43,1.37,5.48,1.71,4.44,8.97,6.24,2.54,0.98,115.876
9.83,1.05,0.27,5.95,1.8,6.06,0.57,6.02,7.04,8.99,4.99,3.32,80.698
8.28,9.75,7.78,6.12,1.17,1.6,4.9,2.07,7.48,7.28,5.49,7.45,100.087
3.66,4.62,2.55,1.55,9.49,7.38,3.05,5.53,1.03,5.62,9.83,1.39,110.586
7.55,9.7,3.6,5.99,7.89,7.51,2.64,4.41,0.08,8.78,7.48,0.42,177.404
6.98,9.05,6.38,0.07,2.62,4.88,8.78,6.3,4.52,8.6,8.58,4.24,73.086
7.18,7.68,5.28,5.24,6.38,3.35,6.85,4.71,3.38,7.39,3.17,9.27,100.978
0.31,0.08,6.12,8.17,1.26,5.32,4.03,2.09,7.15,0.77,0.41,3.59,117.849
1.98,8.78,1.26,2.89,7.72,5.13,5.43,9.03,1.88,6.46,9.31,7.95,69.296
4.53,8.73,4.43,7.17,5.74,2.91,1.44,5.11,6.62,8.13,8.65,2.32,103.843
5.28,5.12,6.27,9.6,2.16,6.21,8.06,8.08,2.55,9.97,5.92,4.13,89.486
3.52,1.94,4.58,9.38,3.45,6.9,6.05,5.24,9.05,7.43,3.28,8.3,75.654
3.32,3.43,1.59,4.53,4.02,4.16,8.3,6.29,0.57,6.89,10.0,4.09,58.246
1.99,1.89,1.04,5.75,7.16,6.7,4.08,2.54,5.33,3.61,2.31,9.15,90.785
6.6,1.88,0.07,0.15,2.93,3.01,1.54,9.63,7.61,4.67,0.2,2.12,56.810
4.5,8.2,0.53,3.13,0.46,4.59,5.29,4.25,2.68,7.01,2.02,8.7,71.486
6.77,5.93,4.22,3.52,3.0,3.12,1.16,0.5,0.22,0.08,5.84,2.83,249.859
9.34,6.48,4.76,9.18,5.45,9.04,5.79,4.96,1.72,2.82,8.55,4.19,157.867
2.61,6.36,3.72,8.3,7.91,1.99,0.02,1.53,7.46,5.41,4.8,7.46,115.780
2.42,6.47,0.25,8.28,0.53,5.83,3.61,1.03,6.1,8.32,1.46,9.73,78.612
0.27,9.67,3.02,3.7,8.55,3.65,3.75,6.17,4.1,5.67,8.43,6.5,83.362
4.83,7.2,5.28,9.73,3.86,5.13,1.27,7.96,1.46,5.85,6.45,4.15,132.756
8.2,5.63,8.51,4.23,5.4,5.18,2.99,9.01,5.83,7.82,0.63,5.55,116.714
2.87,0.64,8.7,6.1,1.85,0.17,0.48,6.94,9.6,1.85,0.1,4.95,84.992
6.55,0.65,1.18,7.65,6.81,5.24,9.03,1.33,9.46,9.03,8.02,4.08,68.571
0.6,8.15,3.81,2.66,4.25,3.89,0.56,1.54,4.85,7.78,1.17,1.08,137.574
5.29,8.71,7.92,2.73,0.18,8.43,6.39,0.57,7.03,3.68,7.0,4.39,114.453
4.2,3.7,8.39,9.52,6.73,0.72,2.98,4.28,9.59,9.64,9.76,5.27,80.106
5.9,8.93,6.83,4.72,0.98,9.14,8.89,0.04,3.97,2.14,10.0,2.62,131.960
3.16,5.57,3.03,8.41,0.12,9.34,1.67,2.12,5.91,2.64,0.49,6.76,151.251
8.07,9.64,3.59,9.92,1.57,5.23,8.34,8.0,1.67,0.78,1.22,1.85,173.925
4.95,9.0,6.24,3.5,9.38,4.85,7.82,3.1,4.62,1.69,9.58,2.84,127.892
7.51,5.8,7.66,9.29,0.48,8.75,3.72,2.93,7.77,8.67,9.57,9.01,94.768
6.79,6.86,0.26,8.77,8.9,4.35,8.55,0.74,5.8,8.33,3.8,3.04,118.738
2.17,4.23,6.67,0.17,3.2,6.51,2.45,3.69,7.82,9.91,0.42,4.77,78.975
7.19,7.19,8.18,6.55,5.13,4.25,9.3,0.83,1.57,0.41,4.92,3.68,185.852
4.57,8.93,7.48,7.15,5.88,6.07,5.08,1.63,1.29,4.23,7.71,5.06,160.320
1.91,5.02,5.72,8.11,6.7,3.01,4.92,5.89,6.63,1.45,8.79,8.95,83.183
4.98,8.34,4.56,7.5,5.28,6.48,2.57,2.72,1.55,4.28,6.85,0.36,202.619
0.58,5.93,0.42,4.64,2.39,0.84,3.78,5.57,7.57,8.37,0.12,6.2,46.821
6.77,9.42,5.56,5.79,1.5,0.73,0.48,0.48,5.76,4.67,5.11,0.54,174.707
1.79,7.31,2.21,7.27,9.66,4.8,1.95,2.37,5.11,1.73,8.4,7.1,123.931
0.97,2.53,0.34,8.68,3.51,1.74,5.41,2.67,9.97,1.65,6.87,3.38,59.332
8.88,0.51,2.04,1.94,2.33,4.79,5.25,7.33,5.98,6.22,1.93,2.25,70.753
4.07,2.71,7.61,5.19,4.09,0.7,9.8,1.45,6.92,0.58,1.67,8.57,84.063
3.9,8.52,3.71,3.2,7.6,3.9,4.93,6.88,4.74,3.64,9.58,9.24,79.031
4.37,1.44,9.63,6.85,7.92,4.07,2.29,3.6,7.43,3.63,3.79,7.93,119.567
5.97,2.08,8.14,3.37,1.87,0.61,7.34,2.99,1.88,2.39,0.09,2.26,130.029
1.16,8.99,8.18,0.87,9.99,4.23,3.46,0.48,1.4,8.41,7.93,3.0,135.413
6.21,2.98,1.43,7.89,1.2,6.11,9.63,6.84,6.67,5.12,3.05,4.44,72.224
5.68,3.32,8.87,1.97,4.91,7.59,4.28,7.83,0.35,1.99,9.71,1.4,126.526
6.09,3.12,3.07,9.73,3.83,7.18,2.43,3.58,3.78,7.59,9.82,1.18,116.350
1.7,9.39,3.84,8.67,2.88,0.13,3.83,2.68,3.21,1.5,7.85,5.44,108.568
2.83,0.17,2.0,3.03,2.63,8.66,6.68,4.73,3.03,6.3,2.68,6.56,64.443
3.94,8.01,9.92,1.63,7.9,6.71,4.66,9.56,2.3,8.68,3.42,7.84,104.526
2.87,3.26,5.51,1.6,5.9,3.0,0.76,1.51,3.29,6.16,1.7,9.48,96.681
4.39,3.53,6.83,5.18,7.62,8.37,5.69,1.79,7.19,8.49,4.56,5.8,107.160
3.34,6.94,0.08,6.28,1.18,4.13,6.32,1.98,8.02,0.8,4.89,0.04,99.546
7.04,9.63,8.77,2.65,6.55,9.02,5.33,3.98,1.48,6.84,10.0,6.25,128.867
8.6,4.86,7.75,4.58,6.97,6.32,8.08,8.07,6.27,3.18,5.99,3.32,111.945
5.45,5.21,5.68,7.27,6.74,6.22,6.09,4.48,0.14,3.32,1.47,9.56,145.930
1.3,8.11,0.69,5.27,7.99,6.98,2.8,3.23,4.79,5.52,2.57,2.6,141.051
2.37,6.0,8.29,3.28,7.78,5.18,6.09,3.21,6.74,5.54,8.76,1.38,103.720
9.0,8.25,0.11,7.12,4.11,3.93,6.77,9.86,8.18,9.4,6.1,8.5,66.626
0.93,8.2,1.33,7.7,1.14,2.9,2.48,8.76,7.55,0.59,1.37,8.9,74.874
7.86,8.53,2.83,5.0,1.79,4.8,4.14,7.01,6.73,5.28,1.06,5.96,102.087
9.87,8.13,3.88,9.34,8.36,7.21,6.34,7.76,9.33,2.61,1.92,4.96,142.132
5.43,6.23,4.6,5.19,6.83,2.15,8.65,2.12,9.79,0.25,6.39,5.62,92.718
5.47,8.79,5.18,5.17,7.67,6.2,5.43,6.97,6.71,5.97,2.81,6.68,111.310
4.08,0.69,6.09,4.7,3.0,5.36,2.71,5.92,5.33,4.8,9.78,2.46,77.161
2.13,1.43,5.34,3.43,9.11,0.63,6.88,3.79,5.16,6.7,6.22,5.84,63.805
8.28,0.62,4.81,9.1,6.56,8.72,1.69,3.5,8.85,0.39,7.84,8.49,123.830
6.2,4.14,7.99,3.99,5.66,2.9,4.58,2.58,1.8,2.44,8.88,3.48,129.966
7.68,6.17,4.48,7.0,6.19,9.24,6.79,6.68,2.68,2.73,4.15,7.4,133.947
1.2,7.67,4.49,5.2,9.58,1.79,7.12,5.36,2.67,1.42,4.15,1.69,133.556
4.59,0.67,4.87,1.14,7.13,3.22,7.57,4.71,9.15,6.81,5.11,4.78,56.701
3.67,5.39,1.49,8.55,4.53,6.06,8.78,5.61,1.34,4.71,0.66,7.36,104.322
4.23,8.89,5.2,0.05,7.19,6.94,6.15,6.97,6.74,0.74,1.65,4.75,120.370
8.12,1.7,8.55,5.52,4.95,3.29,8.4,6.03,6.61,7.04,1.55,3.72,96.342
9.34,0.74,1.05,2.09,0.74,4.41,9.08,5.52,9.03,7.81,1.5,0.41,55.082
3.02,3.82,4.24,4.24,4.22,6.81,5.82,5.76,3.45,8.93,7.25,3.37,76.200
8.43,4.35,6.88,0.21,1.99,3.26,7.19,3.34,0.24,9.26,6.58,8.3,71.956
4.89,9.59,5.35,1.65,6.71,4.72,0.08,1.78,3.35,6.27,8.81,6.55,122.615
1.43,2.52,9.65,5.26,4.7,5.97,7.06,0.09,0.76,6.84,8.02,6.8,99.865
3.77,7.01,8.53,5.27,8.23,5.57,1.28,8.48,5.26,5.92,3.76,2.44,141.415
6.14,4.36,6.01,7.02,9.78,6.98,3.12,2.16,7.1,0.18,9.31,0.87,177.177
9.28,5.74,6.13,9.95,7.63,0.69,1.8,6.44,5.3,5.13,9.02,0.48,139.936
2.63,6.6,1.82,4.46,2.15,9.75,2.25,4.28,2.57,4.58,0.48,9.06,118.045
6.4,9.62,5.45,4.88,3.86,8.92,7.24,9.44,9.98,3.47,4.78,9.96,87.207
4.5,1.48,3.63,6.0,0.72,0.69,1.86,9.09,8.5,4.59,2.56,9.29,47.423
6.97,2.28,1.58,8.87,0.8,3.16,1.49,6.51,2.06,9.0,7.11,8.28,68.679
9.0,1.95,1.98,7.89,2.76,2.84,3.76,6.04,3.3,9.12,9.95,6.42,68.463
8.61,3.18,2.33,4.3,9.29,6.21,0.29,8.34,1.28,5.62,6.54,1.07,146.586
0.62,2.53,6.7,6.25,7.42,1.55,6.24,3.93,0.5,7.54,4.1,8.42,81.582
3.74,3.81,3.35,2.39,5.64,4.78,9.05,0.17,1.61,6.55,3.38,8.19,81.900
6.63,2.33,2.32,9.53,2.79,8.97,3.7,0.09,3.06,2.08,3.58,3.93,198.114
4.4,9.3,6.68,8.77,0.43,8.15,5.65,4.93,5.84,2.29,6.68,3.96,128.552
6.95,4.23,7.62,6.01,3.71,4.82,4.06,3.54,2.93,8.13,4.34,9.31,103.188
7.52,1.84,3.1,8.25,3.97,6.9,7.41,1.79,8.27,8.73,9.4,2.43,83.040
9.5,2.08,2.81,5.17,0.48,5.89,8.8,7.15,4.54,9.51,9.75,0.01,65.216
4.04,0.01,2.75,9.34,8.13,6.97,4.28,9.29,9.04,7.44,7.68,9.12,66.681
1.87,7.89,8.09,2.86,0.89,6.38,7.1,1.57,7.43,9.49,3.74,7.91,75.134
0.97,9.14,8.94,5.57,0.26,5.44,8.12,5.3,1.06,3.78,5.95,1.32,118.762
1.61,3.72,1.05,8.13,5.25,7.36,8.82,4.44,3.8,3.89,6.34,0.87,96.307
7.91,5.48,8.63,8.7,0.04,4.16,4.36,4.51,5.59,8.54,3.7,0.41,128.809
4.43,0.63,5.21,0.74,7.94,8.71,9.04,1.88,0.4,3.43,8.46,8.92,86.088
7.15,3.98,1.92,7.45,6.55,6.7,0.23,2.11,0.81,8.01,5.75,2.02,178.288
9.47,4.03,3.94,8.08,9.81,9.44,8.84,0.48,4.14,8.48,5.84,5.78,133.403
7.73,1.72,7.19,9.18,9.61,2.88,0.04,8.1,1.7,9.19,7.42,5.68,119.234
0.86,1.52,2.43,7.22,2.29,9.86,0.75,6.36,2.61,0.45,2.1,9.08,113.255
7.77,7.39,8.4,0.97,7.44,9.29,2.38,2.8,9.58,0.08,1.88,8.66,162.569
0.55,3.56,4.72,1.56,2.41,1.83,7.6,4.94,2.3,0.76,8.85,1.57,56.226
0.18,1.87,2.29,8.23,7.13,9.94,8.93,4.54,7.09,0.06,2.66,6.19,100.577
3.34,9.99,5.53,2.24,0.2,7.02,7.37,9.18,1.33,3.44,6.55,9.39,76.006
7.31,7.28,7.33,8.66,9.18,2.87,2.33,0.24,7.0,2.8,7.7,5.07,169.570
9.82,7.9,4.17,9.68,2.89,7.93,7.29,4.05,5.93,3.18,8.53,9.66,109.705
2.35,8.9,0.34,0.73,3.29,9.26,0.95,0.68,5.16,8.14,1.92,5.34,112.078
5.97,4.66,0.45,4.21,6.51,4.53,8.44,8.39,4.91,2.52,8.82,9.15,62.349
9.98,10.0,4.51,7.69,1.85,5.99,3.44,8.77,1.67,4.98,3.12,9.78,126.008
4.48,8.64,3.08,9.84,2.91,9.84,4.65,1.08,8.63,9.47,5.17,1.28,128.104
4.63,6.71,0.13,0.07,2.06,8.13,9.35,2.16,6.21,7.52,7.38,8.49,52.858
6.81,9.57,7.66,8.39,1.16,8.87,0.95,4.56,6.33,1.36,0.33,1.37,284.966
1.64,7.29,6.77,8.01,1.1,9.03,0.65,4.42,2.04,2.78,2.01,0.68,268.998
9.01,6.77,2.53,4.46,3.04,3.01,2.71,9.84,8.54,3.49,9.42,9.96,65.560
2.98,4.16,6.16,5.59,3.1,5.1,5.38,1.98,8.21,5.05,4.95,4.28,90.754
6.14,4.72,5.23,4.28,4.66,4.51,4.91,7.85,8.97,3.99,6.9,2.36,84.448
5.54,5.51,8.46,9.68,6.63,5.1,1.13,4.84,1.2,0.51,1.44,7.76,242.417
1.58,9.3,6.57,7.73,0.02,5.45,6.26,4.31,9.93,2.25,7.78,6.64,82.459
9.68,1.69,9.53,8.74,2.86,0.75,0.44,3.86,3.24,6.13,9.02,4.25,123.422
3.42,9.66,7.94,8.46,2.02,1.19,0.02,0.82,4.63,0.25,3.61,1.62,298.539
4.74,3.01,7.31,0.28,2.85,7.8,6.54,6.43,1.61,9.45,7.5,3.61,73.961
9.48,7.47,4.42,2.72,5.5,7.96,7.51,1.92,2.09,7.32,7.75,2.09,130.927
1.53,1.65,9.27,4.55,2.17,9.49,4.73,5.03,0.17,9.06,4.92,4.44,101.093
0.36,9.17,2.53,0.78,2.52,5.13,6.18,0.93,8.35,3.62,5.6,4.8,69.505
7.98,0.22,5.58,5.89,7.33,2.79,5.35,0.13,1.15,5.08,8.41,7.18,109.121
8.1,7.44,0.33,5.04,5.29,7.86,6.18,3.81,6.56,0.87,1.25,5.56,140.570
5.2,1.6,4.26,1.77,4.78,1.98,5.6,8.08,5.63,4.27,3.68,2.82,65.126
7.98,3.16,9.6,4.43,3.92,9.98,6.24,8.11,5.01,8.45,3.31,4.37,110.087
9.01,0.36,8.55,8.55,3.47,0.42,2.85,3.0,6.28,5.72,5.24,4.15,111.454
0.09,3.7,1.54,6.12,5.31,0.72,8.27,8.72,8.65,0.96,4.33,8.39,44.456
3.19,2.4,0.87,2.15,3.28,6.85,4.93,6.53,2.69,1.68,6.77,6.34,64.755
0.56,5.84,1.68,1.07,0.14,8.97,7.68,6.78,1.81,3.56,4.62,1.73,69.748
7.62,8.07,9.86,6.01,1.91,3.33,0.08,5.02,6.48,0.12,7.41,2.47,170.528
6.52,2.29,4.35,9.72,3.0,2.04,0.74,1.0,1.09,5.08,8.4,2.34,149.705
7.8,0.34,4.67,8.56,9.39,0.41,3.77,4.73,1.69,0.32,7.22,0.24,173.456
7.45,6.7,5.35,3.94,3.27,3.1,7.45,7.65,8.34,4.16,3.78,8.7,74.376
5.33,4.16,4.16,6.69,7.71,1.77,1.34,5.0,0.26,2.98,0.97,1.81,241.262
4.73,2.09,4.38,3.92,1.57,7.35,4.85,4.76,2.28,2.32,5.14,1.75,113.934
4.0,7.49,4.93,3.36,8.03,6.8,6.01,8.18,1.57,9.79,0.32,3.8,116.650
6.64,5.96,0.26,7.8,2.35,7.24,8.17,5.46,3.08,6.13,5.98,2.1,97.833
8.84,3.03,5.09,10.0,4.68,1.45,8.78,0.26,2.12,6.22,1.86,2.8,150.136
1.29,5.6,5.59,0.28,2.28,1.95,0.59,4.59,8.19,1.82,8.14,9.05,52.471
7.8,6.98,8.42,1.93,8.45,2.77,7.66,4.32,0.77,4.78,8.39,1.18,134.133
9.43,9.42,0.34,8.09,3.83,6.17,8.36,3.58,4.94,3.75,1.6,4.84,137.717
2.89,5.46,0.87,7.07,8.79,7.71,1.26,3.35,2.58,2.67,8.24,8.2,124.677
8.17,8.81,0.09,7.16,2.21,0.98,6.66,1.28,7.68,2.77,5.25,7.73,87.408
4.46,5.86,7.46,3.5,3.96,3.19,3.79,6.17,6.3,0.22,0.84,6.47,119.504
2.75,3.35,5.86,6.3,9.96,8.6,7.58,3.64,1.09,5.75,2.46,4.01,150.102
0.75,8.01,1.03,4.8,0.09,6.48,6.62,0.62,0.95,4.32,6.8,6.02,83.537
3.59,1.01,9.1,9.59,9.24,6.82,9.23,6.43,9.87,0.8,2.45,2.15,127.223
3.88,2.03,1.02,0.99,1.61,8.2,6.79,5.26,7.81,5.38,4.44,2.44,55.199
7.62,8.37,5.64,2.42,5.25,9.11,7.78,6.85,8.42,6.5,8.47,5.01,89.263
7.98,5.95,0.48,7.08,6.93,4.19,2.89,0.54,5.81,8.03,6.17,2.48,125.810
3.53,9.4,3.0,6.59,0.39,9.22,7.2,5.7,3.06,3.33,0.84,1.52,148.406
3.63,7.66,1.54,2.42,7.56,9.15,9.86,7.76,9.11,5.31,8.0,2.82,74.568
2.46,4.95,4.93,5.11,2.02,4.24,7.7,6.54,6.8,0.93,5.75,9.99,62.875
7.76,8.45,0.2,7.58,0.07,9.0,0.97,2.68,1.33,7.44,5.93,5.66,137.693
0.5,6.85,1.65,1.48,3.89,2.18,3.16,4.97,7.89,3.47,8.45,4.9,50.396
4.52,1.72,0.67,7.15,2.48,1.63,3.0,4.09,9.02,0.63,3.09,2.16,82.628
9.72,7.93,3.27,7.75,7.43,2.55,8.71,0.41,6.38,0.24,9.7,8.26,114.688
6.21,0.25,3.19,9.36,5.53,0.68,7.89,4.86,4.6,9.26,8.41,9.92,56.119
1.35,9.42,7.86,3.6,0.76,4.92,7.1,9.56,2.97,8.68,6.01,9.35,63.911
9.1,5.93,8.05,1.64,7.87,7.26,8.07,8.69,2.61,4.54,2.65,4.93,126.548
3.42,9.82,7.81,5.23,8.32,6.24,4.83,6.49,1.25,8.94,6.46,2.65,133.377
2.73,3.48,7.18,0.64,5.18,8.62,3.18,0.92,6.22,3.56,7.65,5.94,101.311
7.65,9.58,7.89,9.55,8.6,1.9,0.3,3.04,4.09,4.12,5.44,0.7,255.342
7.15,7.85,4.09,4.65,8.77,9.71,9.49,3.98,1.62,2.87,5.15,7.21,139.248
3.03,1.08,3.82,4.41,9.19,9.05,9.98,3.92,5.66,1.88,3.37,2.79,110.797
6.37,5.06,5.34,6.12,3.32,4.85,4.46,5.1,2.49,4.27,0.24,1.9,168.256
3.67,2.35,5.66,2.02,6.94,5.62,0.65,7.31,5.19,4.06,2.8,4.57,106.835
5.91,4.76,1.74,4.5,7.44,5.62,1.02,9.21,7.75,9.86,0.77,6.83,84.565
6.61,1.22,5.67,9.92,7.55,8.44,1.83,5.36,4.93,5.63,2.83,2.37,171.721
0.22,7.64,4.63,3.95,8.57,8.16,2.25,7.0,6.63,4.23,4.64,4.71,112.593
9.65,0.04,0.15,6.88,2.77,6.35,8.9,4.28,0.2,6.01,4.73,6.01,85.762
6.75,5.18,7.53,6.01,3.74,7.61,4.24,6.84,0.08,6.06,6.32,5.37,127.361
3.11,9.15,1.96,3.5,9.8,4.34,1.7,9.83,6.09,3.97,0.18,3.69,125.137
0.01,5.84,9.85,5.54,0.64,2.22,5.7,2.89,4.73,6.88,6.3,7.73,70.406
3.25,3.14,1.75,3.28,2.48,2.26,4.97,6.5,1.27,0.01,6.09,3.63,71.918
2.82,3.56,2.22,0.81,2.05,2.11,0.87,0.55,6.22,2.73,3.25,9.71,58.165
4.08,3.73,5.62,5.12,8.65,0.15,9.39,8.42,7.66,7.94,8.83,0.35,64.217
0.76,0.84,1.26,4.48,7.46,6.08,5.25,2.18,5.43,2.86,2.04,8.44,79.695
3.35,7.96,5.41,0.87,7.41,5.9,6.32,1.31,4.27,1.34,4.01,3.47,149.131
6.63,5.89,2.34,9.03,0.31,3.21,3.16,1.99,0.6,8.8,4.29,8.93,98.704
8.55,9.53,3.42,9.81,6.72,6.21,7.69,0.06,5.13,6.79,4.3,2.41,167.703
2.71,5.62,2.73,1.17,3.84,3.99,3.22,5.53,0.91,3.94,5.57,5.27,82.079
8.79,9.22,8.68,8.49,0.98,3.84,4.64,1.42,6.31,2.3,5.89,5.25,154.979
5.49,9.61,6.41,3.36,2.85,5.11,3.38,9.35,9.86,3.58,2.06,6.85,93.586
5.27,4.92,1.46,8.04,2.72,8.4,7.59,9.66,9.33,5.01,0.73,0.96,92.578
4.51,2.71,9.5,0.42,5.0,8.59,7.9,3.64,8.81,1.34,0.48,7.02,105.276
8.83,3.24,1.56,8.01,0.09,4.52,6.85,4.52,4.3,9.71,7.73,6.63,66.054
4.24,3.98,0.11,4.15,7.61,4.95,5.72,3.15,6.4,2.95,5.76,8.79,76.411
0.29,0.5,9.68,6.69,3.27,8.52,8.32,6.2,3.03,3.03,9.04,9.93,73.198
2.98,5.81,7.02,0.07,5.06,1.76,5.16,2.49,4.26,0.4,3.69,0.51,137.492
3.88,1.97,8.86,4.36,8.49,8.39,0.84,6.57,4.89,8.38,5.38,9.66,100.644
0.25,8.99,4.05,1.77,7.51,4.37,0.16,9.99,8.0,8.96,4.85,6.25,70.505
0.64,4.25,0.73,6.48,9.93,4.53,5.62,8.82,3.07,3.74,1.11,5.43,95.574
6.33,8.32,0.83,2.41,7.57,5.75,2.31,9.92,4.48,8.18,8.44,5.64,80.087
1.07,7.23,7.69,7.43,6.07,7.21,1.7,3.66,7.24,5.78,3.68,0.58,162.102
5.69,8.63,0.64,2.94,0.58,1.84,2.14,9.01,1.07,6.77,4.49,1.99,79.780
3.39,1.89,7.9,3.31,0.5,3.99,1.27,6.57,5.22,1.41,4.11,6.15,84.836
2.04,0.94,2.2,9.84,5.04,1.36,3.52,3.07,6.9,0.51,3.15,7.17,88.076
9.24,3.56,3.4,1.44,3.14,5.74,4.14,2.57,3.86,9.95,5.71,9.97,73.260
2.24,6.12,6.48,6.37,6.4,0.7,5.26,6.15,1.65,1.6,8.94,4.12,102.128
7.48,7.21,0.59,6.37,3.97,6.93,6.28,7.17,9.81,3.93,5.08,6.43,84.109
8.1,9.48,4.99,3.63,7.83,5.14,2.66,2.33,4.76,8.03,9.53,4.35,123.721
6.73,2.04,1.67,6.13,8.95,4.89,7.27,1.38,5.4,3.01,7.87,0.21,120.963
2.16,0.12,7.97,6.72,6.01,5.81,4.83,3.99,4.82,4.64,2.09,4.79,114.428
3.14,5.57,1.84,5.3,1.06,1.94,1.82,7.52,2.16,8.68,9.44,2.76,58.215
1.89,7.76,7.45,0.67,0.82,3.1,0.46,6.89,7.21,5.49,0.74,5.75,81.726
2.67,6.55,7.6,6.89,2.43,4.72,6.38,4.62,0.62,8.02,3.96,1.34,123.737
5.18,2.63,5.95,0.97,3.68,3.18,8.33,2.96,3.98,4.12,0.91,8.58,74.758
5.67,5.1,6.7,3.05,6.61,4.0,4.9,0.59,9.84,2.27,0.16,9.27,115.168
0.56,4.75,8.23,6.57,4.48,8.43,6.23,2.74,1.63,9.87,9.42,6.49,90.764
7.26,8.76,5.33,3.36,9.94,1.96,9.81,6.96,3.7,0.95,2.34,4.89,127.784
3.88,7.49,3.92,8.55,7.21,8.26,4.08,8.92,9.92,3.01,5.29,5.03,108.441
2.35,9.56,6.09,5.46,6.85,0.97,8.65,2.15,1.68,0.41,1.51,0.6,208.533
7.35,4.41,7.69,5.73,3.87,8.14,3.93,1.96,9.0,8.51,0.85,0.83,148.285
5.41,4.71,0.87,7.91,3.67,3.0,0.45,9.78,7.75,9.14,4.09,0.6,80.384
2.08,8.87,6.19,3.08,9.45,7.88,9.79,6.08,9.73,2.36,9.6,6.55,85.128
4.89,8.95,7.57,1.36,8.24,8.83,6.25,2.99,5.04,1.56,2.19,2.26,196.353
1.44,9.58,0.47,4.4,0.34,8.77,0.21,0.47,1.83,4.55,2.09,3.47,198.098
4.81,7.64,1.07,4.51,4.93,5.17,8.8,4.19,8.11,3.59,0.11,0.45,111.406
4.92,0.25,1.38,2.25,3.32,4.44,4.04,3.25,1.53,9.54,6.63,2.39,60.482
4.43,9.4,8.71,1.29,1.35,4.38,1.24,2.6,2.59,1.23,4.88,0.76,222.256
9.06,6.68,7.15,6.86,4.79,6.86,7.85,9.68,6.27,7.19,3.24,8.36,97.206
3.89,6.53,7.83,3.74,5.67,1.69,7.32,6.35,8.77,3.91,3.32,7.1,79.821
9.69,2.35,5.58,1.94,5.52,7.46,0.6,7.08,5.44,6.79,4.78,2.41,120.074
3.77,9.28,0.36,4.67,3.98,4.11,1.45,3.34,6.63,3.6,0.94,4.36,128.789
3.06,5.0,9.88,1.0,3.0,3.71,2.52,1.47,5.5,9.76,5.56,6.52,81.870
8.22,7.26,1.16,3.87,8.7,3.64,2.03,9.13,7.04,3.14,5.4,9.65,90.272
5.52,4.59,0.17,5.6,6.63,9.99,0.05,5.34,0.19,2.24,1.19,8.65,184.032
7.23,8.31,9.2,0.46,9.88,2.39,4.57,4.17,7.17,1.01,7.84,6.61,119.445
2.47,4.33,7.33,6.85,1.81,7.41,7.2,3.07,0.35,8.69,1.25,9.44,100.667
0.53,8.45,1.8,9.67,3.25,7.17,9.87,4.21,2.49,6.05,4.94,6.42,90.848
1.41,9.84,7.09,4.55,9.4,7.21,0.97,9.43,8.0,6.32,8.07,3.98,107.425
8.32,9.67,1.2,7.83,0.35,5.58,7.18,5.9,3.21,6.96,2.61,0.77,123.733
9.82,4.45,1.82,7.79,8.05,2.2,3.4,4.8,9.04,2.31,0.1,4.82,139.477
6.79,9.86,9.3,5.1,0.13,0.45,1.43,3.53,2.08,5.85,6.58,0.18,160.967
9.27,5.87,2.68,4.42,6.92,6.96,5.72,0.6,1.96,1.67,9.48,5.24,146.413
4.01,7.16,7.39,8.6,6.59,4.1,1.54,6.88,7.69,9.89,5.7,1.57,113.766
0.51,0.26,2.01,0.7,0.53,8.26,8.83,5.96,5.59,6.52,2.98,5.36,34.818
4.25,4.99,6.06,1.96,4.79,4.95,4.31,3.84,3.82,4.56,8.77,6.29,85.470
9.3,7.82,4.27,2.32,4.12,0.41,0.16,3.34,9.54,5.68,5.23,7.9,88.666
2.06,8.09,3.13,2.22,5.68,2.5,4.24,7.17,9.15,4.58,9.0,6.09,58.862
9.31,6.04,4.32,2.21,5.78,7.99,5.19,1.37,4.72,2.2,9.14,5.57,126.463
4.55,5.99,1.91,5.61,8.0,3.7,7.15,3.14,8.72,0.24,9.52,6.14,85.248
4.94,0.18,1.99,0.72,6.46,9.18,4.4,3.54,7.01,1.72,9.51,2.82,80.931
3.3,1.08,9.96,7.58,8.67,4.75,4.86,9.75,1.82,8.09,8.14,5.55,92.489
9.33,4.83,1.31,3.92,5.76,3.8,5.78,7.58,2.02,0.69,4.44,7.21,104.437
3.46,4.39,8.13,5.98,5.67,0.87,4.43,6.82,8.0,2.4,6.63,3.94,88.454
6.88,9.75,9.82,7.41,3.49,9.25,6.31,7.2,3.45,9.57,5.99,0.64,140.531
3.19,7.1,0.47,6.94,5.69,2.04,8.2,3.25,8.02,8.84,7.81,0.63,69.197
7.05,2.47,5.54,4.96,5.52,6.92,8.3,1.95,0.41,7.55,8.76,8.25,92.164
4.63,0.03,10.0,8.31,9.96,1.34,2.31,2.36,1.79,6.08,0.99,8.43,156.056
4.09,8.0,6.26,5.68,9.35,3.73,1.65,8.12,8.91,3.68,6.13,2.63,119.248
2.09,4.47,1.2,1.73,7.86,3.97,1.38,3.6,1.76,6.93,9.73,6.85,70.479
0.44,0.35,4.28,2.97,0.66,2.88,6.81,3.5,1.15,4.51,8.36,6.51,37.549
7.8,4.31,7.19,5.72,7.28,0.65,9.63,2.77,2.14,8.72,2.53,0.38,125.908
3.41,1.07,1.38,7.63,8.33,4.41,0.88,6.13,7.39,8.99,2.54,8.57,76.029
7.87,4.78,2.87,2.92,2.98,7.35,7.52,7.88,7.71,1.01,9.94,2.51,78.671
8.82,2.51,6.48,6.28,1.25,4.03,0.04,9.61,6.06,9.64,1.03,5.2,93.002
0.73,1.91,6.28,5.21,5.92,0.58,4.1,5.54,0.02,9.33,3.16,4.28,78.055
0.9,6.9,1.4,9.18,6.26,2.72,7.16,4.72,8.47,5.91,0.78,5.41,84.314
2.55,2.76,0.13,8.74,5.05,2.03,8.67,3.34,3.47,8.76,1.41,6.93,65.255
4.88,1.5,6.73,2.13,0.45,2.02,1.64,5.74,5.33,0.68,8.36,8.53,58.487
1.8,3.46,6.28,2.06,0.38,3.96,5.9,9.67,5.55,3.64,2.55,8.3,50.379
5.51,4.97,1.29,8.71,4.49,7.85,6.8,7.47,1.06,2.24,7.26,1.85,123.013
6.98,1.37,5.02,6.74,0.03,9.65,4.95,7.39,8.76,2.0,0.85,8.34,92.258
1.03,5.37,5.66,5.73,9.37,8.79,7.09,8.19,6.4,8.19,9.06,9.07,74.896
9.92,2.27,4.13,9.29,8.63,5.71,3.79,7.29,8.6,4.6,7.6,7.29,101.991
8.51,8.45,2.62,2.69,2.51,2.73,1.83,3.33,6.32,7.6,6.43,9.99,77.493
8.81,3.35,3.05,8.72,2.05,7.88,4.44,5.96,7.5,0.21,1.14,2.28,157.269
6.18,9.02,4.27,5.16,3.03,6.76,8.61,3.86,5.44,9.92,6.73,7.58,81.680
6.54,8.77,8.07,3.39,1.61,8.26,9.02,8.3,9.27,9.06,6.77,0.91,84.560
1.41,6.83,1.24,3.18,6.14,9.56,2.55,7.9,8.83,5.91,1.48,8.89,79.753
1.93,5.11,5.05,1.65,4.78,4.37,0.74,0.32,1.53,8.1,0.86,6.07,129.909
1.62,0.11,6.9,0.43,6.01,2.83,5.23,6.58,9.72,9.11,5.08,2.44,46.908
0.44,4.51,7.68,8.64,1.34,5.14,1.84,6.2,9.06,5.35,7.98,9.72,69.116
6.7,2.97,2.83,0.32,3.97,5.05,1.81,3.84,0.43,0.86,1.84,3.93,171.833
7.84,7.46,2.23,2.05,9.87,9.94,2.36,3.18,2.49,2.69,1.27,4.86,233.769
4.34,3.97,1.88,0.23,5.89,3.73,1.8,4.79,5.3,4.09,2.42,2.7,94.976
3.51,9.97,5.91,2.53,2.55,5.93,9.15,8.46,1.13,2.81,2.22,6.11,101.740
4.28,0.42,8.59,5.58,7.24,7.74,0.84,0.24,9.42,3.97,6.02,9.54,112.721
9.09,8.08,8.22,6.99,4.91,7.31,9.1,0.17,6.73,4.32,5.43,2.65,157.042
6.38,8.12,3.57,0.2,3.9,3.79,0.49,0.21,4.88,3.98,5.38,5.65,126.081
8.63,4.46,4.34,1.52,8.58,4.58,9.02,3.47,5.3,3.89,0.77,4.28,120.127
5.61,3.82,8.37,1.53,2.1,4.43,7.4,2.82,8.19,9.83,0.36,3.21,81.295
8.48,9.58,0.44,2.88,1.01,8.38,4.48,6.24,6.17,3.4,2.69,8.98,96.277
9.85,2.07,5.54,1.22,0.44,5.93,8.69,9.39,5.53,6.02,6.78,8.41,55.890
4.33,4.39,2.29,9.7,1.57,9.22,7.36,5.61,5.09,8.23,0.35,2.27,108.959
9.96,0.27,2.53,2.51,9.68,5.09,4.82,1.25,9.29,5.12,0.98,4.96,113.702
6.69,4.81,7.7,0.64,7.56,9.78,2.3,8.16,3.68,6.68,4.3,8.85,109.450
5.53,1.3,9.08,4.85,4.68,7.24,0.07,3.53,8.54,8.69,4.72,6.58,101.712
9.52,3.17,2.42,4.26,1.06,1.28,1.42,6.15,8.83,7.52,5.08,2.81,68.249
6.04,3.14,8.8,1.42,8.1,5.25,4.84,8.83,0.99,9.52,7.21,2.84,95.676
8.68,4.81,2.12,7.77,5.15,8.58,5.64,0.32,8.95,7.46,0.71,0.31,158.658
9.81,1.66,8.13,3.53,2.74,1.01,7.85,5.03,2.45,6.07,2.71,7.61,84.741
4.97,6.27,5.03,5.91,3.46,4.5,3.19,3.93,1.77,0.06,3.77,5.92,161.695
3.75,5.2,5.07,0.89,3.39,0.8,0.12,5.09,9.91,9.91,0.81,9.31,54.339
9.12,7.1,1.42,0.62,6.94,1.94,6.48,4.22,6.62,6.06,8.11,4.99,74.397
0.38,6.13,4.67,1.47,4.36,7.74,7.65,7.26,0.95,6.68,4.63,2.9,82.308
8.3,0.02,2.08,7.74,4.32,6.76,4.53,7.63,7.24,9.83,9.96,8.15,61.724
6.97,2.43,5.85,7.86,1.16,2.65,6.1,5.25,2.78,6.51,6.99,1.51,92.382
6.76,4.47,9.04,9.21,4.28,1.6,4.37,9.69,7.13,5.69,2.38,3.56,107.739
9.72,8.63,8.57,8.29,8.79,9.06,6.95,6.75,7.07,7.14,2.75,7.81,137.926
0.23,6.22,0.09,3.64,4.97,1.87,4.08,5.12,1.29,1.05,4.91,4.57,80.971
1.82,4.04,4.18,0.88,8.84,3.72,2.31,0.05,4.74,2.15,5.48,1.73,142.649
7.82,4.84,9.23,2.15,2.56,6.31,8.51,0.76,7.67,1.19,7.81,8.93,94.379
2.54,5.27,6.16,0.86,8.48,7.29,5.85,9.79,1.87,6.76,4.49,9.65,79.667
7.55,1.35,7.32,2.17,6.59,1.98,5.37,9.07,1.21,4.02,5.8,4.22,90.805
3.64,0.4,5.39,6.94,0.95,8.79,7.31,4.34,8.86,3.37,5.19,6.21,74.008
7.83,4.11,8.02,8.68,3.22,3.25,7.14,2.02,7.96,7.52,6.74,3.86,99.631
1.34,1.53,1.98,4.9,1.35,6.18,2.13,6.65,7.82,4.11,1.97,0.31,75.163
8.87,0.97,1.65,7.79,7.68,4.83,9.51,6.57,0.18,0.58,3.97,4.11,127.568
9.57,1.7,6.23,7.96,5.26,3.25,9.15,1.32,8.35,8.58,3.58,3.49,98.549
6.54,4.13,6.15,4.93,9.85,7.44,3.46,3.89,2.46,1.92,8.39,2.71,171.003
5.44,8.15,8.68,1.07,8.82,7.4,5.24,4.11,3.73,8.89,1.58,2.26,153.274
2.01,9.64,6.23,2.82,6.73,4.84,4.36,5.91,6.15,6.9,8.73,9.84,77.035
6.79,8.43,6.7,3.83,8.41,7.51,4.13,3.2,7.82,8.45,6.93,3.59,122.128
0.97,8.77,0.54,6.1,4.96,5.07,7.33,4.61,3.9,3.81,8.38,5.73,78.229
9.87,7.98,7.74,1.43,5.98,5.75,1.77,2.42,5.89,7.59,1.0,9.7,136.588
5.48,4.8,3.81,0.37,8.02,7.64,8.02,3.88,3.96,0.84,9.03,2.46,106.846
5.62,5.84,3.0,2.84,3.22,6.49,1.69,1.84,3.59,0.89,2.1,7.51,153.292
0.1,8.29,1.89,2.65,4.27,0.59,9.78,4.86,1.92,8.4,4.12,1.89,57.443
1.87,2.55,7.87,7.37,3.8,7.61,0.31,4.57,6.47,1.51,9.28,1.09,133.749
3.9,4.85,6.23,2.57,9.22,9.67,6.54,6.14,2.89,5.44,8.47,3.01,112.158
8.0,2.98,4.46,7.21,2.77,5.38,2.79,0.81,3.0,2.46,0.6,7.69,177.522
7.77,2.23,6.71,5.95,7.43,0.94,8.76,5.03,9.05,0.56,7.65,6.02,83.707
9.89,1.19,6.46,7.36,5.2,4.95,1.65,9.14,6.19,7.01,6.98,6.48,93.591
4.46,1.37,8.46,8.12,8.47,1.44,3.51,4.94,7.95,6.07,8.79,6.53,85.525
2.3,5.4,3.18,3.76,5.67,0.88,0.69,1.78,7.07,9.88,2.62,0.27,94.980
5.02,8.81,2.83,0.85,9.12,7.66,4.36,7.26,4.74,9.38,1.7,8.76,94.724
6.41,7.02,6.22,8.54,4.99,5.12,3.25,8.45,2.29,2.4,0.87,5.37,169.244
2.56,2.64,5.8,1.04,4.52,8.54,1.49,7.16,9.13,5.71,6.03,3.55,75.900
7.76,5.12,7.24,4.04,5.72,5.1,4.57,8.11,6.59,6.72,9.48,5.2,86.009
5.56,5.57,5.38,0.09,7.49,0.56,1.22,8.88,3.75,8.49,0.29,0.24,107.783
4.23,8.74,1.12,9.94,6.88,8.27,5.71,6.7,3.28,4.01,2.83,7.91,128.712
8.84,5.76,4.63,4.32,1.21,0.54,6.94,1.11,7.19,8.95,2.97,9.08,69.812
5.83,7.77,7.15,1.75,8.48,7.26,8.17,5.27,8.8,2.27,5.32,0.4,126.497
4.49,8.72,1.72,1.49,0.58,3.06,0.05,2.38,0.08,7.76,9.19,8.67,71.312
2.53,9.71,6.0,2.51,9.13,9.84,6.95,1.24,6.66,1.1,6.49,5.69,141.202
9.18,7.74,3.81,9.62,5.45,4.92,4.17,6.51,9.76,7.43,5.46,6.38,102.543
8.98,9.33,2.73,4.92,8.92,8.79,7.41,0.16,7.89,6.97,7.27,9.85,110.417
6.07,5.92,6.52,9.48,5.9,7.69,9.55,3.5,5.42,7.7,9.11,2.59,109.797
2.35,2.61,3.19,7.27,3.43,8.14,2.04,9.88,1.19,9.41,8.52,4.07,76.873
2.59,7.15,0.52,7.83,8.94,2.43,6.89,5.26,4.46,9.79,8.84,9.78,65.438
8.84,3.73,9.34,6.1,3.42,6.9,3.47,7.78,7.26,9.3,5.51,7.1,94.829
8.77,2.9,8.76,9.1,9.87,3.93,4.26,8.12,9.27,5.72,1.87,3.33,133.037
1.71,8.59,8.45,1.95,5.61,7.44,1.99,0.93,2.06,5.67,7.61,2.2,164.956
4.51,7.68,5.14,7.97,8.49,3.0,8.13,6.9,1.96,5.6,2.08,9.47,107.762
7.58,1.28,5.11,8.49,1.33,0.4,4.75,7.9,3.29,2.35,1.89,8.27,85.026
7.55,4.76,1.96,1.82,5.24,5.56,2.21,6.91,1.97,0.35,7.82,0.53,135.877
8.32,4.84,8.38,8.59,3.12,0.17,6.72,9.44,2.48,3.17,5.66,7.97,94.300
3.97,2.61,1.87,4.86,0.96,9.37,5.33,8.48,6.26,1.34,1.2,2.21,95.246
0.13,0.09,1.88,1.66,3.76,9.19,3.74,7.2,5.94,6.54,5.17,0.09,58.264
3.74,0.09,8.64,1.92,7.93,7.61,1.09,4.77,9.38,6.5,0.24,1.57,127.091
4.65,3.01,0.22,3.17,3.53,2.75,6.58,8.55,8.0,2.38,0.68,9.97,47.926
5.47,0.11,3.45,8.11,4.84,3.2,0.67,1.2,9.23,9.69,4.78,3.29,87.249
9.29,5.5,3.57,6.58,9.15,0.3,2.72,5.03,1.08,1.63,6.44,6.49,147.029
3.58,2.49,5.77,5.75,3.02,3.82,6.14,3.57,7.79,8.84,9.34,5.17,59.804
1.01,7.59,0.07,9.85,1.26,0.04,8.85,5.12,9.62,9.35,0.17,6.15,50.484
0.33,3.81,9.01,6.16,7.39,4.1,4.18,4.99,6.27,7.0,8.01,0.34,100.032
3.49,7.52,5.93,7.84,0.31,2.79,8.15,7.0,2.69,9.39,0.48,2.64,91.862
2.93,5.52,5.13,9.0,0.66,3.41,5.92,9.04,6.68,2.33,4.78,9.04,70.521
6.38,2.05,8.62,2.91,5.22,4.41,0.49,8.88,9.9,3.55,6.83,2.03,93.403
1.57,6.75,9.19,8.74,9.84,9.88,7.69,1.05,4.34,5.97,4.19,3.38,172.690
2.19,2.12,3.48,7.51,2.74,0.45,5.56,1.41,3.9,4.72,8.17,4.05,66.487
6.16,7.64,3.54,9.36,6.58,4.84,4.16,9.17,9.04,0.97,7.67,2.99,112.118
1.88,8.96,6.08,9.71,0.87,4.72,3.52,1.18,3.28,9.12,0.18,4.77,146.122
9.17,0.06,0.58,8.76,9.03,8.7,7.46,8.15,7.48,5.9,3.49,5.13,96.517
6.68,6.95,1.25,4.98,8.5,5.82,9.61,9.64,7.92,8.11,2.07,4.17,82.322
6.86,6.94,4.28,1.92,2.42,9.61,5.35,5.0,7.06,0.55,3.46,1.02,142.736
1.27,8.27,6.23,2.38,6.74,8.01,4.17,9.8,7.78,6.83,1.08,1.03,107.201
6.19,5.6,7.27,6.03,7.82,6.47,8.45,8.76,7.49,3.71,0.74,4.02,118.722
7.03,3.52,5.52,9.27,1.57,2.35,6.27,3.97,5.39,4.06,6.73,8.69,83.338
3.08,0.04,7.31,1.21,2.35,1.38,9.28,4.53,6.52,8.44,8.51,7.28,34.493
1.18,9.56,1.49,6.28,4.01,7.05,3.01,0.32,7.01,7.27,0.57,5.04,127.347
0.87,1.93,0.81,2.38,5.29,5.67,3.37,6.69,0.21,6.39,6.33,2.54,66.392
4.94,2.58,1.74,9.77,4.73,9.74,8.46,4.09,7.27,9.81,6.1,4.76,82.736
3.17,2.48,7.21,0.55,0.8,6.25,3.23,6.07,9.6,3.19,1.26,2.57,78.935
0.82,1.88,3.57,2.03,7.69,5.2,5.55,5.77,1.66,2.93,5.42,4.39,82.387
1.1,8.21,4.88,3.86,2.92,2.13,5.44,8.29,6.99,2.59,2.39,1.66,84.430
0.86,6.68,8.72,1.58,3.6,4.08,7.19,6.37,9.48,2.9,5.07,0.68,80.530
5.71,2.24,2.07,6.86,1.12,0.39,5.57,7.52,3.49,2.44,0.53,8.45,65.679
0.53,6.85,8.23,3.91,3.09,5.56,4.27,6.31,1.24,9.26,3.69,0.24,112.635
6.05,8.35,1.45,4.28,4.11,0.99,0.94,3.01,2.41,1.21,5.53,7.13,124.716
1.7,5.99,6.69,4.03,5.02,6.92,3.25,2.1,1.16,7.76,7.58,2.38,125.258
1.49,3.17,9.95,6.89,5.35,6.39,3.76,3.51,3.76,3.16,4.04,6.46,134.629
8.95,6.61,7.31,8.26,8.97,1.1,9.97,9.38,4.16,6.17,1.6,7.2,107.069
7.12,2.58,9.19,6.92,1.46,5.72,7.8,9.94,2.0,1.31,6.9,3.6,104.564
6.94,2.17,2.53,5.73,2.53,7.01,3.53,5.95,9.93,4.6,9.53,0.24,79.663
7.04,3.34,5.83,1.92,3.0,5.17,9.56,9.16,6.0,7.1,6.99,5.69,59.101
1.56,9.15,1.65,0.16,7.42,8.46,9.78,1.48,6.17,1.54,2.34,8.81,94.290
4.23,1.47,1.75,3.3,5.41,0.77,0.11,8.88,1.45,1.02,4.03,0.82,103.801
5.42,3.73,0.87,4.0,7.64,9.5,0.03,7.75,1.85,7.9,2.03,7.47,115.279
6.1,9.54,7.32,8.04,6.6,1.67,4.44,6.76,4.19,6.83,5.45,4.96,120.349
7.36,6.75,5.34,0.62,3.9,9.45,5.69,0.41,0.42,2.24,9.4,6.92,133.254
1.85,6.0,0.01,7.88,5.89,1.86,1.82,5.54,3.67,0.16,0.1,9.7,111.910
2.46,9.96,2.58,4.64,2.09,2.42,6.49,7.7,5.58,6.07,6.72,4.23,65.643
5.16,2.1,5.33,4.21,0.09,3.06,0.18,9.98,4.8,7.48,3.19,5.9,63.273
1.16,3.5,8.7,0.33,4.97,2.5,8.12,9.24,9.08,9.12,9.23,0.45,46.773
7.75,8.85,9.01,7.35,3.01,2.52,5.39,5.92,1.48,7.92,0.01,3.48,159.050
5.36,8.31,7.95,4.04,0.52,8.7,2.63,0.29,0.62,3.53,2.9,3.42,260.493
5.97,4.96,7.08,9.15,5.91,5.23,0.06,6.22,3.77,2.74,3.96,0.21,225.825
3.15,0.28,6.11,1.66,1.99,9.38,9.22,9.78,8.85,2.13,2.94,9.46,53.256
1.52,3.62,4.28,0.3,2.56,1.66,2.46,5.72,6.59,5.98,3.4,2.16,52.984
8.28,0.75,1.12,5.36,6.7,7.03,9.6,0.33,9.85,2.35,9.27,5.8,78.602
3.6,1.23,8.39,2.16,7.18,8.22,4.99,7.65,7.71,2.4,5.74,3.13,97.343
8.84,4.63,1.41,6.62,7.25,0.36,6.27,7.74,3.84,4.72,0.58,2.56,113.224
1.29,5.67,6.77,7.91,4.18,2.01,6.51,6.11,3.37,7.66,9.95,0.91,80.643
6.58,2.36,9.85,6.26,6.51,9.73,8.24,7.07,6.58,1.3,0.19,5.63,142.330
8.97,1.36,6.61,2.52,1.79,8.16,1.58,2.6,8.4,6.28,5.67,6.53,94.688
9.82,2.38,9.53,6.47,9.66,1.4,5.26,3.17,7.09,10.0,8.1,0.42,115.335
3.29,1.99,0.82,5.0,5.95,9.54,6.2,2.42,6.28,9.14,1.09,7.39,81.765
1.0,1.54,1.09,0.37,0.49,3.69,9.72,7.37,8.3,7.25,5.92,9.01,17.196
2.32,8.09,8.82,7.42,2.66,4.93,9.76,9.05,5.2,0.35,7.17,1.81,102.699
4.0,9.74,1.89,8.13,7.4,9.12,4.91,8.7,4.0,2.8,5.31,1.53,147.817
9.26,9.22,6.4,4.42,7.12,3.01,9.89,5.43,7.79,5.04,8.23,8.38,88.092
3.21,6.6,8.69,0.62,8.37,0.37,6.78,7.0,6.57,2.48,5.3,9.65,73.743
6.24,2.98,8.74,4.51,6.56,3.67,2.66,8.63,5.87,5.91,7.1,1.54,103.122
8.26,5.38,4.14,3.07,4.29,0.85,0.15,1.72,6.73,7.23,4.64,0.78,122.306
8.73,0.9,4.9,3.34,2.74,7.32,8.58,4.39,1.11,9.83,2.27,1.71,100.143
2.38,3.29,3.01,8.33,2.79,3.73,9.46,2.34,0.07,1.42,6.3,5.9,92.311
6.15,1.83,3.19,7.19,7.6,8.87,0.87,2.65,5.32,2.84,2.49,9.49,147.210
2.49,7.51,7.42,6.64,2.2,8.94,7.62,0.06,2.83,8.45,4.84,7.95,110.866
8.98,7.97,7.58,5.94,1.37,2.89,2.37,2.37,8.83,6.76,5.42,8.14,102.479
7.66,6.45,6.96,0.91,0.95,4.39,1.51,6.75,2.34,6.93,6.28,6.24,90.915
9.5,8.93,2.98,2.19,4.67,9.62,7.57,8.18,1.87,0.54,2.38,1.3,173.489
3.68,6.01,6.89,7.54,2.68,5.35,9.74,3.24,5.11,8.17,4.12,5.15,90.487
5.67,2.01,9.08,1.86,7.71,9.22,5.29,7.03,7.6,3.78,1.66,7.71,107.499
4.45,4.06,2.0,2.45,3.6,5.02,9.21,9.11,4.19,9.68,3.53,7.92,49.450
1.41,9.6,8.98,0.23,0.69,7.75,8.66,9.5,3.67,5.88,2.86,0.77,91.449
9.57,8.11,0.05,0.29,1.4,7.03,6.88,7.62,4.93,0.56,4.24,0.36,107.564
7.71,4.53,6.48,1.59,8.92,1.6,4.74,9.38,4.65,9.33,2.65,6.02,83.846
2.63,1.46,9.71,4.95,2.27,3.4,8.92,7.86,1.3,1.43,8.86,1.14,82.752
8.37,0.22,4.48,3.38,8.35,5.7,2.1,6.01,6.6,7.22,0.63,8.01,99.771
7.51,9.78,4.64,9.67,0.55,9.18,3.87,4.94,4.18,6.31,6.02,1.48,154.216
8.55,4.32,0.39,7.35,9.55,3.01,0.53,1.03,5.81,6.43,1.95,9.16,133.159
8.94,1.37,7.51,0.23,2.45,6.71,8.37,9.32,5.66,6.85,6.08,9.28,59.723
4.12,6.2,7.22,4.94,3.99,0.36,0.9,3.78,1.29,1.96,2.82,5.24,167.792
0.74,4.37,5.26,5.1,7.04,3.75,1.07,4.49,2.52,3.29,5.22,7.08,110.942
1.61,8.86,7.39,2.5,1.39,2.03,6.75,10.0,3.72,9.62,0.58,0.1,77.283
9.57,7.56,0.86,6.68,5.83,2.24,1.98,5.97,5.99,4.77,3.17,9.96,102.827
0.24,2.81,7.84,1.8,6.34,0.24,1.86,3.5,6.49,4.43,3.96,9.24,65.366
8.14,7.74,0.25,9.03,2.48,2.36,0.21,3.0,6.06,3.7,6.96,1.38,140.779
2.48,2.01,7.29,1.79,5.21,3.79,1.53,3.76,7.98,8.11,6.95,0.17,79.193
2.49,7.17,3.16,8.8,2.44,4.89,6.53,5.12,2.96,5.91,8.65,0.84,96.468
4.33,8.08,9.12,4.89,6.8,4.29,6.21,3.1,7.68,1.43,3.44,1.18,162.804
4.54,1.44,6.76,9.56,7.09,8.66,1.42,3.3,9.33,7.17,2.41,1.08,153.986
4.7,2.06,6.91,3.51,0.54,7.94,1.67,8.45,1.27,2.31,4.08,2.99,123.544
6.86,8.78,6.63,0.62,5.01,1.47,9.29,1.51,5.42,3.2,7.86,9.57,79.701
4.99,1.01,9.53,2.78,0.65,4.61,5.68,4.7,9.1,5.94,0.52,0.38,89.552
4.15,7.97,0.12,5.23,0.54,5.6,1.7,0.68,3.96,3.65,8.18,8.16,89.670
1.44,4.99,6.33,5.09,4.77,8.34,1.2,0.97,9.46,9.47,5.83,6.35,93.029
6.61,7.09,9.75,5.59,7.9,8.69,7.42,2.01,7.52,9.42,3.5,3.9,135.120
5.04,0.91,3.53,4.73,0.71,5.15,5.61,2.47,0.86,8.87,7.42,0.47,78.093
8.79,3.28,7.5,4.62,2.89,2.32,6.21,8.34,9.74,0.61,2.47,1.15,103.086
8.07,0.92,5.9,2.73,9.07,5.08,9.25,2.79,7.45,8.96,4.53,0.78,94.105
4.97,3.82,1.61,3.05,6.05,7.13,9.89,6.26,8.02,0.78,2.35,9.53,72.305
1.79,2.41,4.57,7.77,9.55,3.99,0.75,6.02,7.34,2.42,8.34,1.04,116.094
5.31,6.68,5.72,7.52,8.34,1.9,1.26,4.1,7.13,1.07,4.24,5.55,151.906
1.0,8.04,0.84,1.46,1.0,9.13,4.93,1.16,0.85,1.78,7.09,3.86,109.151
4.73,7.92,5.0,7.02,0.26,4.16,7.39,9.01,8.02,5.03,1.29,1.79,89.425
2.46,6.48,3.05,5.65,8.21,1.85,6.31,4.98,3.82,2.41,9.25,7.33,81.232
9.1,1.51,6.67,8.03,5.13,4.0,6.41,6.23,4.33,4.04,4.89,8.16,101.116
5.52,5.81,0.73,9.27,7.12,0.15,4.42,2.47,7.52,1.33,7.61,5.91,97.744
1.69,9.12,4.51,7.62,5.54,9.59,4.0,4.79,5.61,7.33,0.93,4.37,140.844
4.87,9.97,7.71,9.45,3.25,5.21,6.6,5.17,0.23,1.85,2.5,3.54,203.419
9.33,2.81,1.81,9.44,3.49,4.26,3.5,2.18,6.42,0.77,7.82,3.18,130.457
3.86,1.78,1.39,0.8,2.25,2.66,3.23,8.46,6.62,0.72,8.75,3.74,40.419
0.37,0.41,9.37,6.78,5.12,4.73,0.41,4.05,8.14,0.1,2.68,5.7,127.040
9.1,0.55,2.96,4.35,3.97,3.36,3.43,7.54,3.34,7.48,2.58,4.91,82.958
5.89,8.44,1.37,0.35,5.51,9.59,5.43,4.68,9.97,3.98,2.11,9.36,87.672
2.81,1.79,4.87,5.08,2.13,2.26,5.31,8.08,4.54,3.81,6.04,0.18,67.740
7.84,0.47,0.03,7.75,6.73,4.46,7.6,1.64,2.06,3.12,7.39,7.37,93.489
3.16,6.31,5.66,1.48,0.07,2.97,6.41,4.48,6.78,9.25,3.68,1.35,61.502
1.59,3.85,2.4,9.99,8.03,5.9,6.87,6.04,2.92,9.65,9.58,4.8,79.679
9.33,9.7,4.71,0.28,0.98,1.31,9.82,1.04,7.08,9.66,4.98,4.54,70.878
8.4,2.49,0.36,2.65,5.04,3.99,2.5,3.04,2.53,2.39,5.95,8.66,91.464
6.44,7.33,8.04,5.17,5.3,8.65,3.3,5.4,8.06,1.99,5.96,7.19,128.307
3.1,1.95,5.45,3.99,8.82,0.81,7.5,6.31,9.28,3.8,4.8,3.81,67.944
3.86,6.72,5.31,5.55,8.99,1.47,0.45,4.79,7.57,2.29,4.04,6.49,124.464
8.89,5.5,6.2,9.91,5.51,1.57,5.22,6.69,6.32,2.39,3.53,5.63,126.192
4.88,1.46,2.36,4.6,6.81,2.53,6.19,5.12,8.32,4.66,6.61,6.98,59.768
5.39,7.19,2.01,9.59,7.59,5.16,3.81,1.41,7.71,6.43,6.06,4.37,123.968
7.86,0.45,9.86,1.18,5.82,7.11,1.23,0.29,5.47,0.95,2.87,8.97,163.195
1.18,0.47,3.81,4.19,0.29,8.39,2.15,0.26,6.2,9.49,3.25,1.51,80.184
5.58,8.38,2.47,3.27,6.11,6.62,7.75,1.8,5.61,8.33,4.52,7.68,90.866
9.57,6.23,4.19,0.52,9.85,4.92,1.92,0.11,7.82,9.84,8.17,7.4,100.057
9.58,8.18,8.54,5.09,2.31,2.65,9.62,4.28,1.73,1.53,8.54,8.81,105.332
6.42,9.22,6.32,4.0,3.77,4.29,3.49,9.06,7.42,4.53,8.58,5.96,87.141
1.12,3.24,1.06,5.28,3.49,9.12,2.66,7.9,5.19,5.81,7.18,9.58,60.830
10.0,3.71,2.5,0.55,4.76,2.26,8.85,4.14,4.34,2.97,5.62,5.93,74.662
8.36,8.11,7.95,8.7,8.05,4.69,6.24,0.62,5.51,1.34,2.15,9.5,180.836
7.63,8.27,2.22,5.94,6.4,5.53,7.22,1.83,9.45,2.03,0.15,6.07,134.542
5.36,5.45,5.04,5.08,0.95,2.69,3.06,5.03,1.15,7.89,0.91,3.5,114.067
4.98,6.72,5.67,5.37,0.61,7.24,3.74,9.37,1.38,7.12,6.98,9.54,80.226
6.46,7.63,7.88,6.49,2.88,5.73,7.47,1.37,5.98,6.7,9.43,2.37,111.255
9.58,3.42,6.52,0.99,4.38,1.93,8.91,9.94,4.82,9.66,2.34,8.53,60.679
2.54,9.68,9.99,9.51,4.57,7.3,1.17,0.65,4.36,8.89,9.94,0.39,171.614
5.64,4.53,5.13,2.32,2.29,6.86,3.52,0.73,3.11,2.75,4.74,9.82,108.512
7.88,0.48,8.44,2.57,5.23,5.67,1.77,4.84,6.57,4.53,6.21,1.95,117.008
1.14,4.54,6.26,7.05,8.79,2.46,1.56,9.55,6.76,7.87,6.33,5.77,79.915
7.78,8.76,5.19,8.95,1.81,7.18,3.46,1.79,6.34,9.41,6.95,8.34,109.314
9.43,0.57,2.61,2.79,0.92,5.51,1.81,5.74,3.41,6.02,2.57,3.61,94.257
8.8,7.05,4.87,6.01,9.63,3.28,3.49,5.26,6.84,9.02,4.91,7.94,105.820
5.03,4.14,2.38,1.47,6.83,1.93,8.42,4.99,3.08,2.79,7.41,8.04,62.712
0.5,9.72,9.7,6.22,8.73,2.66,5.31,8.08,1.34,9.67,1.98,8.23,108.437
7.77,5.62,6.92,8.82,1.74,8.9,7.84,8.18,3.82,2.1,7.18,1.91,128.166
8.51,8.73,4.14,7.65,8.97,6.16,0.06,0.97,3.26,4.1,4.61,6.88,222.133
3.26,5.95,2.39,6.81,1.43,6.02,8.96,5.82,0.41,7.72,9.46,4.2,70.714
3.7,6.41,0.27,0.98,9.74,1.78,6.21,0.67,9.17,5.1,5.5,1.78,80.478
2.37,6.7,2.94,7.75,2.74,1.64,5.67,0.27,0.4,0.16,3.98,3.31,175.054
2.64,4.19,6.36,3.94,7.17,4.26,9.64,6.69,6.23,9.18,2.83,9.82,64.339
2.73,9.02,9.39,0.98,9.09,8.62,3.48,8.26,8.95,0.13,0.95,1.86,168.557
9.58,2.29,7.92,0.36,7.54,6.73,6.48,9.88,2.36,1.4,1.07,3.29,140.605
3.68,6.25,7.07,7.91,6.6,3.1,7.16,9.82,5.53,3.27,2.93,3.92,106.068
9.97,3.19,4.87,3.28,9.08,1.27,7.07,9.77,6.26,9.25,3.35,7.39,73.474
4.09,0.63,6.21,4.0,5.31,4.36,8.13,0.18,3.64,4.11,9.89,8.63,71.139
3.79,1.29,2.56,8.09,2.12,4.06,8.29,9.94,4.4,1.63,9.32,1.24,62.924
5.95,2.45,3.13,3.85,7.28,3.72,6.7,6.21,2.93,0.73,6.07,5.24,94.620
0.27,0.43,9.77,7.47,3.97,2.84,0.13,3.32,9.56,1.55,4.31,8.31,91.060
6.84,1.74,9.49,0.3,3.12,7.19,3.75,7.83,3.82,9.71,1.45,2.54,98.557
4.2,6.78,3.1,1.36,6.26,5.59,2.26,6.29,2.83,1.32,6.03,7.15,105.448
0.41,5.98,8.8,2.83,3.34,5.97,3.26,1.0,0.76,0.17,1.35,2.58,299.671
2.06,5.27,8.87,7.85,8.36,8.93,3.44,8.75,1.46,4.52,5.42,7.92,131.196
0.8,2.51,7.02,0.29,2.96,8.29,5.73,6.57,3.16,0.47,6.16,0.62,96.301
4.81,6.38,8.67,6.99,0.18,1.09,6.54,3.55,0.31,4.98,5.16,2.07,124.370
0.54,4.82,0.35,1.52,5.25,4.98,5.64,6.71,1.8,5.4,6.52,9.08,49.673
3.32,9.91,4.77,6.3,5.55,0.26,9.23,5.72,4.03,0.41,6.92,3.19,102.068
4.73,3.0,7.36,2.32,9.67,1.06,9.23,0.94,1.02,0.94,6.45,4.02,124.513
6.48,6.83,2.11,0.53,8.86,7.13,4.45,4.55,3.43,4.51,8.11,2.49,115.977
5.07,0.86,6.98,8.51,7.48,5.14,3.38,8.3,4.7,3.82,4.63,9.34,99.620
1.12,7.87,1.62,3.43,6.34,2.52,5.11,7.78,9.2,9.81,4.6,4.57,55.758
1.03,2.19,1.5,1.33,8.58,2.21,3.09,6.53,1.33,0.7,3.42,2.71,94.713
1.82,3.05,8.43,9.63,0.39,4.47,1.9,1.71,5.1,5.04,8.33,2.38,113.614
8.74,0.09,0.34,3.57,6.14,8.08,2.31,3.43,6.43,4.62,6.56,7.54,87.277
3.6,6.87,3.96,6.41,1.59,2.02,1.29,4.76,2.11,9.55,2.6,9.58,81.800
0.59,7.84,1.08,4.74,5.74,7.17,9.94,8.52,4.18,2.11,8.37,8.53,65.210
0.76,6.3,7.11,5.23,3.46,2.56,3.24,0.98,9.69,9.07,7.02,0.63,82.991
7.9,4.51,3.17,2.08,7.53,4.95,6.34,6.46,4.46,5.33,7.61,1.48,95.139
0.71,5.76,0.36,7.13,7.35,2.49,7.05,1.21,5.41,5.4,2.77,7.09,82.268
5.41,6.96,6.17,9.96,6.47,7.97,5.19,9.43,1.54,2.44,1.24,6.71,161.733
8.69,6.35,1.53,3.61,1.97,4.6,6.75,3.8,5.98,3.51,0.66,7.06,96.362
2.3,4.56,7.99,3.19,2.43,4.89,4.28,4.99,2.9,9.36,8.53,1.19,81.152
6.37,5.58,5.32,6.52,8.36,9.88,6.12,0.66,5.55,2.87,1.05,5.07,197.139
9.86,7.85,1.35,6.3,0.19,9.28,9.59,0.13,1.75,0.84,6.8,5.62,140.841
7.86,2.7,6.5,6.5,5.68,3.8,2.07,5.15,1.28,1.04,9.23,1.06,166.616
7.24,0.25,2.73,0.56,1.38,8.13,4.65,3.45,7.53,4.1,1.7,4.22,79.103
6.6,0.13,9.11,5.21,3.62,2.05,4.37,1.11,0.31,0.54,4.38,0.49,238.571
6.38,6.54,8.29,9.25,2.99,6.4,2.88,8.46,9.13,3.67,7.49,5.24,108.082
6.09,6.89,2.03,1.76,6.38,5.85,5.3,9.59,8.19,9.05,6.27,8.54,61.781
8.53,4.84,1.95,5.65,7.05,5.6,1.12,6.21,0.36,8.71,2.37,8.38,123.831
3.0,4.22,4.37,9.5,6.03,6.75,0.73,0.51,9.26,0.03,3.22,8.18,154.446
9.78,1.01,1.21,1.57,8.62,3.07,4.01,9.67,2.96,8.26,6.52,4.05,71.215
9.56,3.39,3.41,7.41,7.51,8.38,9.7,5.74,8.86,4.52,3.04,8.45,98.387
2.02,8.61,1.9,8.06,1.86,5.47,5.44,4.08,5.4,8.38,9.34,6.48,71.370
2.09,3.85,9.18,4.82,1.26,3.96,6.19,4.19,0.44,5.18,6.41,2.5,101.004
8.73,2.42,1.77,5.3,5.64,0.5,2.43,0.93,8.58,2.07,5.66,7.03,91.236
1.58,0.14,9.59,6.83,7.12,5.61,4.51,1.19,9.0,0.95,5.26,1.07,140.446
0.01,4.06,5.45,7.71,2.97,0.32,7.5,7.21,3.94,2.06,1.62,7.79,68.127
3.2,1.75,8.23,2.83,7.03,5.54,0.64,7.56,9.68,1.74,2.99,9.41,89.257
4.43,6.89,5.04,4.71,9.46,5.89,1.95,8.9,5.02,7.52,7.34,1.76,112.096
2.77,6.0,1.51,3.26,7.22,5.19,3.82,5.36,6.54,7.27,4.26,7.42,74.849
9.3,8.11,8.59,0.86,3.07,4.94,7.92,7.62,9.59,1.69,6.07,2.52,98.475
2.41,2.8,2.26,4.07,7.43,0.65,7.83,7.0,9.36,1.69,2.69,5.01,58.428
9.09,9.08,8.03,7.3,7.82,7.1,1.53,9.32,8.84,5.73,7.44,6.77,122.180
9.18,5.51,3.16,0.24,4.42,7.54,6.29,3.41,4.23,7.58,8.34,0.93,97.628
4.92,1.13,4.92,3.9,8.79,0.14,6.1,7.23,7.05,7.78,8.36,1.73,62.222
0.36,9.16,1.77,0.76,4.36,8.14,3.39,0.6,0.4,6.71,7.84,0.12,128.804
0.59,2.88,3.99,9.14,9.71,5.75,3.25,7.83,0.81,3.62,4.16,4.8,131.018
7.14,3.92,2.19,0.96,7.21,0.08,4.97,4.48,7.54,2.48,9.94,6.28,60.241
3.45,1.42,4.22,9.12,5.53,1.22,3.9,6.37,7.89,8.58,9.11,0.72,68.253
2.7,4.66,8.49,6.87,0.06,5.46,9.51,4.21,0.08,9.43,4.56,7.11,80.917
9.83,2.5,9.44,4.02,2.04,7.89,8.55,2.98,5.93,8.83,2.5,3.45,110.794
4.66,6.75,9.18,4.93,4.66,7.27,4.29,4.93,7.4,7.58,2.0,9.59,104.638
5.27,3.43,5.2,3.17,2.68,7.97,9.17,4.93,0.37,8.94,3.66,5.52,85.057
1.42,1.73,3.65,9.71,2.89,2.01,8.44,1.56,3.27,2.26,9.93,2.14,77.572
8.9,8.46,8.15,4.85,3.66,0.5,2.48,0.5,8.63,3.46,3.39,0.4,183.033
7.29,6.75,3.72,0.89,5.56,6.21,0.62,9.49,4.62,9.5,8.01,4.81,82.105
0.74,5.27,0.71,0.42,9.69,6.39,8.13,7.36,4.51,8.05,7.56,1.12,63.218
8.26,5.53,7.79,9.47,5.4,8.74,5.79,3.47,8.34,5.16,8.84,9.57,109.764
7.15,3.29,9.65,8.69,2.39,7.61,4.5,5.53,9.94,3.13,6.06,6.6,108.445
3.21,0.75,7.25,7.65,6.25,1.04,1.77,2.24,1.82,4.34,6.99,1.94,136.911
4.95,7.59,2.04,6.64,0.79,0.23,6.46,9.09,4.76,1.29,0.15,7.79,75.288
3.79,2.85,5.2,5.62,9.06,4.45,0.51,7.1,8.23,9.87,1.2,6.71,92.118
8.44,6.25,3.63,0.21,2.88,6.29,8.0,1.74,2.78,9.88,6.1,6.38,79.415
7.61,0.86,3.69,1.48,0.98,8.23,4.81,4.96,8.97,3.34,8.61,6.25,61.857
6.7,5.79,9.33,3.61,4.86,7.94,7.19,4.77,4.36,9.44,8.58,2.11,104.883
6.26,5.31,4.59,5.77,0.83,0.29,1.79,0.56,2.7,0.54,1.0,6.52,175.820
1.74,6.94,1.31,7.89,6.14,2.29,4.15,0.09,4.89,0.39,3.26,2.96,167.154
7.95,1.99,8.76,9.05,3.95,0.54,6.1,8.58,7.64,6.15,5.92,9.16,74.030
8.11,8.08,4.54,5.68,8.83,7.24,0.49,0.69,9.73,8.23,5.11,0.93,168.705
7.67,1.48,3.93,6.2,9.68,8.34,2.06,9.49,2.54,0.43,4.36,6.02,149.799
6.23,2.1,1.8,6.52,2.64,0.17,4.83,9.56,0.99,2.79,5.14,0.62,81.321
2.48,6.13,7.25,5.5,2.65,8.36,3.85,3.68,0.62,0.08,4.19,6.42,171.815
9.63,1.0,3.28,0.74,9.97,2.69,9.55,1.73,4.55,5.91,6.67,1.57,91.094
6.7,2.82,8.71,4.26,0.15,6.3,2.14,8.53,3.08,2.19,8.34,6.0,95.575
2.42,4.69,7.03,8.39,9.49,5.71,2.86,3.58,5.48,0.2,5.14,9.39,141.576
3.61,1.67,0.81,8.07,1.27,8.42,0.32,8.97,9.23,3.1,8.66,3.84,69.900
5.37,2.24,1.26,6.27,1.65,6.77,0.85,6.19,3.56,7.94,6.14,3.42,83.843
0.92,3.65,1.77,3.2,0.18,8.24,5.09,5.67,0.41,6.21,3.1,8.45,62.081
0.11,9.4,2.11,2.63,9.38,1.72,4.14,6.41,3.17,4.66,1.83,0.44,122.760
9.37,2.77,3.0,5.23,3.34,9.39,4.85,7.82,7.51,1.25,7.55,8.63,88.009
5.49,1.79,2.21,0.4,6.04,4.13,0.19,8.11,6.04,0.99,1.14,5.54,91.140
8.96,3.16,9.31,0.57,5.07,9.06,1.25,3.69,9.69,8.14,6.66,4.27,107.211
6.73,1.16,5.9,3.0,5.94,5.31,4.29,7.73,8.04,0.11,6.04,1.9,99.751
9.66,7.18,2.41,3.06,2.77,8.82,2.95,2.65,6.52,5.45,3.96,2.94,138.537
1.47,6.19,1.7,1.99,7.83,3.02,6.75,1.01,6.16,5.23,5.68,0.73,86.854
3.98,9.32,5.61,7.18,5.56,2.68,2.36,7.14,0.89,4.98,2.09,7.62,136.882
9.26,6.18,5.93,1.38,2.98,5.46,4.59,4.7,5.42,4.59,1.52,9.51,102.835
2.29,5.42,2.43,3.47,9.2,9.35,0.94,4.18,4.58,8.79,6.17,2.26,119.465
2.53,5.61,6.5,8.37,3.87,0.45,0.46,3.54,7.79,0.44,2.71,0.57,176.209
6.98,0.28,7.77,8.94,2.19,7.74,4.35,7.9,1.72,0.02,2.64,7.43,140.898
1.79,6.37,9.28,2.86,7.54,0.56,4.74,3.66,6.97,0.91,3.86,9.59,95.526
2.12,8.02,0.25,0.95,6.14,3.98,5.53,4.22,9.43,3.84,4.74,5.86,63.831
0.07,1.96,0.51,8.66,4.69,0.4,3.29,8.95,8.83,6.41,1.31,0.56,55.503
3.96,0.54,7.07,8.73,4.48,0.96,5.5,6.77,4.35,3.0,1.08,2.16,112.598
8.45,9.98,6.74,0.15,5.79,9.14,0.9,0.72,5.91,7.77,4.2,1.32,193.324
1.38,3.25,7.29,9.26,6.43,0.6,0.36,2.51,9.43,5.24,4.54,8.09,93.503
1.98,5.35,3.53,1.97,8.5,8.39,3.19,7.95,5.96,6.01,0.2,1.71,118.785
3.98,4.48,6.37,7.46,2.06,3.39,2.75,3.23,5.15,6.75,7.64,9.65,78.874
7.31,8.12,3.82,4.82,0.95,0.45,1.52,7.8,0.4,2.64,2.75,6.31,118.908
0.85,7.48,5.14,1.24,7.82,9.83,6.71,1.4,1.01,4.79,5.33,1.13,158.861
3.05,7.81,6.02,8.02,8.75,0.27,2.54,5.91,0.25,4.4,1.1,5.33,173.682
8.72,5.77,5.6,2.2,0.23,3.65,8.98,3.43,6.93,6.96,5.51,2.68,75.877
7.61,3.7,5.94,0.36,6.09,5.67,6.47,3.76,1.62,5.01,8.06,0.41,115.949
7.61,0.1,9.84,1.95,9.78,8.4,3.58,5.39,8.71,7.07,0.46,8.04,113.323
4.39,4.37,2.5,6.76,1.1,6.49,5.2,6.31,0.37,9.43,4.76,8.26,74.599
4.88,8.24,6.97,9.89,4.42,2.4,6.68,8.47,1.69,1.37,5.28,3.83,134.700
2.98,8.94,6.73,4.79,7.59,4.95,3.59,6.08,8.12,2.71,3.69,7.65,113.003
5.54,5.36,7.07,6.54,6.75,0.88,3.02,5.14,1.9,5.5,8.68,5.16,109.320
0.13,2.97,1.41,5.64,4.73,5.27,6.78,8.75,4.94,1.46,0.04,4.31,76.674
8.07,4.94,2.27,9.46,9.69,6.25,3.43,4.97,5.13,7.99,2.81,0.85,161.557
9.42,6.86,9.75,5.18,6.66,0.6,2.81,5.64,0.89,9.62,6.56,1.78,140.916
0.26,2.85,8.3,1.17,6.73,4.06,9.88,0.86,1.44,7.76,2.43,9.11,74.238
7.4,6.92,2.89,2.8,7.09,2.32,4.78,1.07,5.35,7.01,0.31,9.86,103.665
9.48,3.0,6.82,2.03,9.19,5.16,6.32,2.5,8.17,9.98,9.97,9.2,77.330
4.49,0.34,3.76,2.83,2.29,8.49,2.08,2.4,5.5,0.39,5.57,7.15,96.146
4.48,3.61,6.84,1.07,1.27,6.03,9.63,5.33,1.19,8.66,5.3,3.74,68.833
7.61,7.4,1.81,2.86,5.43,9.01,0.06,5.17,5.68,0.04,9.71,2.45,147.642
8.88,3.14,9.77,1.18,1.28,2.52,4.26,6.4,2.12,4.08,8.92,1.78,97.134
7.46,9.33,4.91,2.61,0.52,6.85,4.2,5.56,1.67,8.64,1.55,2.68,130.370
5.42,3.56,2.5,9.8,7.39,8.16,9.57,3.54,7.18,0.01,1.07,7.33,128.328
3.71,4.15,5.07,0.69,1.79,0.2,8.4,3.45,8.12,0.73,9.15,1.89,49.181
0.98,0.5,2.82,4.91,2.94,0.07,2.76,6.04,3.04,3.4,5.75,5.1,46.838
3.95,2.06,3.31,2.82,7.02,2.79,0.87,8.93,0.5,5.25,2.35,7.82,85.342
9.18,2.95,3.59,1.02,4.57,3.03,6.16,0.06,0.49,4.17,6.48,5.09,108.419
5.72,3.24,9.09,3.83,9.14,5.29,9.7,6.07,2.9,1.89,3.89,3.21,131.273
7.07,6.25,5.63,0.26,6.87,4.01,1.43,8.54,1.79,6.84,0.75,8.47,108.160
0.91,5.73,8.46,5.24,4.08,1.09,3.4,5.54,7.85,2.18,7.73,1.91,89.165
9.32,2.23,7.04,3.24,7.71,7.54,2.23,5.13,2.26,0.34,2.57,3.84,226.512
6.6,9.83,3.71,2.71,9.96,8.65,7.3,4.45,9.16,5.12,0.44,1.82,146.554
1.92,2.85,7.37,1.4,9.86,2.12,8.6,4.5,0.09,0.51,3.13,1.66,138.021
10.0,2.52,4.63,7.36,8.37,2.05,8.74,7.71,0.36,2.95,2.03,1.53,149.786
1.49,5.7,1.72,3.3,0.81,5.36,7.05,5.22,7.59,2.74,1.4,7.62,58.128
9.14,4.88,8.46,1.85,7.76,7.46,9.82,1.17,3.72,7.96,4.72,4.25,125.000
4.5,1.25,0.35,1.0,8.68,7.71,2.58,5.9,0.83,3.65,1.41,2.65,138.014
4.68,4.58,6.57,8.82,6.22,9.27,7.56,3.44,7.16,6.28,7.61,8.61,98.721
4.36,4.24,2.26,8.43,5.26,1.48,8.38,5.11,9.64,8.25,2.65,5.86,65.254
7.13,8.28,3.37,2.96,0.61,9.85,9.66,3.94,6.17,6.74,2.54,0.59,108.637
4.71,5.85,0.66,7.3,0.16,3.68,9.07,6.77,5.23,2.98,5.16,6.07,63.379
6.53,8.52,2.17,8.99,2.26,1.66,0.95,6.1,2.75,9.48,4.94,9.07,90.508
5.01,5.94,9.39,2.32,5.26,6.92,2.96,5.24,0.93,3.1,1.42,9.94,147.690
8.8,2.14,5.22,2.96,5.18,7.74,8.87,0.94,3.82,2.6,1.4,9.59,117.708
2.54,0.39,1.48,4.76,8.39,9.93,0.22,2.35,2.82,1.38,7.02,8.15,125.296
7.37,2.05,7.95,1.55,0.79,4.61,3.52,2.1,9.23,0.71,7.03,5.35,87.044
0.53,9.52,2.39,6.8,2.07,9.52,8.54,9.33,9.63,9.36,2.79,9.03,63.332
5.36,9.44,0.8,1.47,7.26,4.08,1.55,0.22,7.63,8.22,4.76,1.1,120.997
9.04,2.94,9.75,2.86,6.87,3.77,7.91,9.34,2.29,9.91,9.97,3.37,82.332
3.68,4.28,1.6,2.82,2.36,1.23,4.98,6.51,3.57,0.48,9.04,5.38,53.304
5.69,6.04,1.72,8.54,6.52,5.17,7.57,6.47,3.49,2.24,2.47,2.34,137.022
2.69,0.52,1.34,0.13,6.52,3.92,7.79,6.17,1.4,5.87,0.79,7.9,50.535
3.94,6.05,4.36,8.22,9.37,7.21,5.78,2.48,7.87,8.63,7.99,3.38,108.359
7.43,1.04,5.16,9.01,1.13,8.62,5.37,7.79,4.59,9.16,2.74,1.6,103.648
6.84,1.38,4.96,9.62,7.39,10.0,5.12,8.03,9.75,3.49,8.2,5.31,100.727
0.11,4.13,7.5,3.29,9.88,6.11,2.66,3.28,1.89,9.67,9.89,8.86,85.572
7.76,8.44,4.91,7.95,3.77,7.42,9.0,2.37,4.93,2.63,1.04,6.35,152.926
6.26,2.01,5.38,6.46,3.67,0.15,2.98,8.61,9.68,1.48,1.62,1.91,91.058
3.79,6.07,9.45,3.69,3.66,6.29,8.96,8.52,7.97,7.61,3.42,9.89,71.059
7.33,4.24,7.38,4.04,5.42,1.42,5.85,4.81,2.94,6.04,3.19,2.4,118.232
5.43,8.12,2.82,4.49,7.15,1.44,6.76,9.51,4.01,9.06,5.88,1.83,79.487
4.91,4.35,1.92,3.85,2.05,5.09,8.7,6.37,9.29,4.47,3.01,4.74,60.607
9.1,3.74,5.01,8.26,9.89,4.08,6.32,3.78,6.2,8.64,0.93,9.57,113.093
4.3,9.34,3.06,3.26,1.77,2.23,5.91,2.26,5.53,3.76,7.21,7.52,74.433
5.8,3.83,2.55,7.35,8.93,7.08,5.3,9.07,6.25,9.41,1.7,8.95,87.365
7.83,5.71,9.2,5.57,0.77,6.09,9.11,6.71,2.74,8.37,6.23,7.44,86.626
1.7,1.61,0.94,1.26,8.19,9.95,2.87,5.94,5.97,2.58,2.98,3.15,100.681
2.01,8.83,2.89,2.11,1.18,3.96,2.74,3.88,6.11,0.93,8.65,7.72,69.863
1.98,5.14,6.32,7.53,1.86,3.61,1.94,9.34,1.64,0.55,9.75,5.66,91.551
8.67,0.21,0.38,5.6,3.38,4.32,5.6,3.35,1.01,1.42,2.45,5.13,118.987
0.45,5.24,0.85,6.46,4.96,5.11,9.1,2.47,8.38,0.92,4.04,2.43,84.382
5.85,3.64,4.54,0.26,0.59,5.98,7.37,8.19,5.26,2.52,8.67,7.32,53.038
2.23,6.96,8.33,0.77,1.7,0.55,2.3,9.59,2.9,8.83,2.92,2.61,70.463
4.62,6.21,1.38,4.48,2.82,3.11,8.8,4.9,4.42,3.53,6.77,4.54,68.629
7.02,6.19,5.42,7.7,5.51,8.53,7.57,5.8,9.42,2.27,4.95,0.34,133.015
2.3,3.23,3.19,7.63,0.09,7.41,7.52,5.27,4.66,3.04,4.32,6.3,76.663
5.11,6.3,1.3,7.22,4.93,4.12,4.48,4.86,7.24,6.36,6.85,7.18,78.388
5.44,2.0,9.97,0.6,6.1,3.99,4.65,3.66,5.93,5.46,7.47,8.02,79.852
5.07,5.14,3.4,6.75,0.42,7.07,4.81,7.45,4.47,0.6,9.7,3.14,92.310
5.15,4.25,0.19,8.29,1.45,8.86,0.46,1.34,3.33,7.71,1.83,8.99,119.146
9.2,7.79,7.49,8.72,6.19,5.71,9.63,0.69,7.63,3.25,0.58,2.68,184.383
2.66,9.14,8.99,7.17,6.16,7.56,9.42,7.69,0.55,1.37,7.3,1.96,147.331
0.86,4.21,9.28,3.06,8.59,5.03,0.95,0.54,6.49,3.67,4.14,0.28,193.093
5.65,2.91,6.58,7.63,3.58,0.76,3.53,4.51,9.07,0.5,6.68,3.77,96.614
3.67,1.47,0.69,3.66,4.56,4.93,7.44,7.74,5.87,2.84,8.07,3.16,54.043
0.69,9.79,7.29,4.06,5.51,9.33,4.46,5.39,8.29,6.43,0.03,9.27,108.267
2.88,4.4,7.25,1.76,7.66,0.89,5.96,4.79,0.91,5.16,4.89,0.95,109.620
1.49,7.82,0.96,1.29,9.87,7.37,7.37,3.96,1.7,3.03,1.66,6.73,117.791
3.6,6.13,8.91,3.44,2.9,5.15,6.63,2.33,3.57,5.92,8.02,8.37,86.481
9.79,9.13,1.67,7.35,1.67,1.7,0.6,0.07,1.38,8.39,7.46,0.29,172.128
5.61,2.12,9.59,0.93,3.22,5.32,6.05,0.17,6.0,9.21,9.5,5.61,73.317
0.76,1.66,8.66,5.69,6.13,9.66,6.91,5.55,7.1,0.93,4.98,3.84,111.088
6.61,0.21,0.88,1.34,2.5,9.4,5.95,4.28,6.44,9.22,7.1,0.49,62.545
2.38,0.36,4.08,7.91,9.1,5.85,9.44,0.33,0.21,3.39,6.54,2.65,131.560
7.42,4.06,3.75,1.54,6.09,0.18,2.95,6.42,1.44,5.96,2.27,8.1,84.893
4.06,1.63,4.63,9.99,9.8,9.85,6.77,7.7,3.58,9.02,8.92,7.55,91.778
0.44,8.19,0.12,0.01,1.23,3.49,2.32,5.11,0.9,7.61,7.69,1.97,52.656
6.83,7.63,0.79,9.85,6.58,6.12,2.53,2.61,5.06,2.15,8.81,1.55,166.446
1.54,2.96,3.1,1.26,2.26,4.3,3.14,4.06,1.41,5.17,1.89,9.36,61.606
5.74,1.16,7.82,9.05,0.63,8.96,5.36,4.03,9.76,3.41,4.57,5.68,101.676
5.82,4.61,8.5,7.46,8.59,2.63,3.83,8.69,4.49,3.74,2.35,3.21,142.949
0.72,2.42,5.97,4.07,5.48,4.32,1.39,0.59,5.96,8.85,9.21,8.25,67.095
4.83,4.56,6.16,0.69,7.3,4.01,8.07,5.01,7.78,3.56,4.64,3.4,84.874
1.69,3.09,2.24,4.91,8.12,1.03,3.77,7.71,1.37,8.22,7.49,4.38,63.995
6.11,5.51,1.74,1.01,9.34,0.32,6.03,8.79,0.26,6.37,6.31,5.44,72.380
7.61,9.16,2.33,0.12,7.97,9.97,0.07,8.89,3.7,3.24,1.47,1.48,197.135
3.33,2.97,9.23,5.81,2.49,8.62,7.23,7.1,0.86,4.36,5.4,1.92,120.767
9.44,7.2,0.15,8.16,8.87,1.17,5.45,1.39,7.59,4.26,8.42,0.05,128.829
4.42,9.18,2.13,1.63,4.16,8.91,0.09,4.28,9.6,9.43,4.25,3.59,97.407
9.59,1.3,3.82,7.4,0.35,4.0,6.8,0.91,8.28,4.28,4.39,1.17,102.439
3.71,6.13,8.28,5.18,3.41,4.45,7.45,4.44,1.26,3.69,7.25,4.91,107.448
8.8,3.24,6.29,5.35,5.53,1.97,4.07,6.89,5.13,9.9,1.71,0.53,110.450
1.1,2.74,4.9,0.17,0.45,6.69,8.56,1.48,5.43,5.94,8.33,3.36,48.489
7.96,3.07,8.93,3.63,7.58,9.21,8.57,0.49,8.94,5.36,6.21,7.36,109.342
3.27,4.46,5.83,6.84,7.31,2.9,6.46,3.02,8.44,2.87,0.97,4.7,115.684
0.31,7.14,1.9,7.51,6.67,7.99,5.69,9.13,2.24,3.11,4.1,3.58,113.178
1.66,0.14,4.71,3.8,1.57,0.1,1.86,6.08,7.29,8.69,8.16,8.61,29.442
8.72,2.87,5.23,4.26,7.58,7.44,0.86,0.05,4.77,0.89,6.15,7.14,181.772
5.16,0.73,1.04,7.65,3.74,7.66,0.4,8.32,4.64,7.35,9.33,4.19,75.898
6.3,4.16,5.19,8.84,9.25,3.37,8.35,4.97,4.08,1.37,2.22,8.18,127.220
3.86,1.34,8.72,9.94,9.65,0.17,6.46,0.04,1.2,3.05,7.72,7.43,130.039
4.28,5.79,3.17,3.92,1.11,1.83,1.05,0.63,5.15,6.94,8.33,2.27,82.478
2.92,2.4,2.27,9.88,2.52,3.51,5.83,7.25,9.42,7.27,5.97,4.88,57.853
5.49,8.13,5.54,6.27,4.47,3.39,6.18,1.74,3.9,4.89,1.47,7.96,127.353
5.94,8.67,7.21,3.47,8.25,4.6,6.83,1.76,3.89,4.77,2.7,2.61,169.060
8.96,1.14,6.24,3.75,1.97,5.2,0.92,5.24,0.49,1.12,4.28,4.78,161.973
5.38,2.45,6.6,8.12,9.45,5.08,6.36,9.78,0.92,1.54,3.45,0.87,161.780
1.68,8.91,2.02,6.44,1.37,7.63,1.99,9.13,4.43,1.37,6.02,7.9,90.953
6.06,7.41,4.75,0.54,2.74,1.27,2.48,4.95,6.77,7.94,0.53,6.61,77.766
2.38,8.36,2.41,8.12,8.7,1.93,4.95,0.19,9.39,4.9,3.29,8.9,100.886
7.59,1.53,8.53,6.16,4.1,8.34,6.35,5.51,0.62,0.62,9.53,1.32,151.357
2.06,8.36,6.83,9.37,4.7,7.01,7.37,3.62,8.35,0.7,0.13,0.14,188.725
9.91,2.77,9.07,1.36,9.26,6.86,1.0,6.18,3.25,8.51,6.87,0.11,151.350
3.04,6.2,5.81,1.38,6.82,4.71,3.97,3.19,4.22,5.04,2.32,5.52,115.251
7.26,4.61,3.16,1.07,0.79,8.49,8.13,2.48,8.69,6.6,9.08,5.98,61.963
2.94,9.23,8.6,2.15,3.29,7.44,8.4,4.81,8.27,8.64,0.94,7.6,87.041
3.06,4.86,4.51,5.88,6.34,2.31,1.58,5.75,1.19,7.49,0.14,7.46,114.189
7.05,7.01,2.21,0.01,1.26,3.48,0.21,0.94,0.12,7.95,3.58,4.84,119.161
4.03,3.46,1.44,0.98,4.3,5.56,4.27,3.78,4.64,4.11,6.95,9.84,58.857
4.0,2.73,2.25,8.8,5.16,2.94,5.58,1.97,2.91,6.23,6.87,4.72,91.513
7.34,2.76,5.48,8.61,0.18,7.2,0.39,4.26,4.64,9.37,9.83,9.27,83.607
5.54,4.74,2.11,0.56,6.08,5.36,7.37,0.46,9.44,2.9,6.86,2.83,81.681
1.33,0.56,7.09,1.01,4.89,4.47,6.15,8.63,7.19,3.49,1.97,2.57,64.500
7.89,5.42,5.93,9.72,8.32,9.3,6.41,3.98,1.36,1.69,0.93,0.93,304.444
5.17,3.45,7.94,4.72,8.41,7.75,0.58,7.2,4.61,9.67,8.89,0.11,120.541
5.61,5.3,9.66,3.58,1.03,5.84,4.86,9.74,4.78,4.04,2.99,6.1,95.417
2.92,4.4,4.3,8.59,1.18,2.86,5.2,1.45,2.44,6.95,7.78,9.78,72.173
9.2,2.98,8.32,0.21,8.54,9.31,2.58,5.28,8.62,2.51,1.9,9.9,125.235
2.34,5.15,6.9,8.97,6.62,1.02,6.62,7.32,9.87,7.5,7.92,2.92,73.547
8.3,7.34,9.82,8.71,7.67,6.4,2.47,6.39,9.79,2.89,3.22,6.37,154.963
1.63,5.7,2.64,2.98,0.01,8.7,6.56,9.96,3.28,4.05,9.11,8.07,52.791
4.92,9.98,9.15,4.41,3.92,8.39,4.64,6.02,5.67,4.1,2.35,5.98,141.759
1.59,4.98,8.59,9.02,4.58,2.58,1.76,5.97,8.09,5.48,6.81,2.33,102.957
8.7,6.6,4.07,1.13,4.49,8.07,6.8,2.91,7.84,3.34,2.67,0.61,136.781
9.71,6.32,1.37,8.65,7.61,2.51,4.49,6.88,0.93,0.86,5.57,0.88,184.447
6.9,4.48,2.84,7.16,4.13,8.53,0.93,5.43,6.18,5.6,8.69,5.25,106.110
6.53,2.41,2.53,2.23,1.13,3.58,5.32,7.41,5.28,5.46,0.99,3.8,65.145
6.91,8.29,3.31,7.42,7.52,6.0,0.06,9.58,7.24,9.19,6.65,0.73,117.937
9.66,9.52,8.7,5.31,7.72,2.61,6.93,3.89,9.23,3.16,5.86,6.99,120.688
4.36,1.93,7.82,8.06,0.74,9.78,6.75,5.49,6.6,3.32,5.39,0.33,117.253
3.39,9.75,7.19,6.26,9.95,3.93,8.26,3.33,5.12,5.51,0.52,1.68,165.725
3.53,2.82,0.1,7.8,6.43,6.34,7.25,8.73,5.92,6.67,6.82,6.54,64.441
9.94,4.98,0.78,7.5,8.67,5.62,9.55,5.11,5.33,3.85,0.21,7.02,120.663
7.34,9.84,9.98,4.91,2.16,9.83,5.09,3.02,8.19,0.18,9.97,2.04,154.651
8.14,0.89,9.85,9.49,9.56,9.4,8.11,9.61,7.58,2.73,5.85,2.21,131.144
7.03,8.89,7.66,6.85,5.72,7.19,8.8,0.94,3.44,7.18,7.66,7.05,123.581
5.84,3.02,5.35,5.46,9.16,0.98,8.49,4.9,4.83,7.41,7.79,2.1,83.925
6.97,9.6,5.06,3.0,8.53,3.02,5.12,6.1,3.8,7.48,5.8,4.89,109.009
0.08,1.1,3.7,1.17,3.56,5.5,0.6,9.61,9.22,8.18,1.28,4.48,45.280
5.96,3.41,9.0,7.04,7.0,6.98,0.82,0.72,3.32,1.96,7.83,4.83,202.207
3.09,9.25,3.9,6.18,5.2,6.96,7.96,2.2,5.64,4.16,1.37,4.8,132.338
7.3,3.14,9.03,3.44,3.46,1.34,5.67,3.0,6.48,9.3,4.54,1.5,90.882
7.4,4.47,5.97,9.07,9.08,2.31,1.96,2.52,9.73,3.44,5.94,4.72,135.288
0.78,3.9,9.44,7.49,5.54,4.18,3.2,5.28,8.46,2.29,1.83,1.15,141.063
6.12,3.25,2.75,5.29,7.57,3.51,4.46,8.4,2.44,1.23,9.4,7.52,85.172
3.15,1.29,4.58,6.65,2.75,2.84,1.76,2.19,1.6,9.54,7.54,4.02,79.775
1.18,6.71,1.69,4.85,8.15,9.2,9.61,5.5,7.29,8.95,9.0,3.47,72.524
7.15,2.27,1.79,1.03,5.36,7.84,9.59,1.01,2.79,0.69,8.51,0.76,108.951
3.46,0.31,6.42,0.28,3.06,7.88,4.75,1.15,9.97,8.76,0.18,2.66,77.940
6.95,5.68,9.09,4.63,1.22,0.37,3.67,9.75,8.94,8.92,6.3,4.15,66.954
6.85,1.1,5.83,3.3,8.36,3.52,9.16,2.43,5.63,3.02,8.33,0.92,98.203
4.16,8.29,0.93,5.78,6.71,3.22,8.03,4.1,4.97,9.14,6.5,1.87,84.051
3.7,4.41,2.82,6.02,3.7,6.83,6.64,5.94,7.08,8.08,4.82,0.97,81.956
4.87,3.9,4.71,2.52,8.3,8.58,7.37,0.49,5.74,4.4,7.95,0.62,123.749
6.0,4.35,2.35,6.26,8.1,6.43,1.09,0.31,0.88,1.16,4.1,2.39,337.261
1.98,1.9,6.46,4.15,4.29,8.38,3.93,9.15,5.74,2.9,0.39,3.53,105.928
2.18,9.16,5.2,7.38,8.25,7.87,6.41,4.32,5.66,4.99,7.55,7.14,111.006
3.37,4.66,2.75,5.26,9.23,9.2,8.13,1.43,6.81,4.57,9.97,1.94,104.932
2.95,0.47,7.65,3.25,4.78,5.95,3.93,7.89,9.99,2.6,2.57,8.01,71.592
7.25,1.04,6.98,5.05,2.65,6.76,8.89,6.65,0.65,8.84,7.45,0.41,90.392
5.25,6.74,9.66,0.85,1.72,4.75,7.97,0.03,9.57,2.3,3.97,8.23,90.334
5.65,3.93,6.2,1.85,3.33,2.26,5.53,1.33,7.53,9.63,0.45,2.54,85.968
6.95,4.58,1.27,4.98,0.57,0.18,8.62,0.85,4.55,6.24,5.8,4.29,61.054
9.4,7.74,3.47,8.8,0.16,3.93,6.13,6.07,0.42,0.59,5.61,2.85,154.592
0.49,1.35,9.63,2.49,6.66,4.87,1.65,1.33,4.61,6.84,7.33,3.43,101.191
4.46,1.97,4.65,4.38,3.25,1.08,8.48,0.5,4.45,4.85,6.06,1.81,75.679
9.79,7.48,7.41,8.95,8.35,4.11,9.93,1.3,2.14,7.18,8.64,2.15,147.064
1.78,2.84,8.71,2.99,5.65,5.56,2.9,5.0,2.95,3.77,9.67,4.83,94.540
8.56,1.76,4.18,8.51,0.54,9.06,6.37,0.63,2.59,4.93,4.5,5.96,130.544
1.77,4.1,7.06,10.0,5.21,3.37,1.95,4.56,3.82,6.85,9.2,6.11,96.984
6.35,9.78,6.05,6.18,3.14,2.0,5.52,9.97,4.37,0.96,3.94,3.52,118.458
9.25,9.15,0.89,4.4,3.96,1.73,8.08,1.9,7.68,5.54,0.62,3.73,106.642
9.87,4.22,7.96,0.86,9.59,1.71,1.39,0.16,5.87,0.07,7.51,8.21,147.393
0.24,9.56,9.25,1.01,7.42,3.74,2.22,3.38,8.0,0.95,8.51,0.02,135.269
5.72,6.7,3.59,6.31,0.88,8.5,2.58,2.52,5.49,9.14,0.04,2.29,143.699
2.5,3.59,0.31,7.39,8.0,2.05,4.39,8.83,7.7,0.44,5.07,7.96,69.322
7.94,9.74,7.33,8.98,3.67,6.37,9.78,0.63,5.96,7.11,1.68,0.49,171.657
0.23,5.46,7.86,3.41,7.9,4.51,8.27,9.27,0.19,2.62,5.81,2.18,103.634
3.66,6.6,8.18,7.63,9.69,5.54,3.36,8.56,5.29,2.44,7.88,7.21,118.883
9.43,0.39,9.41,4.32,2.92,7.95,9.26,6.2,3.83,5.27,8.99,6.0,87.029
0.78,9.31,9.57,7.19,1.14,7.4,0.8,4.47,3.45,7.65,9.66,8.44,102.669
3.37,2.46,7.07,9.16,1.72,5.02,3.47,0.84,3.4,3.93,3.98,0.65,177.013
7.89,4.26,4.78,4.78,4.12,7.06,9.27,4.28,4.75,2.05,0.4,7.17,117.801
1.64,3.87,4.08,6.02,7.15,0.53,2.11,9.08,2.92,7.59,3.69,4.29,78.470
0.68,7.69,4.4,9.51,3.22,2.64,8.6,5.81,5.55,6.45,9.01,5.05,69.533
6.15,2.81,7.67,2.1,3.75,7.88,4.34,7.62,9.24,7.6,5.34,9.78,69.126
4.41,6.66,5.16,3.64,1.67,1.04,1.55,8.15,0.94,4.22,7.28,0.09,101.574
5.19,9.01,7.7,5.1,4.03,8.53,4.22,1.87,4.12,0.62,7.39,6.88,157.610
5.75,0.06,2.73,0.67,0.69,3.66,5.25,7.6,7.11,7.22,5.67,2.23,38.655
5.27,0.95,2.56,8.44,8.86,9.57,5.53,7.13,1.5,8.88,1.23,5.88,118.242
3.16,8.23,4.64,9.84,6.24,1.54,2.6,5.95,6.11,4.32,2.76,5.24,124.722
5.69,3.44,3.07,1.14,6.93,5.74,3.2,5.25,1.82,3.97,0.79,6.25,122.227
0.64,1.13,7.93,5.85,2.03,4.7,7.24,1.4,1.8,3.46,3.25,2.85,111.400
5.38,2.76,9.71,5.1,0.63,9.07,8.26,1.72,9.11,8.42,9.9,8.17,71.632
3.19,2.68,4.84,3.31,1.83,2.91,9.8,9.89,7.54,7.86,9.12,5.54,37.709
7.29,2.37,0.2,6.55,7.08,0.73,4.16,1.59,4.02,5.47,9.51,3.92,84.479
1.33,1.44,1.44,6.36,5.88,6.7,9.53,5.74,4.68,8.74,5.47,0.28,67.218
7.07,0.4,2.92,2.29,9.51,1.41,8.56,6.33,4.27,6.89,8.08,3.91,62.040
2.33,7.69,4.19,1.74,4.28,1.38,3.52,1.96,1.01,5.41,8.03,9.76,72.785
6.35,1.9,5.3,9.6,9.13,4.91,7.22,0.2,3.22,5.21,8.05,3.56,135.433
4.44,2.86,9.37,8.52,1.85,7.11,7.43,1.29,8.01,4.47,0.46,7.11,118.700
1.35,5.75,2.93,9.34,6.02,7.72,2.01,0.48,4.73,0.4,8.14,1.52,191.609
9.73,4.57,3.52,7.11,4.35,7.11,8.65,9.55,5.5,9.23,8.46,1.26,85.322
2.48,0.05,5.37,7.72,9.55,7.86,6.6,4.24,3.5,9.91,3.67,7.48,93.305
6.56,2.98,5.37,7.26,0.31,2.78,6.65,3.74,4.82,3.82,9.01,1.94,84.256
3.92,6.53,0.91,3.68,2.84,7.16,6.0,5.22,1.25,2.16,6.56,0.1,117.614
7.3,7.23,4.61,7.05,5.19,2.14,6.36,8.99,5.95,2.52,1.13,0.67,130.835
6.14,7.11,4.71,3.77,9.36,1.95,1.03,3.49,8.66,0.47,4.37,9.95,118.127
2.7,9.8,1.82,1.43,7.92,6.2,0.57,6.48,4.16,2.27,1.59,5.6,144.509
3.13,1.17,6.49,9.8,9.19,2.12,0.96,9.06,4.75,4.57,2.49,5.62,116.211
5.91,5.86,8.93,3.78,3.39,0.12,6.14,9.43,0.33,1.01,5.64,0.22,122.925
7.09,5.72,8.06,6.84,1.58,5.13,5.36,7.62,5.56,6.93,8.41,0.14,101.176
1.48,4.55,8.15,4.69,6.61,7.51,5.14,1.14,5.02,5.64,6.27,5.2,116.121
1.41,4.19,6.45,5.42,8.7,0.58,1.48,3.64,0.68,2.83,7.33,0.61,161.436
5.1,0.31,6.9,3.53,6.18,4.73,0.11,7.96,2.4,7.11,6.66,0.28,109.095
8.44,0.35,9.17,3.35,4.67,5.74,8.73,6.32,5.81,8.32,7.01,7.18,73.138
3.04,0.21,2.18,7.75,2.08,7.02,0.25,4.82,5.01,1.96,1.28,8.27,103.196
1.68,6.45,0.78,9.57,9.04,0.86,8.12,5.55,0.7,0.18,2.74,6.64,118.596
9.14,7.94,4.31,7.46,5.73,2.6,8.33,8.13,6.35,5.03,0.63,7.43,103.565
0.76,2.31,8.11,3.71,3.58,5.55,0.5,4.67,0.28,1.68,7.86,8.86,100.713
7.47,0.96,9.5,5.36,9.21,8.74,4.3,8.67,1.91,0.71,7.61,0.71,172.480
8.34,5.02,6.91,8.01,8.15,4.65,9.26,3.85,1.15,7.22,8.21,1.89,130.082
3.81,6.53,9.22,6.07,0.84,7.98,6.15,4.79,0.05,2.02,6.48,6.15,134.360
3.45,6.19,2.5,2.05,3.14,0.61,2.83,3.2,2.37,3.47,6.68,3.88,79.982
5.74,1.26,2.85,7.61,6.12,9.15,1.09,8.0,4.38,3.71,9.98,6.07,98.495
8.76,1.61,3.22,9.64,2.23,4.8,1.12,6.49,5.84,9.23,0.52,4.94,107.534
5.03,8.99,2.02,7.1,3.24,5.09,8.02,5.63,5.83,0.35,5.72,0.51,120.760
0.78,5.56,7.28,3.24,8.57,9.34,8.94,0.95,4.91,8.09,2.69,4.45,115.784
3.19,6.24,5.83,6.13,9.35,0.48,8.19,4.19,6.23,3.98,7.66,9.86,77.836
4.85,9.58,8.51,9.63,6.37,8.91,3.74,7.41,0.17,3.13,7.07,2.87,196.187
6.54,7.91,9.98,5.36,4.76,6.61,4.84,1.73,1.55,2.7,6.5,4.33,190.115
9.21,2.41,9.29,1.78,3.02,8.82,2.48,5.63,6.15,7.15,4.54,8.89,99.110
7.16,9.77,6.54,2.21,3.63,2.15,7.97,1.69,4.7,1.11,2.06,9.4,116.821
7.66,2.72,1.29,8.25,1.73,4.12,2.01,9.02,2.44,7.34,9.11,7.65,68.592
5.47,1.17,6.73,4.66,4.06,0.66,1.15,9.48,9.57,2.62,3.62,3.22,76.703
5.92,6.88,6.8,4.82,8.01,5.4,8.39,4.67,5.22,9.89,3.4,3.48,107.932
5.31,1.32,1.9,7.3,5.26,3.44,2.66,5.01,7.47,7.26,0.51,0.97,102.722
9.75,0.89,9.71,8.92,6.18,7.93,7.07,6.68,2.5,5.07,5.65,9.82,117.912
4.67,3.99,1.54,6.62,0.72,2.54,7.62,6.08,8.76,7.5,6.41,7.05,46.246
1.98,7.29,10.0,2.66,2.35,5.19,4.36,9.75,2.29,4.6,9.24,0.59,95.589
0.4,5.16,6.86,1.24,9.82,5.16,6.58,2.3,7.74,9.52,1.97,2.01,95.086
6.22,8.46,9.96,7.5,0.09,8.06,4.42,8.62,7.17,4.69,2.42,7.96,114.201
3.68,2.55,7.01,5.39,9.0,7.22,7.17,9.83,8.52,5.47,5.3,3.42,87.761
5.65,6.52,3.64,4.33,6.61,4.78,6.02,3.91,7.13,5.64,0.66,6.67,104.995
5.85,2.98,3.57,1.87,6.41,7.31,4.1,2.56,7.63,9.45,5.06,9.16,73.736
6.76,5.84,5.09,8.71,6.08,0.44,2.74,7.71,9.47,2.88,0.53,0.15,140.204
7.01,0.5,3.04,5.12,7.18,4.64,7.76,6.67,4.16,2.03,7.84,1.78,90.906
5.6,3.72,3.76,1.72,0.93,9.81,1.98,4.45,1.75,3.25,9.82,2.89,105.800
4.43,6.32,6.92,5.28,8.72,9.16,9.88,6.89,5.68,0.59,0.59,0.76,167.405
0.03,5.18,8.78,7.35,3.89,8.15,6.14,8.38,5.55,0.12,8.71,1.66,109.228
5.1,3.63,0.42,7.84,6.02,7.04,9.04,6.16,0.3,8.9,4.1,7.55,83.356
1.2,0.35,5.54,6.35,6.02,4.1,8.83,4.64,0.63,1.19,4.99,1.68,107.286
6.9,5.1,7.98,5.99,4.39,2.34,6.5,5.35,1.37,8.35,6.31,1.12,112.759
7.21,4.49,3.99,9.61,9.36,2.03,2.89,0.63,8.7,4.19,4.15,6.93,133.467
9.78,2.17,3.28,0.92,8.93,4.8,8.93,0.44,5.1,0.66,9.94,5.92,96.418
6.47,4.08,0.47,3.73,5.93,1.19,0.78,5.2,8.33,5.16,6.88,0.43,81.665
3.08,8.96,2.63,5.2,2.43,4.47,6.42,8.92,4.38,8.94,5.35,6.37,66.295
5.06,3.22,1.52,6.49,8.5,8.22,4.97,8.28,3.41,9.87,9.95,8.62,73.193
1.24,5.89,9.0,5.28,5.88,0.53,7.66,1.99,5.05,1.74,9.01,1.14,104.626
8.52,4.28,8.24,6.04,4.87,7.11,4.39,4.07,6.38,5.79,0.84,4.69,149.312
9.62,4.31,8.47,0.28,8.71,6.4,9.31,2.92,3.16,3.57,6.19,6.59,119.061
9.03,1.1,1.59,3.52,7.98,8.04,9.39,1.96,1.07,4.07,3.55,7.49,113.549
6.51,2.6,1.27,1.5,9.14,3.92,7.72,4.6,8.84,9.71,9.69,3.15,57.058
1.21,7.41,3.22,8.37,5.65,2.89,3.34,7.93,1.24,3.97,8.16,0.33,115.138
0.72,3.65,7.93,7.7,1.68,3.71,9.1,8.13,2.54,7.56,6.02,8.02,61.373
5.03,3.06,6.86,9.39,0.76,9.27,2.33,1.23,8.37,1.87,6.58,6.51,127.817
9.71,0.48,5.92,4.81,9.84,6.02,6.1,3.63,5.29,6.57,2.91,9.21,109.107
6.97,2.62,4.49,7.43,2.05,8.35,2.99,0.61,2.91,7.18,8.59,8.72,102.935
9.81,7.45,5.03,4.59,7.57,1.38,8.38,5.01,0.53,8.93,4.19,5.23,111.032
3.83,8.49,2.38,3.21,9.22,4.87,6.23,0.99,0.95,7.92,7.88,7.22,102.597
2.77,7.7,2.53,4.17,4.85,9.62,9.57,9.95,1.89,7.72,8.16,5.31,74.272
0.84,0.11,1.35,1.98,9.42,4.05,5.75,0.87,3.96,4.99,2.17,0.26,98.611
3.0,2.77,3.87,8.92,5.85,7.69,1.84,1.26,6.85,9.4,2.26,6.28,115.095
1.14,6.86,5.64,2.92,7.96,6.2,3.84,6.5,3.02,0.61,8.4,1.92,126.472
7.54,5.98,9.37,5.69,1.63,5.11,4.64,6.56,5.72,2.71,8.99,7.89,96.741
7.04,8.92,8.27,9.29,2.07,1.0,9.92,7.75,9.96,1.47,2.34,0.17,115.755
6.23,2.83,6.42,9.93,4.15,6.16,2.27,8.68,7.77,8.28,5.67,6.71,90.706
3.28,5.81,4.7,2.15,3.69,4.22,5.46,1.15,5.46,0.87,7.75,4.5,94.680
2.15,5.98,1.14,3.99,8.84,6.12,2.98,6.33,1.97,9.55,9.68,6.55,76.147
8.16,1.31,3.15,7.99,3.86,5.96,3.39,5.06,6.81,6.37,8.05,3.53,91.629
6.82,6.79,2.88,2.4,3.82,3.18,0.37,9.34,5.96,5.76,9.57,0.27,82.795
5.14,8.48,3.21,0.53,1.01,8.61,4.2,5.51,4.98,4.28,7.17,6.4,82.913
1.78,5.33,9.86,1.81,4.17,4.36,4.68,7.99,4.19,7.36,0.09,1.8,104.596
6.81,0.07,1.9,5.75,3.9,5.24,8.8,5.81,3.1,0.14,5.32,6.76,79.085
1.85,5.57,3.81,4.27,1.21,5.56,8.93,8.01,1.55,2.27,1.12,0.71,98.583
2.46,6.11,9.26,2.73,2.44,7.28,1.03,1.27,3.61,4.05,5.77,9.17,121.606
3.85,7.39,3.56,4.51,8.39,1.4,9.49,1.36,7.81,5.97,9.3,3.25,78.268
5.38,2.97,7.82,1.43,2.19,0.09,2.68,7.45,8.21,9.65,1.33,2.58,62.320
2.43,7.13,6.3,8.83,9.42,0.08,7.62,5.14,4.43,9.36,5.46,8.2,85.029
6.33,5.59,3.2,7.12,4.04,2.79,7.79,4.78,8.21,0.59,8.84,9.25,73.670
6.68,3.92,6.51,2.38,6.98,8.33,8.42,0.64,8.82,4.36,3.41,1.79,126.822
0.41,0.42,3.17,3.34,0.35,6.6,0.04,4.26,4.23,8.48,2.11,1.25,70.152
1.62,4.4,0.47,2.0,8.15,5.17,5.4,5.8,0.68,1.5,8.69,5.93,77.893
9.56,7.47,1.32,3.36,6.0,0.45,0.24,9.7,4.96,5.9,7.41,8.2,77.341
8.19,3.77,9.25,9.68,7.03,4.41,4.27,6.58,9.67,3.21,7.51,3.51,121.813
3.3,8.33,4.21,3.51,5.56,2.23,5.43,1.89,3.92,7.26,7.1,4.7,89.571
3.34,8.98,3.86,8.59,5.26,9.88,9.65,7.46,9.96,9.17,8.21,7.78,76.412
2.83,3.14,6.64,4.47,6.46,7.57,0.63,8.27,3.96,0.93,0.72,8.27,136.567
8.12,5.17,8.58,5.95,9.99,0.48,5.01,9.94,9.15,3.24,8.22,0.14,107.255
7.26,7.46,0.79,9.1,4.44,9.84,1.48,7.36,7.24,0.29,9.07,0.29,151.147
6.29,7.48,1.9,5.84,3.85,3.39,1.42,6.38,1.85,0.24,6.27,2.86,151.157
0.03,9.24,5.76,7.11,0.59,1.73,3.22,3.71,0.18,1.02,6.01,6.83,116.643
6.0,7.06,5.49,7.92,9.62,7.54,9.93,7.22,0.76,2.67,3.43,1.58,170.496
4.6,5.21,8.45,7.05,0.12,8.32,0.12,5.38,0.59,1.88,6.67,7.73,150.872
1.08,0.97,8.47,4.23,3.97,6.02,5.45,3.34,1.12,9.26,0.57,4.58,101.727
9.76,5.51,3.94,7.75,3.88,2.23,4.09,8.72,5.01,4.05,7.82,0.23,110.528
4.16,0.29,7.76,1.76,2.88,7.83,2.79,6.69,0.54,7.62,6.18,9.75,73.518
6.94,6.5,9.51,5.81,3.18,4.42,0.22,9.18,7.55,1.34,3.44,1.44,156.927
6.44,7.72,4.07,1.72,8.23,2.28,5.88,1.21,0.22,6.67,9.39,1.55,122.231
6.13,9.77,4.4,9.41,8.21,1.44,3.13,4.29,8.71,1.46,3.4,5.04,151.210
7.99,4.71,8.19,0.93,7.62,8.8,4.86,5.14,2.04,3.49,2.86,8.48,142.315
7.92,2.09,9.02,4.02,4.93,2.38,6.28,8.17,8.59,1.02,3.32,7.04,88.205
6.29,9.65,4.5,3.17,1.66,4.77,2.78,8.02,9.98,4.09,3.29,4.79,91.168
1.47,8.71,8.34,8.13,7.55,0.4,6.19,0.09,9.53,6.76,0.55,5.65,120.264
2.91,5.95,0.17,5.74,7.36,9.74,6.3,9.47,7.11,0.17,9.49,4.51,86.019
7.23,6.84,5.24,4.05,6.38,6.52,6.08,3.88,6.11,2.12,9.99,9.75,95.597
1.91,5.55,2.5,2.97,0.31,2.81,7.05,2.64,8.99,2.12,4.44,0.23,63.015
8.52,1.05,8.67,4.39,1.66,2.02,8.75,6.53,0.41,5.31,5.22,9.46,73.739
7.29,1.62,6.6,5.6,9.61,2.21,2.76,9.66,9.36,0.13,3.69,7.8,98.593
4.02,4.1,5.2,6.33,1.71,5.17,1.42,3.78,7.3,6.92,3.03,2.49,106.375
7.93,7.65,4.85,4.76,8.63,1.74,9.25,5.82,2.34,0.74,1.79,1.55,165.472
2.77,3.63,4.84,7.9,6.69,1.0,5.58,0.24,7.02,9.96,3.23,5.64,84.717
5.36,6.86,5.9,8.56,4.65,5.4,5.45,2.47,1.14,6.93,7.46,3.11,138.291
5.47,6.39,2.79,5.1,7.24,3.35,9.12,4.54,9.9,4.97,4.71,7.3,74.840
0.58,0.77,3.39,5.39,6.14,1.71,8.42,2.83,4.34,9.49,7.25,6.74,46.020
7.19,3.17,9.78,9.32,2.38,7.07,5.71,8.97,3.88,0.15,4.41,8.98,121.215
7.78,0.67,7.62,0.05,6.73,5.22,9.05,9.26,4.28,9.12,7.96,6.27,61.101
4.13,9.29,4.45,9.51,7.32,1.97,2.47,9.66,3.23,4.21,1.74,6.3,132.814
0.6,7.71,0.95,4.7,9.14,0.79,0.46,0.92,3.45,3.56,5.44,0.48,166.946
5.53,8.36,5.2,2.16,0.55,4.87,3.73,4.0,1.47,3.04,3.56,5.93,122.734
2.66,8.05,1.72,8.84,6.37,3.61,5.97,6.98,0.89,1.57,0.47,8.34,129.026
8.33,1.35,4.72,9.46,9.88,9.94,5.77,3.26,8.96,1.75,5.08,9.66,126.682
3.34,4.19,5.83,7.99,3.84,2.55,6.27,3.82,8.67,0.55,6.56,4.24,92.129
8.04,1.42,9.46,6.74,7.46,4.19,0.66,9.42,7.0,5.2,5.99,3.67,116.813
5.32,1.88,8.05,9.78,4.68,9.95,6.64,0.23,5.79,3.01,1.74,3.81,186.899
7.56,1.99,6.73,3.76,6.4,6.02,9.24,1.44,5.59,7.9,1.1,5.32,106.113
2.52,3.95,4.98,5.57,3.52,9.52,3.24,3.72,5.47,7.28,5.5,4.41,101.485
1.73,6.28,3.58,9.94,4.67,8.69,2.39,9.2,2.84,0.91,4.87,0.82,165.906
8.1,0.18,5.58,6.71,0.02,2.76,2.96,5.11,5.49,1.72,2.48,6.43,96.527
6.5,8.89,4.13,6.05,8.18,5.41,8.68,7.53,2.02,9.61,5.82,3.36,105.781
6.1,2.22,2.45,9.93,9.38,2.53,3.28,6.43,1.12,0.12,4.44,8.9,134.253
6.81,7.88,0.09,3.95,3.67,2.7,1.68,1.84,8.65,2.98,0.86,5.26,118.007
7.03,2.64,0.32,3.69,0.07,0.89,7.8,2.65,9.29,6.5,9.34,6.89,34.471
7.42,9.47,0.26,9.85,2.97,6.27,9.43,8.46,3.31,1.94,1.77,8.66,107.954
0.04,9.31,7.67,6.75,5.96,3.09,6.9,9.75,8.32,7.54,8.13,8.02,67.448
8.62,4.84,0.47,5.27,2.48,8.22,7.89,6.35,7.18,8.09,1.04,8.92,75.754
0.82,4.98,6.12,0.62,8.71,4.1,0.38,4.23,3.42,5.61,0.73,0.44,171.168
7.12,0.75,5.25,6.51,9.39,0.15,8.84,2.54,9.79,7.08,8.66,7.79,65.257
9.33,0.1,0.25,3.43,7.98,0.58,2.01,8.77,9.46,5.43,5.82,0.43,67.888
4.71,8.42,1.28,7.88,5.84,4.73,2.49,2.11,1.98,4.76,8.32,3.38,142.622
2.66,3.95,4.01,7.18,9.19,3.2,7.39,8.94,3.65,3.02,0.5,0.72,124.649
6.06,9.56,3.47,3.15,9.63,7.82,8.39,4.42,2.66,3.13,8.16,5.53,122.917
2.62,2.64,1.86,7.33,6.22,10.0,0.5,6.75,1.77,2.25,8.5,5.5,121.369
9.43,4.92,4.42,4.21,6.94,8.36,6.86,9.98,2.73,8.77,9.09,9.15,82.181
4.79,9.16,8.95,8.84,9.94,2.44,6.82,6.65,2.64,2.86,9.0,7.84,123.206
4.66,0.03,2.66,1.15,6.98,5.99,3.06,9.79,8.4,4.26,1.65,5.24,66.265
3.71,8.51,7.81,4.92,3.52,4.3,4.62,3.75,0.7,7.65,5.34,8.42,107.513
2.31,0.42,5.22,9.72,5.32,2.51,2.69,8.31,8.35,3.48,9.12,5.31,68.438
8.53,4.25,2.26,2.51,8.27,9.55,5.45,1.6,2.73,1.84,1.86,1.07,243.093
9.26,8.59,9.25,0.59,5.12,8.47,5.44,2.76,5.8,5.51,2.79,1.11,176.335
7.97,9.27,3.7,7.65,9.83,5.87,3.91,1.44,3.87,0.68,5.09,5.89,212.117
8.97,5.79,6.78,4.45,2.59,4.3,6.91,3.76,4.27,9.55,4.75,7.8,88.769
8.17,3.65,8.69,3.61,8.72,0.43,3.83,6.14,0.29,9.81,7.65,4.05,104.721
4.44,7.12,5.87,5.67,1.34,8.81,9.23,1.41,9.05,5.6,5.76,0.56,105.188
0.85,0.9,7.08,8.05,7.84,6.46,5.93,3.36,8.63,2.75,4.69,9.98,88.229
2.09,0.93,9.02,5.74,0.13,2.89,7.78,7.45,9.53,9.19,9.77,9.28,39.245
9.75,1.39,0.21,4.88,2.2,6.98,7.51,2.65,3.0,1.15,5.0,5.03,104.396
5.82,2.07,4.98,4.78,9.38,3.64,0.82,1.43,7.11,3.61,8.82,9.72,97.334
9.18,6.96,4.62,9.06,2.31,2.35,8.75,4.78,5.59,0.78,5.08,5.85,111.839
4.91,0.26,1.23,9.66,9.21,9.99,0.68,1.17,3.6,0.98,1.06,2.03,370.378
2.02,9.79,1.91,6.57,5.25,0.21,9.15,0.64,6.56,9.19,8.69,7.2,62.153
5.25,2.86,0.01,0.55,7.01,3.61,2.46,7.42,3.98,3.81,9.0,3.68,63.558
0.28,3.68,1.89,6.64,5.55,1.25,0.11,3.46,9.16,0.53,1.62,4.13,101.473
5.48,3.83,6.51,7.94,9.86,1.85,8.35,5.69,9.75,7.24,2.75,4.05,93.762
1.18,1.57,6.35,8.79,6.96,1.16,2.05,6.21,1.26,6.97,0.05,3.49,129.855
3.96,7.63,4.5,1.51,4.91,0.91,7.08,8.09,2.13,7.62,9.12,2.26,64.518
3.76,9.67,3.92,4.0,7.23,0.1,9.0,4.4,8.55,5.37,5.52,1.28,84.056
8.8,5.28,0.71,0.91,7.51,1.97,0.59,2.06,9.46,2.26,7.37,3.37,100.279
4.57,8.77,8.6,2.63,3.4,5.11,6.98,0.25,5.54,5.67,6.76,0.32,129.624
4.67,8.14,0.74,9.13,1.71,4.89,0.79,1.86,7.01,8.54,0.64,3.09,133.516
0.81,2.75,0.73,0.47,2.19,1.63,5.33,3.77,4.71,0.65,2.69,3.89,40.779
3.08,0.24,0.73,1.25,6.25,0.04,7.5,9.83,6.75,2.54,8.17,2.76,30.866
2.66,0.41,2.15,2.21,8.31,9.52,0.75,2.32,7.4,4.97,2.62,3.86,115.237
4.74,9.38,4.62,3.23,3.45,5.06,2.96,7.57,2.59,1.11,5.91,7.31,111.038
5.89,7.33,5.98,1.7,9.9,5.45,6.46,6.7,6.07,4.31,6.72,4.57,104.077
0.11,8.46,1.58,5.6,2.64,0.44,2.19,6.09,3.02,4.3,6.72,2.78,75.020
8.36,9.5,7.42,8.87,9.47,4.82,6.23,1.47,9.03,1.41,0.27,0.08,261.979
3.28,5.34,1.04,7.82,0.77,1.54,8.97,0.72,7.37,6.65,8.96,8.91,47.595
7.77,3.61,7.27,7.54,9.7,9.84,7.05,6.52,4.48,1.66,9.17,4.58,136.671
7.09,6.61,6.09,5.79,6.95,2.71,4.52,3.1,9.15,1.01,6.65,1.03,138.413
8.07,2.48,9.21,7.11,0.68,5.1,9.76,3.32,5.44,6.58,0.69,5.93,102.932
5.86,8.8,7.52,1.78,1.91,5.31,3.51,2.31,7.76,8.06,6.43,6.99,88.933
8.24,3.54,7.82,1.62,1.87,7.37,5.17,4.1,9.09,2.05,2.83,2.17,119.874
9.02,8.81,2.28,5.03,7.77,9.58,9.55,8.02,0.42,4.77,1.95,7.84,130.538
6.39,8.57,6.86,6.43,4.34,8.71,9.62,9.16,8.57,8.81,0.51,6.05,96.676
8.36,8.36,4.55,9.38,0.68,9.37,1.62,0.76,0.47,2.16,9.15,5.45,207.547
6.42,3.69,1.2,1.51,1.58,8.23,9.02,6.56,9.58,8.99,9.1,9.45,42.941
6.29,0.47,8.51,1.33,6.15,5.5,3.25,8.28,5.9,7.0,8.44,1.32,82.626
5.18,6.01,1.15,3.75,0.13,7.94,3.02,8.36,0.9,6.5,6.12,1.49,91.550
6.81,7.46,9.18,7.67,4.53,8.09,3.45,5.54,4.45,9.25,9.64,4.18,119.803
7.25,1.12,0.03,7.51,6.17,2.75,8.49,8.65,0.38,8.35,2.99,7.45,68.383
9.99,9.12,7.31,0.79,8.89,6.59,0.63,3.96,1.86,8.84,0.29,8.18,179.672
6.36,3.7,2.88,9.92,9.33,4.52,6.87,7.49,1.28,2.58,5.2,9.16,112.676
4.47,0.88,3.1,6.84,4.49,9.86,6.68,1.73,9.9,5.29,2.13,2.52,104.920
9.54,6.54,7.29,1.47,2.2,3.05,5.17,2.42,7.64,4.0,6.61,7.29,90.824
4.78,3.65,9.9,1.63,9.55,7.58,8.95,6.49,2.19,6.91,7.24,7.18,95.200
4.93,5.94,6.89,2.61,4.96,6.5,9.43,9.03,2.55,0.97,5.71,7.55,90.323
9.37,4.91,6.79,3.77,8.22,6.37,0.41,4.49,3.88,1.36,3.5,3.81,225.960
4.14,7.13,4.4,7.0,6.79,7.37,9.51,3.88,0.35,8.98,8.59,0.59,115.455
3.92,8.91,3.57,5.86,2.96,5.24,3.48,5.52,8.64,0.97,6.11,9.39,89.299
9.33,0.63,8.08,1.51,7.1,4.19,4.89,7.03,7.4,6.27,6.36,1.51,92.170
9.62,1.68,1.74,8.5,1.24,2.96,8.48,3.77,0.34,9.42,3.6,3.03,89.874
7.03,8.42,1.45,0.89,7.04,6.74,6.2,0.5,0.34,5.36,4.26,4.35,150.262
8.98,5.77,8.99,5.69,5.02,0.95,8.62,7.05,4.11,4.86,3.36,2.67,115.422
3.9,1.06,1.22,5.6,8.85,2.57,6.67,1.55,2.47,9.62,7.5,7.26,66.153
0.94,5.33,0.03,1.24,6.4,7.54,7.33,2.86,8.94,3.76,0.75,5.43,73.891
5.95,0.07,6.57,9.1,0.38,2.98,6.13,8.65,6.04,3.84,0.38,3.29,88.422
6.89,3.89,5.61,1.95,4.19,7.73,2.08,8.56,9.47,9.84,2.4,4.07,83.086
9.85,3.98,3.45,0.62,6.01,9.25,0.09,0.7,5.6,5.41,3.76,7.07,146.531
6.14,9.12,2.45,4.32,4.47,1.12,5.43,9.41,4.39,4.68,7.46,1.26,84.646
1.38,3.11,6.72,8.68,0.96,4.94,7.2,9.09,7.95,5.92,2.88,4.17,69.309
3.93,7.95,5.99,1.1,3.51,8.55,6.98,5.84,9.84,9.89,9.44,5.97,64.700
1.2,4.21,0.57,9.16,2.3,2.23,7.18,9.18,0.96,0.54,2.35,9.15,66.996
7.59,6.69,4.11,9.75,2.95,4.89,4.59,1.74,2.8,7.12,8.93,9.62,103.391
1.17,7.64,0.27,4.83,7.73,6.11,5.06,2.35,2.5,0.71,3.53,4.04,152.556
5.69,0.51,7.72,9.01,3.58,3.26,1.22,7.48,8.67,5.74,7.84,1.58,91.516
0.72,2.98,4.32,7.93,6.19,9.21,5.99,7.68,3.58,4.18,3.72,7.3,96.610
7.93,8.37,7.4,7.86,5.86,1.43,0.22,0.44,3.38,3.91,0.85,1.02,395.621
2.58,4.95,4.7,9.48,5.9,1.58,5.09,3.83,0.96,0.47,6.47,7.76,118.755
7.79,2.45,2.34,3.01,6.29,5.98,3.39,6.81,8.46,4.79,0.8,2.42,104.462
4.29,2.82,7.41,5.85,7.46,8.42,7.37,2.59,3.07,7.68,9.36,6.06,100.332
9.07,0.1,4.2,6.09,6.29,5.42,4.43,8.14,6.19,0.78,6.68,1.85,111.044
8.06,5.48,1.72,9.27,2.1,2.01,4.85,0.98,8.49,3.78,2.88,8.09,98.521
2.12,9.89,8.16,0.43,9.44,7.26,8.98,5.39,7.62,2.39,5.96,8.2,96.783
4.41,0.01,8.81,4.64,3.15,9.5,0.82,9.5,1.08,2.09,0.18,4.18,170.980
7.27,1.8,6.75,7.5,2.69,1.83,6.54,5.51,5.58,9.51,9.28,5.44,66.507
2.58,0.4,5.06,5.09,3.8,2.32,1.6,4.53,5.3,4.87,3.58,3.39,82.725
3.8,3.47,6.14,8.82,6.4,5.74,4.71,7.85,9.16,9.19,5.72,4.29,83.993
6.85,8.5,9.92,8.9,3.55,8.71,1.71,7.23,6.3,4.97,0.53,5.26,178.577
8.75,4.18,4.93,3.51,9.31,1.06,8.54,1.79,1.62,8.62,9.02,0.55,105.309
5.04,0.53,0.31,1.61,1.12,3.26,0.95,8.92,8.3,8.53,6.2,6.8,29.899
2.69,3.21,0.1,7.76,3.27,9.84,7.76,3.73,5.3,9.16,3.85,1.65,85.437
0.59,5.72,7.58,4.73,9.81,2.37,3.7,4.96,7.96,7.68,2.44,0.85,111.635
0.02,2.56,2.1,2.84,2.05,7.65,8.62,6.72,3.95,1.32,7.27,5.57,51.480
8.88,8.04,6.34,5.04,8.83,5.28,3.72,7.43,7.63,9.88,0.33,6.86,118.298
3.36,8.42,5.81,5.08,5.48,5.93,4.34,1.87,5.89,0.58,9.74,3.87,129.631
9.47,2.93,2.64,4.92,7.34,2.62,6.59,8.22,1.7,5.84,3.46,9.79,84.045
6.01,2.23,8.76,3.48,2.56,0.19,9.6,7.3,0.69,2.08,7.76,8.79,64.136
7.68,6.09,2.65,5.99,0.81,3.37,5.85,1.12,2.41,4.38,1.18,1.08,165.980
0.71,6.47,5.53,3.03,6.44,0.35,7.94,0.53,3.97,1.98,8.1,6.22,78.392
2.28,3.56,3.05,3.22,6.44,0.08,9.49,9.13,4.72,0.63,3.62,4.3,58.420
9.92,4.3,2.12,6.39,3.77,6.51,4.29,3.94,4.16,6.21,2.27,1.94,144.717
9.77,6.14,5.63,8.53,1.1,0.94,8.06,1.42,5.08,4.3,0.65,9.51,110.648
9.93,3.06,7.77,9.48,4.6,5.54,6.93,6.66,1.49,2.14,1.26,2.07,196.496
0.31,6.8,1.63,0.9,3.31,2.7,4.89,2.42,1.6,0.47,5.67,4.5,80.051
7.48,5.6,6.41,9.18,8.05,6.82,5.01,2.85,7.07,9.34,5.94,2.31,133.887
7.0,2.34,8.94,0.94,4.79,2.03,7.66,7.33,3.78,7.46,5.71,6.51,67.724
6.29,5.32,1.79,3.5,3.51,6.58,6.29,4.58,8.98,0.82,6.84,6.92,78.391
5.61,0.46,2.79,6.5,2.09,0.17,6.69,9.21,9.93,8.08,1.55,3.89,44.778
4.18,4.6,3.83,3.48,9.36,2.61,4.96,1.89,0.5,8.16,8.93,9.27,83.239
9.72,2.28,3.97,1.88,3.32,4.39,6.58,5.26,7.0,9.5,4.86,1.08,74.562
1.09,3.84,6.43,2.55,9.08,3.57,7.91,6.65,7.08,0.39,0.58,6.54,91.115
6.1,6.6,7.83,9.84,2.92,8.78,5.96,6.93,2.66,1.85,3.48,7.01,150.843
7.17,0.53,1.06,2.48,3.06,1.09,4.05,0.46,3.55,2.41,8.52,7.67,57.727
4.64,1.93,6.67,7.69,5.87,1.54,1.79,4.23,1.7,5.8,3.6,7.43,115.438
8.87,1.45,0.24,4.17,2.33,5.78,2.25,6.86,6.91,8.53,8.57,3.32,62.678
1.26,3.74,8.41,2.48,2.26,1.38,0.63,4.56,0.68,0.97,1.88,3.9,154.754
0.22,8.69,3.27,7.15,4.03,2.28,2.05,6.55,3.28,6.49,2.52,2.0,112.014
0.9,1.32,9.07,6.87,6.36,9.89,4.77,4.19,8.8,5.86,1.21,8.85,102.167
9.41,7.45,2.11,7.08,0.16,7.55,8.45,1.13,5.6,3.34,2.82,7.09,118.748
1.71,0.02,5.04,5.7,3.24,0.19,5.7,6.83,9.09,7.58,5.21,2.55,43.019
3.16,6.84,7.95,7.81,2.58,5.12,9.32,2.04,8.86,8.62,3.2,6.6,86.594
2.46,9.29,9.15,1.78,9.91,2.51,0.94,6.62,6.88,7.17,4.34,2.11,125.089
0.9,0.1,1.65,8.94,6.57,3.11,2.07,5.28,0.4,4.15,5.84,2.68,104.163
4.86,1.92,2.72,4.43,6.93,9.99,1.36,0.51,5.91,6.58,9.91,1.71,118.745
4.16,4.02,7.44,2.1,0.72,9.07,7.01,6.83,6.55,7.1,3.1,5.43,76.374
2.32,1.82,0.82,1.47,8.06,6.76,6.23,2.18,8.18,5.07,9.89,2.34,62.703
8.13,8.95,1.84,1.6,3.55,0.14,5.99,6.55,6.12,6.8,7.91,4.85,63.344
1.77,7.45,9.17,4.32,2.13,8.47,3.48,2.94,9.87,2.86,4.88,6.83,107.939
6.29,6.77,9.75,6.42,5.87,5.83,5.19,9.79,6.95,2.89,3.86,7.12,114.330
1.98,0.41,9.95,4.41,7.72,8.11,9.05,6.86,6.44,8.04,5.96,3.51,81.736
1.62,2.99,0.06,8.32,7.95,0.78,8.77,4.42,4.52,8.68,0.93,3.3,70.934
0.81,3.72,3.19,8.02,1.75,4.74,7.04,3.46,8.74,2.34,2.46,2.34,84.268
7.97,9.45,8.82,6.67,2.77,8.27,2.12,5.6,2.81,9.72,5.11,2.08,160.168
7.21,3.03,5.28,9.09,7.42,5.56,7.77,3.94,8.65,6.57,3.24,5.12,106.517
9.38,3.44,7.61,9.8,6.76,8.42,0.75,3.86,2.62,8.01,1.78,8.28,179.486
5.04,8.23,0.53,8.21,5.21,4.28,9.08,5.81,2.54,4.63,3.46,2.73,111.504
1.93,6.27,1.37,9.09,3.02,5.37,4.38,4.63,1.88,1.06,5.95,5.21,117.049
8.65,0.59,9.8,3.12,0.12,9.82,7.0,8.56,2.31,0.77,9.28,4.25,99.782
8.01,3.41,6.63,8.25,9.97,1.5,2.86,1.29,1.35,9.22,8.14,5.24,134.413
5.69,1.3,6.89,3.25,1.27,7.98,9.87,3.45,4.27,9.49,7.94,7.3,62.335
1.8,4.11,4.43,4.2,1.8,7.61,9.89,1.26,9.56,0.33,6.03,5.31,73.965
4.16,5.28,2.36,4.04,8.85,8.45,9.72,4.86,4.92,1.68,2.63,5.25,114.040
8.35,1.91,1.89,5.05,2.51,9.61,8.77,4.14,5.42,9.12,9.47,3.49,72.556
7.19,7.04,4.03,4.22,5.24,0.08,5.87,6.92,2.81,7.56,9.82,3.08,77.094
7.73,0.89,6.62,0.46,4.9,2.43,8.72,5.87,8.32,4.48,1.43,9.77,59.679
3.97,0.9,5.03,1.15,0.48,2.4,9.01,9.55,3.79,0.8,8.81,0.66,42.704
6.54,6.54,9.26,8.23,3.55,6.39,7.02,8.61,8.59,2.49,5.16,8.03,101.529
5.2,9.13,1.31,3.76,9.32,2.15,7.36,5.27,1.5,8.26,8.59,9.56,76.147
6.15,4.7,7.88,4.35,2.5,4.03,4.27,5.13,1.41,1.49,8.08,5.31,115.259
5.73,6.94,9.77,8.18,5.01,7.09,8.52,2.43,0.36,6.23,7.16,0.1,172.258
4.69,3.77,6.56,6.67,9.61,6.89,1.18,8.9,9.12,9.95,9.0,8.96,81.066
3.3,6.09,0.14,3.98,7.07,5.97,2.0,2.01,3.75,3.6,1.0,3.31,169.432
7.77,0.92,5.49,9.9,9.8,6.66,8.42,6.61,1.61,8.67,9.25,7.14,97.218
4.95,5.99,9.74,9.66,4.96,5.13,8.82,3.6,8.09,4.79,0.98,7.43,119.935
10.0,8.66,2.59,0.37,5.83,2.81,8.69,5.42,4.63,4.37,6.5,1.09,98.567
5.18,3.35,3.32,2.42,3.39,6.33,4.72,5.23,8.57,8.89,3.06,2.72,72.281
1.23,7.19,6.74,3.55,8.87,1.35,6.72,7.0,0.34,2.56,1.93,1.76,142.442
0.25,0.27,5.38,7.27,1.56,8.71,5.74,7.02,1.96,2.57,5.18,3.38,90.677
5.55,8.38,9.55,7.62,4.8,2.82,1.22,9.0,5.95,7.49,6.26,8.46,100.886
5.17,7.64,9.7,1.7,7.97,2.09,8.4,8.15,6.9,0.66,6.17,8.68,87.962
4.08,9.69,5.7,6.36,5.3,9.18,7.2,4.03,4.41,4.48,7.88,5.87,119.014
4.22,8.66,2.93,2.11,9.18,7.11,2.87,6.49,8.39,9.83,5.92,1.2,98.588
5.29,7.69,0.51,5.25,2.6,0.3,9.04,4.96,6.1,7.89,6.72,9.77,48.651
8.14,1.94,5.07,0.01,0.09,5.13,1.16,8.54,6.93,0.79,6.42,6.27,67.685
7.94,7.05,4.11,6.92,9.82,1.93,3.7,2.3,8.77,3.22,9.15,1.44,132.155
2.19,1.65,1.44,9.03,8.28,8.58,2.45,3.32,0.56,1.77,0.6,7.46,192.884
9.58,7.88,4.77,5.73,8.44,3.02,5.6,0.49,8.02,4.92,7.66,2.1,136.923
1.17,4.54,8.94,5.63,5.24,8.06,3.98,8.93,7.3,4.31,6.38,3.63,97.249
5.65,5.06,7.31,1.25,6.36,1.93,8.99,0.02,6.41,0.69,0.03,7.31,117.527
9.32,4.63,1.76,3.28,6.97,8.0,0.12,6.06,4.21,7.91,1.54,3.97,142.629
1.74,8.02,1.5,9.58,4.55,1.45,5.6,5.56,2.29,0.19,3.3,6.06,116.696
6.7,8.87,0.44,5.46,2.68,3.18,8.01,0.44,3.58,3.05,3.03,7.11,108.366
0.58,6.8,6.39,0.96,8.13,4.45,8.44,4.7,8.81,2.58,0.91,6.16,86.424
6.38,3.96,4.09,5.99,9.37,9.08,8.68,6.26,1.24,6.69,5.15,0.41,136.722
7.61,1.9,7.51,3.91,2.98,3.39,8.76,3.87,4.77,8.8,1.53,0.14,97.955
6.79,8.97,9.65,3.02,1.88,7.49,9.19,1.03,0.74,1.51,3.66,7.64,159.024
9.24,8.13,0.68,7.23,5.03,9.95,8.14,8.44,6.83,7.7,4.62,0.61,110.787
8.13,7.4,7.37,6.87,0.91,0.9,9.83,1.27,3.71,7.94,3.26,8.88,90.513
5.4,7.63,0.13,9.1,3.47,6.39,2.04,2.61,3.02,3.27,7.78,3.0,147.882
6.44,5.31,8.16,1.99,9.09,4.17,3.53,3.63,5.51,6.0,6.97,3.0,122.765
7.05,8.12,9.1,7.54,9.58,8.57,1.28,5.53,1.49,9.4,9.64,7.46,143.563
0.02,4.85,9.59,9.33,8.42,7.66,2.11,5.27,8.63,1.8,4.95,7.12,133.434
7.18,0.09,4.83,1.0,1.04,0.06,8.6,4.25,6.81,0.95,0.84,6.97,49.965
9.8,3.87,4.78,1.98,3.38,5.7,5.55,1.39,1.06,8.16,1.8,5.5,125.789
7.79,0.75,5.74,5.08,1.31,8.8,0.75,3.66,3.31,7.13,1.39,6.0,132.509
5.02,7.24,6.21,9.42,4.82,8.62,9.11,8.39,1.13,4.76,4.59,0.67,144.258
8.87,5.84,2.69,8.98,7.86,7.09,0.47,9.06,8.41,6.08,7.04,8.5,104.474
7.24,2.81,6.81,3.31,2.36,1.99,7.67,3.66,3.37,5.54,3.97,1.71,94.599
0.33,5.79,2.78,6.05,7.18,4.81,3.66,4.57,2.89,7.15,7.98,1.93,95.600
5.14,0.25,1.77,3.26,8.15,2.03,6.42,1.88,7.32,3.28,8.19,4.92,64.355
5.29,1.83,9.48,8.68,2.17,4.11,0.39,1.02,4.36,2.19,7.11,1.77,187.411
6.28,0.95,7.5,0.09,7.31,4.14,5.34,8.87,4.46,5.55,4.3,4.09,80.558
2.88,3.03,3.01,0.15,4.81,4.25,4.12,2.76,5.41,3.84,0.18,3.39,92.030
9.73,3.78,6.69,6.7,3.84,8.41,1.41,6.63,2.78,8.22,8.63,3.56,125.360
3.27,4.29,2.84,4.85,5.16,9.34,6.75,4.92,1.17,3.92,6.19,2.54,116.712
7.44,0.23,2.14,2.02,4.39,4.9,0.23,9.5,6.23,1.61,3.13,5.8,79.698
6.87,1.85,9.44,7.16,7.74,8.27,5.58,7.88,8.68,9.84,2.14,4.41,107.267
5.91,4.08,1.0,9.66,2.9,6.81,5.42,9.47,6.85,0.21,2.97,7.48,93.704
7.42,1.44,1.78,8.61,4.47,7.82,9.36,1.16,6.52,4.48,5.22,1.08,113.372
1.79,8.97,1.02,8.87,1.83,1.63,3.07,6.03,6.15,7.13,3.25,4.46,80.126
2.21,1.96,7.16,0.26,0.71,7.02,6.4,9.09,1.66,3.93,5.69,5.46,59.944
1.3,4.84,3.51,9.57,5.17,6.54,5.73,2.24,5.13,0.62,9.28,7.85,100.259
3.79,0.41,2.8,10.0,3.51,5.74,7.0,2.98,4.38,9.68,5.94,1.91,82.314
4.38,6.71,6.29,6.68,6.96,8.65,3.4,6.64,7.77,2.71,2.45,9.19,123.352
1.25,9.68,9.26,3.0,6.85,9.38,5.76,3.92,8.23,3.42,9.45,2.5,118.450
7.71,4.18,9.87,7.36,3.89,2.79,3.54,4.2,9.84,9.92,5.75,8.74,85.258
0.02,5.1,9.19,9.98,8.19,1.33,4.01,1.85,2.35,8.36,3.06,7.66,123.892
6.73,9.72,1.31,7.92,6.78,1.21,0.35,2.92,7.07,2.59,1.48,1.53,211.230
4.35,8.38,9.94,3.05,8.17,7.44,8.47,1.06,4.75,1.17,2.15,2.45,206.135
1.0,5.09,7.23,8.3,4.65,4.44,3.84,3.0,8.23,1.05,0.79,1.73,164.753
9.01,0.75,8.33,7.61,3.29,2.17,0.07,5.9,6.6,9.55,1.86,1.89,120.448
6.72,1.39,9.71,6.06,5.34,6.91,0.28,1.99,5.43,7.82,8.98,4.76,123.479
3.59,4.24,6.63,0.73,2.96,8.28,9.5,3.41,4.22,7.03,5.05,2.97,82.132
3.54,1.99,2.39,2.51,8.85,6.63,4.67,8.9,9.36,1.56,4.52,3.7,79.211
5.01,7.75,5.19,4.1,7.41,2.86,9.95,0.12,5.36,7.05,7.6,5.34,91.248
3.64,3.05,7.76,4.18,1.91,0.08,8.91,4.08,8.79,4.57,6.07,3.37,57.614
2.39,0.1,8.82,4.56,0.38,8.97,7.58,8.65,3.23,2.3,1.44,5.59,87.600
8.94,9.75,7.99,6.55,8.37,8.82,4.82,8.08,1.23,9.37,8.89,8.69,122.736
3.17,2.94,4.15,3.17,0.24,8.36,0.9,4.97,6.4,0.45,6.11,6.86,85.753
6.48,1.0,0.86,9.46,2.12,3.36,3.95,2.76,5.64,1.65,3.6,0.39,129.405
5.29,8.07,8.86,1.4,9.83,4.98,5.8,0.27,8.16,1.63,1.52,3.57,183.437
0.21,4.98,1.88,6.88,0.56,1.68,9.68,4.01,5.29,0.7,8.95,2.03,52.805
2.53,3.17,2.87,9.81,4.47,0.89,7.21,8.7,4.52,0.82,8.2,6.37,66.276
4.06,7.61,0.64,4.75,6.29,9.77,8.84,6.74,6.46,5.43,5.97,1.17,95.695
9.68,4.42,5.64,8.63,7.27,5.84,5.04,5.7,9.19,2.06,5.44,4.48,129.991
3.25,5.72,2.82,9.45,9.4,6.53,0.67,2.47,9.61,4.42,0.25,7.64,148.324
9.49,9.07,1.09,9.14,9.09,5.82,7.86,3.66,2.87,5.33,2.23,4.47,165.405
7.74,7.23,9.45,4.57,4.35,9.88,6.9,5.54,1.06,1.76,4.62,7.17,159.778
3.54,5.21,5.69,0.8,8.9,5.96,8.35,7.89,6.01,4.82,5.05,0.78,91.489
8.83,0.91,0.11,7.29,8.27,7.35,7.3,0.66,5.7,1.33,0.21,4.96,162.500
3.78,7.93,6.28,9.82,6.74,1.19,8.42,6.36,8.07,0.66,5.44,8.05,96.595
7.24,2.29,7.64,4.55,7.59,6.07,5.49,6.32,0.01,7.77,8.85,4.44,107.603
8.63,7.03,9.57,7.69,3.72,2.28,2.47,5.41,7.07,7.97,5.3,9.66,102.746
9.81,2.21,7.4,6.45,9.98,7.43,8.76,6.92,5.14,7.28,5.08,4.77,114.045
5.6,3.48,2.67,0.94,9.01,2.69,0.29,3.48,7.54,5.43,3.33,6.0,93.556
1.58,5.81,1.04,6.74,1.27,4.84,8.35,1.25,9.14,0.44,4.98,8.09,65.984
7.95,4.19,7.03,9.99,5.4,7.68,3.07,3.2,9.26,5.95,8.53,1.52,133.968
1.79,6.73,5.23,0.29,6.12,8.26,2.58,2.76,6.14,2.02,9.55,3.93,105.337
4.45,1.14,0.98,0.96,1.31,7.58,7.14,10.0,7.44,4.38,4.57,8.92,38.681
5.33,9.51,8.49,4.18,5.3,1.65,6.53,0.92,6.58,6.11,3.4,2.55,132.081
3.04,5.53,9.05,3.45,4.88,1.75,8.91,4.43,6.0,1.35,9.34,7.01,74.784
9.72,0.51,5.26,9.98,3.01,8.75,5.04,3.39,4.19,9.04,6.91,3.53,115.981
8.45,4.31,2.92,8.81,8.47,1.14,0.53,4.41,6.24,6.15,8.67,8.99,97.456
3.75,0.17,6.63,8.35,4.96,2.34,8.39,8.88,9.58,7.11,7.87,1.41,60.592
2.67,1.08,8.81,8.58,8.62,7.21,8.8,0.74,5.27,2.65,6.64,5.63,124.353
1.16,4.37,0.03,8.02,2.04,6.73,6.51,1.95,6.48,3.95,3.41,2.82,88.973
1.06,5.75,7.95,1.11,6.17,0.26,7.55,7.15,2.27,4.13,8.52,9.76,56.628
5.26,0.55,0.69,9.76,3.12,4.39,5.38,3.53,2.67,3.08,5.88,0.87,111.023
5.38,5.84,9.44,2.2,5.11,8.94,3.07,7.97,4.36,8.17,4.97,6.99,103.884
2.39,5.15,8.87,4.13,7.36,6.62,3.89,2.6,7.31,8.35,2.62,9.01,102.191
3.33,8.79,6.93,1.52,7.44,1.66,5.58,1.76,7.15,3.45,6.22,9.13,89.126
5.06,6.76,0.6,3.02,7.97,0.19,9.05,7.26,9.29,1.04,8.03,5.24,59.133
3.28,0.37,7.71,9.66,4.02,8.57,0.05,4.5,9.28,7.28,3.7,2.54,122.888
5.0,2.94,2.43,2.46,8.85,2.92,5.39,6.0,3.03,9.39,0.39,3.88,87.607
3.03,8.03,2.53,4.7,8.64,2.63,8.32,2.28,6.96,0.22,8.54,9.66,82.157
7.14,4.19,6.74,6.85,8.78,2.68,3.6,1.0,9.31,4.33,1.71,0.06,181.809
2.95,4.94,4.74,9.43,6.88,1.7,5.73,8.33,0.24,5.18,7.52,1.93,105.911
9.38,8.8,2.06,6.01,3.96,4.98,5.95,6.76,0.09,9.49,0.53,8.33,112.970
5.81,10.0,4.32,9.37,3.29,6.29,0.67,3.11,6.17,2.16,6.47,9.67,138.336
1.25,2.89,6.74,9.66,8.01,4.63,4.87,5.91,3.77,5.52,0.46,4.01,135.208
5.84,3.81,8.49,4.69,8.33,9.56,7.62,7.73,0.38,6.49,9.48,0.79,125.331
1.39,3.72,7.94,7.23,2.03,9.06,4.01,3.24,5.53,8.46,5.37,5.84,96.672
5.07,2.28,5.86,1.93,3.07,3.49,5.61,7.24,6.05,1.72,8.21,4.2,65.698
2.45,5.4,2.73,9.84,0.17,6.56,4.45,7.01,4.42,4.23,0.53,3.66,111.728
3.5,9.33,1.49,3.66,9.89,0.38,9.94,6.29,7.53,1.83,6.55,9.26,68.237
4.88,9.12,6.34,7.68,3.84,6.98,8.3,9.89,1.53,5.17,0.01,6.79,122.562
4.54,7.76,5.68,4.52,4.07,9.34,8.34,7.84,6.35,8.06,3.12,7.57,86.991
0.25,1.5,0.17,6.96,5.19,5.54,9.82,6.19,9.85,7.18,2.77,7.97,44.792
3.68,5.14,3.9,6.61,7.55,3.66,9.72,3.73,3.5,9.49,0.93,3.17,100.000
4.5,5.24,4.83,7.03,1.71,1.78,3.06,2.14,1.47,0.02,4.49,3.84,167.044
5.44,8.48,9.44,6.84,1.03,3.49,0.28,7.93,1.94,7.05,3.6,7.09,124.489
2.53,6.67,6.03,3.3,9.21,9.82,8.34,5.23,8.89,4.75,3.77,5.69,102.427
0.08,3.37,7.13,2.94,8.09,1.08,1.89,1.47,1.77,3.75,5.67,2.43,133.628
9.32,4.4,0.99,8.56,1.62,3.49,7.95,2.61,8.3,8.9,6.37,7.82,67.652
3.36,9.55,1.61,0.53,6.38,8.42,0.72,1.19,0.96,1.34,1.32,2.84,356.631
1.17,4.84,8.56,9.68,5.31,4.71,7.17,3.64,0.62,0.7,2.69,9.53,140.739
6.97,5.85,2.67,2.87,5.39,1.41,5.05,6.25,6.79,6.2,0.98,6.51,79.169
2.62,1.7,1.22,5.45,0.95,8.12,7.07,1.54,6.31,1.29,2.56,3.98,88.176
0.44,6.25,3.43,4.38,9.35,3.43,3.16,1.19,5.31,6.18,5.55,9.39,88.629
9.02,6.27,6.68,5.52,7.45,7.09,7.15,9.55,9.95,1.77,2.75,1.84,127.325
1.15,7.74,6.47,0.19,3.23,8.28,6.84,8.34,7.48,4.42,1.14,7.1,76.614
2.49,8.29,7.81,9.65,2.93,8.42,6.01,3.03,2.54,5.83,0.34,8.85,148.835
8.99,3.7,4.27,2.31,2.52,2.31,3.41,0.95,7.16,9.34,7.53,7.38,67.375
8.12,9.27,2.08,2.6,7.96,5.65,6.3,2.16,1.42,8.36,4.14,2.71,142.208
5.77,1.1,0.6,4.02,6.07,5.22,0.21,4.05,1.56,0.88,9.97,1.85,123.002
3.12,8.16,0.29,7.46,9.1,7.99,6.77,7.21,7.17,6.31,6.83,8.92,83.592
6.15,3.36,5.68,4.46,5.93,7.35,1.27,1.65,9.98,7.6,3.12,1.17,132.836
1.87,7.79,0.81,8.22,5.18,0.43,7.63,4.11,3.65,5.3,8.82,3.77,73.017
4.37,9.27,3.63,6.75,3.2,8.57,1.63,7.55,7.62,9.27,4.31,6.36,97.414
1.98,0.75,3.57,1.3,0.55,9.87,5.7,4.68,5.74,5.82,4.08,9.09,51.324
6.92,8.65,8.44,4.19,4.32,8.46,3.23,9.9,3.47,5.67,0.45,4.03,153.196
1.81,7.15,9.72,4.94,7.8,6.65,8.17,5.61,9.3,3.73,5.54,8.56,93.058
1.9,9.85,7.22,1.46,8.12,5.13,4.35,2.51,7.13,3.0,3.73,1.19,153.720
6.7,8.22,8.88,9.88,8.0,7.5,2.28,9.31,5.57,1.78,8.69,6.81,142.799
6.17,3.45,3.51,3.81,8.82,5.44,2.02,7.79,8.3,2.88,5.68,2.38,107.401
0.97,3.06,1.21,4.37,4.15,5.86,4.24,5.71,1.75,2.46,7.75,8.08,65.422
9.85,4.27,9.89,8.77,0.73,3.01,2.44,4.63,5.04,2.86,1.57,1.18,206.095
1.43,5.91,6.32,9.53,9.14,7.31,4.75,8.97,8.85,7.78,4.2,0.33,113.647
1.67,7.29,5.37,4.54,2.96,5.29,2.76,4.09,6.46,8.45,9.7,5.21,73.957
0.37,7.31,7.5,2.68,7.75,5.54,1.13,0.01,5.87,9.44,1.59,7.55,121.727
7.06,2.07,9.63,5.55,0.36,9.34,5.97,9.21,3.4,2.53,3.58,1.28,130.959
7.47,1.48,8.38,9.29,1.6,6.11,6.63,3.69,6.27,3.04,1.04,4.33,137.320
9.46,2.29,3.58,6.03,7.52,6.84,3.23,7.0,9.08,2.99,6.92,5.92,101.651
6.27,6.28,2.43,2.11,9.5,9.88,5.71,5.3,6.93,7.7,7.2,0.57,109.159
2.11,9.65,6.72,7.07,4.27,5.48,0.37,2.47,7.81,8.67,4.15,0.56,146.900
3.21,4.01,7.43,1.51,2.92,1.72,0.81,5.47,4.48,9.75,5.76,1.5,74.901
7.31,8.29,1.33,5.89,0.19,3.77,3.08,0.64,8.04,1.7,9.66,9.73,81.522
0.12,0.04,1.16,5.9,2.71,8.78,8.23,9.62,7.6,4.12,9.93,2.25,44.814
5.65,6.45,6.36,0.09,6.27,9.64,3.81,8.57,8.65,6.41,8.06,8.35,78.586
7.53,8.05,4.42,4.74,4.12,7.66,4.32,5.28,1.78,7.96,9.22,2.58,117.277
4.38,4.5,6.08,1.55,2.95,2.02,0.78,7.17,1.8,3.39,5.76,3.28,96.844
7.62,9.03,1.04,7.14,5.22,1.48,7.58,5.45,7.49,3.88,1.16,7.68,94.856
6.03,4.02,9.11,4.96,2.07,6.59,3.34,5.48,2.39,4.84,8.17,5.78,109.267
9.4,0.34,3.37,2.18,3.41,9.98,8.22,0.51,5.14,1.34,6.71,7.91,96.145
4.2,3.47,8.02,9.11,7.48,4.5,6.15,8.19,6.02,2.18,7.34,5.79,103.112
4.81,5.76,0.93,0.69,2.68,3.77,6.78,3.88,8.61,4.78,9.75,1.56,52.715
1.69,3.88,3.88,3.09,6.09,5.94,2.33,8.83,5.99,1.83,4.43,9.52,74.613
6.17,8.08,6.47,6.91,3.15,0.82,1.6,3.99,7.87,3.31,9.92,0.08,118.043
0.98,2.88,8.6,1.24,1.57,6.02,9.78,6.44,4.49,4.3,0.44,1.07,80.279
9.02,3.3,8.82,9.99,8.16,5.42,0.1,0.9,3.73,2.82,6.88,7.71,201.942
8.19,5.83,2.9,6.86,8.97,1.01,5.85,4.98,6.83,7.29,0.36,4.32,113.939
8.06,6.25,5.39,6.14,5.81,1.99,2.83,4.18,5.08,6.46,3.24,9.16,108.691
7.0,4.49,0.1,3.21,8.17,8.13,9.26,7.69,9.0,5.93,8.63,9.29,62.450
6.59,1.09,6.53,0.41,0.59,6.65,1.5,3.25,6.08,4.89,5.69,4.28,85.091
6.03,0.93,3.06,1.61,0.93,3.11,4.9,3.08,9.04,8.83,5.87,4.23,43.588
9.97,0.97,0.56,9.37,6.2,8.16,0.51,0.02,2.71,7.49,3.47,2.03,217.067
1.39,9.96,9.43,4.42,8.49,3.67,2.49,5.98,1.45,7.36,6.08,1.97,147.493
3.82,2.99,6.42,6.69,9.2,7.52,4.48,1.38,4.46,0.4,4.55,2.42,207.123
0.6,2.1,6.24,5.3,8.55,1.27,6.91,9.24,1.6,6.09,0.92,9.32,70.599
5.47,7.23,7.37,1.05,4.97,0.65,9.56,6.13,9.98,3.25,2.48,0.06,84.997
8.97,2.88,7.2,6.73,8.76,5.3,4.95,4.89,0.51,7.12,5.74,8.18,126.919
4.88,6.9,0.27,4.05,2.11,9.98,5.12,6.55,8.56,9.32,7.09,9.43,61.189
7.28,9.33,3.52,6.43,7.78,7.3,7.47,4.15,7.35,2.28,5.48,4.2,134.627
8.55,1.13,4.87,1.56,4.48,4.6,3.82,1.06,8.92,9.09,2.58,4.47,84.135
3.96,2.55,2.2,8.76,6.36,8.91,6.54,7.29,2.63,4.44,9.16,5.02,93.330
3.98,5.78,1.74,4.84,2.45,0.23,6.5,1.04,1.66,3.14,2.04,4.48,100.848
6.48,9.93,5.83,4.63,7.63,2.87,3.69,8.52,0.86,2.56,9.47,6.65,117.701
8.46,2.52,9.02,7.84,8.09,7.11,3.71,7.21,5.83,5.2,2.48,6.65,138.481
7.36,3.0,1.55,3.08,3.95,4.88,5.18,1.18,2.53,2.58,9.87,3.23,96.947
2.2,2.81,8.05,6.2,5.95,3.05,3.06,9.21,5.99,5.83,4.22,8.38,77.024
2.8,3.24,7.29,7.68,6.93,9.28,7.69,3.45,1.49,5.66,0.87,1.54,179.807
4.78,7.01,5.17,3.6,6.21,1.34,3.74,8.07,9.95,8.65,4.95,9.34,62.886
5.99,4.51,3.34,3.53,9.45,0.5,1.0,2.48,7.84,6.35,2.96,1.0,126.306
3.09,7.76,3.78,1.27,4.1,2.84,1.07,8.05,9.51,4.4,5.33,0.53,79.058
6.98,3.6,6.4,8.02,2.19,5.1,5.38,5.17,1.74,4.68,4.49,8.91,106.322
7.76,7.74,4.49,9.4,6.43,0.54,7.53,0.56,3.85,8.72,5.64,9.59,101.310
9.08,7.73,6.32,0.64,7.96,1.38,5.49,7.1,9.04,8.68,2.27,6.15,85.489
1.08,6.17,2.5,0.39,9.58,0.92,9.67,9.3,8.66,8.23,1.25,1.66,53.237
1.52,0.54,0.24,5.23,2.54,3.45,5.41,3.67,8.26,1.58,6.08,9.55,39.132
5.13,5.47,3.27,1.88,5.18,7.39,4.28,6.41,8.27,2.58,1.03,5.37,101.360
2.68,4.96,1.62,8.28,8.78,5.45,8.61,8.77,6.02,5.31,3.86,5.62,83.189
0.08,5.4,7.95,5.97,7.03,7.07,0.59,7.9,0.49,6.02,2.85,6.9,135.354
9.69,7.8,1.29,0.91,4.22,6.53,4.99,7.2,5.27,5.68,4.19,6.72,89.398
4.24,6.59,1.01,1.01,8.89,3.16,7.15,9.39,9.69,2.59,7.18,0.43,68.350
8.78,6.65,0.66,5.42,4.31,4.53,9.72,8.59,6.69,3.1,4.07,5.37,80.847
9.55,8.4,1.93,6.14,2.7,2.45,1.56,4.6,3.67,5.83,2.29,0.12,172.496
1.33,5.54,4.85,3.04,4.51,4.24,3.44,5.84,2.55,8.9,7.48,7.46,65.910
8.56,2.38,5.4,0.7,5.02,3.16,8.81,2.12,6.29,4.3,4.3,1.16,93.477
5.18,4.1,3.74,4.49,6.8,2.82,6.47,7.99,4.53,2.49,9.5,4.12,77.293
1.52,6.91,9.13,3.64,5.85,3.81,9.56,1.34,6.89,3.37,1.99,4.43,111.893
4.28,8.38,2.35,4.28,2.67,5.17,8.36,1.6,2.62,6.47,3.66,5.5,96.172
5.55,0.39,9.38,2.86,7.9,3.78,4.52,2.12,2.45,2.21,3.99,2.6,166.909
3.21,2.04,7.53,1.39,9.66,2.62,4.55,9.47,7.69,8.32,2.97,6.46,67.030
5.81,0.34,3.77,2.49,9.73,4.9,3.85,7.2,7.8,0.34,3.19,0.96,115.853
5.66,8.72,7.34,7.86,1.81,8.85,1.56,6.25,0.07,8.42,5.38,9.81,127.787
3.3,5.52,8.23,5.64,6.46,6.8,8.14,4.33,4.32,2.27,6.62,4.08,120.800
8.57,8.82,9.25,3.17,8.06,2.55,4.09,2.45,0.21,9.89,1.43,8.65,151.272
8.89,0.64,1.33,6.81,7.27,6.49,4.64,8.78,5.55,6.79,6.62,6.75,80.322
4.33,1.54,3.58,5.39,1.55,1.81,0.94,0.59,3.7,4.41,5.5,6.75,83.143
1.75,4.97,6.36,7.16,5.23,1.42,0.01,5.26,9.86,5.6,4.98,5.47,86.241
6.15,0.1,8.25,6.34,5.98,7.15,8.36,3.41,5.43,1.02,1.02,6.91,129.904
1.61,2.88,4.55,2.98,9.37,6.94,5.27,4.76,3.04,4.84,1.99,9.04,97.892
8.98,7.92,3.81,1.09,8.79,7.45,4.04,4.64,9.2,8.07,4.52,6.83,101.984
3.54,1.41,3.82,2.47,5.45,3.58,1.17,5.65,5.72,7.36,3.39,8.56,63.642
3.4,7.82,3.37,1.96,7.24,5.46,0.1,9.45,1.5,5.95,5.31,6.31,102.201
9.27,1.03,8.71,0.8,0.26,7.29,9.39,4.01,7.25,7.13,7.16,3.1,71.924
5.79,9.96,8.79,7.37,7.98,8.46,7.21,0.9,2.92,9.69,7.98,5.93,139.619
5.18,7.8,8.53,8.4,5.13,3.6,0.08,8.23,0.87,2.65,7.84,4.86,157.521
3.31,2.48,9.7,1.41,8.88,5.55,7.8,3.33,9.43,2.65,2.36,3.73,106.928
4.22,9.59,7.56,4.7,9.45,2.14,8.87,9.67,9.03,9.18,3.87,8.16,77.204
2.43,5.94,1.04,7.67,2.84,8.01,7.33,0.85,5.71,7.67,4.7,9.69,77.691
7.74,7.15,2.12,0.19,2.47,6.93,3.76,2.94,6.74,6.69,7.3,6.54,78.304
7.93,1.93,7.75,8.18,5.29,0.62,2.12,5.53,3.15,7.79,0.74,2.16,147.510
1.36,8.48,2.94,6.86,0.93,1.1,7.49,0.52,7.39,6.25,3.82,5.71,69.500
1.28,8.62,9.43,9.7,3.81,5.63,8.39,0.14,6.46,1.02,5.14,9.07,127.300
0.08,0.34,4.74,0.79,3.61,4.88,3.49,4.32,9.42,1.8,7.32,3.55,48.294
1.85,0.23,2.89,5.33,7.71,1.63,7.99,8.02,5.85,5.71,1.88,7.19,53.603
5.65,0.81,7.65,9.25,8.77,1.36,5.3,5.69,5.69,3.49,6.04,6.53,102.291
4.07,1.79,3.21,5.88,2.76,0.85,8.9,8.38,4.75,2.4,3.68,8.1,51.257
1.85,9.42,0.33,3.95,5.03,3.79,5.16,3.22,0.21,4.57,9.75,3.6,91.928
3.31,4.52,0.49,8.07,1.45,8.2,7.07,4.99,1.54,6.63,5.2,4.23,87.795
9.85,0.58,9.08,1.49,3.47,5.45,0.22,0.1,5.2,2.76,6.7,5.13,148.782
0.74,7.01,9.21,7.99,5.26,0.91,9.11,8.11,4.98,6.1,4.01,4.94,83.544
8.04,7.8,8.74,3.61,4.68,8.68,7.43,8.86,5.63,2.87,1.73,8.01,120.330
4.55,6.81,7.58,2.47,6.6,2.3,1.03,5.04,1.04,8.16,7.37,6.6,103.659
6.76,3.5,3.87,9.18,5.13,3.1,7.69,4.2,5.41,8.17,6.21,5.33,85.220
4.82,4.71,1.9,5.64,4.4,3.5,6.8,9.87,4.94,5.27,3.38,9.47,62.849
6.91,2.57,2.99,2.91,2.39,2.75,6.62,1.18,5.82,9.71,4.86,7.76,57.079
0.09,0.93,1.83,2.15,4.8,2.77,1.29,0.16,1.2,8.19,6.18,2.01,66.054
3.47,8.83,7.07,1.46,9.42,6.45,2.38,0.79,1.21,9.02,8.62,0.81,160.753
0.75,9.32,6.15,7.27,2.07,7.16,4.38,1.95,9.21,6.2,3.16,6.31,104.838
9.3,3.56,4.27,7.97,5.62,2.95,6.51,8.51,2.72,7.22,5.85,2.17,102.092
0.26,7.27,7.57,7.63,3.39,2.81,6.8,0.07,1.93,4.4,4.46,0.06,163.262
0.55,4.43,3.75,6.2,7.84,4.48,2.48,3.0,9.4,3.26,4.47,5.96,95.380
1.93,9.6,5.1,0.14,6.06,2.72,7.49,1.73,7.95,7.46,2.06,3.31,85.167
3.44,6.35,1.2,0.44,7.91,5.15,7.71,9.21,2.96,7.97,3.09,9.57,60.454
5.79,8.95,4.42,7.41,2.52,2.57,4.12,9.26,1.89,4.75,0.25,7.65,113.395
5.27,9.63,7.45,8.12,4.85,7.0,3.16,1.09,9.12,3.09,2.28,2.76,196.837
3.98,0.51,3.83,2.84,8.25,7.27,1.53,5.83,9.04,5.48,5.1,9.78,72.579
7.22,2.01,2.61,7.7,3.8,3.59,2.06,1.8,3.06,4.52,6.88,2.13,131.687
6.32,0.8,2.3,7.14,1.7,2.1,5.98,6.85,4.35,7.67,6.77,7.28,52.339
1.03,2.51,8.94,7.8,1.63,9.85,9.38,8.45,6.9,6.74,3.12,0.98,89.289
6.56,8.97,4.35,6.3,2.46,4.15,8.07,5.91,0.62,6.2,2.0,7.22,109.227
0.84,7.19,0.1,2.39,5.03,6.09,0.19,8.01,3.24,3.31,6.45,1.69,94.539
2.43,5.57,4.2,7.12,3.38,7.52,5.43,9.43,6.24,4.77,9.86,2.97,78.088
4.43,8.03,4.74,1.55,6.34,0.47,1.83,2.65,6.62,7.68,4.88,6.79,83.941
7.56,7.72,2.17,8.35,5.38,9.46,5.06,9.44,7.64,3.44,8.31,8.41,96.076
4.65,2.56,4.37,1.48,2.24,1.39,1.03,3.66,8.48,0.44,6.4,4.03,69.426
1.02,3.41,3.89,4.47,0.74,9.05,1.25,7.17,5.21,3.78,1.01,4.11,100.222
9.88,8.09,1.49,2.2,2.43,8.98,8.66,8.53,9.23,1.3,9.65,1.05,86.075
2.46,0.41,0.63,4.13,3.72,2.07,4.3,6.03,6.0,5.42,6.81,2.19,43.642
6.57,6.41,6.33,3.26,4.94,1.02,0.44,1.66,2.73,7.5,2.65,2.33,164.818
5.12,3.47,9.17,5.48,7.62,7.94,0.87,4.29,7.14,9.81,5.53,2.27,129.723
8.24,7.0,5.77,6.26,0.69,2.3,3.41,1.1,4.95,3.58,8.97,4.2,115.452
5.99,5.26,5.56,1.94,7.18,9.41,8.76,5.1,8.14,1.59,6.91,4.16,101.962
0.76,4.34,1.63,9.66,4.29,4.53,6.39,2.85,3.19,0.37,7.24,7.8,90.553
4.59,8.29,9.36,4.99,5.72,8.8,2.83,3.97,4.19,5.54,3.58,8.47,146.081
8.46,0.63,1.5,2.33,7.01,7.52,1.63,5.56,0.38,3.62,6.6,4.82,121.406
6.76,5.76,0.45,8.6,2.34,8.51,1.8,3.97,8.31,1.0,6.83,6.81,112.883
9.2,6.93,9.63,0.5,7.41,8.06,6.14,5.58,7.6,3.57,6.81,4.39,122.411
0.27,0.15,0.2,5.76,2.54,4.57,2.41,2.99,2.13,7.84,8.77,5.13,46.088
1.08,1.27,3.08,3.23,4.96,0.54,8.58,8.87,7.54,6.36,2.43,9.0,33.100
9.05,5.07,0.25,9.57,6.05,0.69,7.0,7.95,9.43,6.8,9.54,4.16,68.360
9.02,0.75,5.97,8.32,0.5,7.44,7.96,9.94,1.62,2.55,6.86,1.39,105.541
3.22,1.16,3.88,0.63,6.5,3.06,7.8,8.2,5.77,9.99,2.9,1.46,51.080
0.2,2.65,6.96,9.87,0.05,4.63,6.78,3.79,8.56,5.22,9.04,4.97,63.504
0.79,2.89,1.01,4.4,1.92,5.62,9.74,4.12,9.24,5.52,3.74,5.31,44.147
0.75,7.32,3.94,2.42,9.09,7.16,8.0,8.13,5.14,7.98,6.02,7.23,72.188
0.65,0.85,9.3,2.22,5.37,7.6,6.72,9.15,9.36,9.59,4.3,5.83,57.820
4.19,5.1,9.23,7.61,5.99,1.35,4.44,1.21,8.74,6.88,0.49,1.5,143.895
7.61,8.23,8.74,6.23,8.13,4.55,8.39,4.62,5.95,2.8,2.95,1.87,163.619
7.19,6.89,7.15,6.62,5.7,5.96,6.41,3.09,9.36,1.84,6.82,2.34,132.317
0.41,9.17,9.49,7.2,1.03,2.39,0.41,4.94,9.47,4.72,5.26,2.15,110.167
7.2,3.07,9.15,8.96,3.67,8.03,3.88,4.02,6.99,9.44,7.44,0.17,125.485
10.0,4.45,8.39,1.36,6.01,9.13,8.43,4.72,7.69,5.41,4.38,7.75,102.501
0.34,4.91,7.86,9.58,1.09,4.76,5.24,6.93,7.27,4.06,4.8,9.43,75.643
4.06,9.72,7.94,4.06,1.47,7.26,5.31,2.83,5.51,8.64,6.23,9.69,90.317
4.1,7.16,9.13,8.1,0.39,3.82,4.63,9.39,3.02,5.62,3.53,6.49,100.061
1.12,8.63,3.34,1.31,7.97,8.96,0.38,7.81,9.95,0.45,8.45,3.65,102.085
9.89,5.44,8.76,7.23,9.19,8.83,3.58,1.48,9.38,8.01,2.29,5.41,163.648
7.25,6.59,9.17,8.4,5.2,7.4,7.31,1.84,4.67,1.31,0.88,4.8,211.485
1.45,3.79,6.98,3.77,1.07,9.22,8.69,7.66,8.26,7.84,4.66,6.23,60.637
2.13,4.53,9.36,7.84,5.8,8.86,7.31,5.39,9.15,5.11,2.72,8.02,102.175
2.29,2.85,9.09,9.49,2.97,1.28,1.78,3.27,3.07,0.4,1.84,9.88,138.192
1.94,3.23,7.36,9.97,8.79,9.54,9.4,0.19,3.11,9.39,0.71,2.17,163.516
8.4,0.16,5.22,2.15,6.98,5.53,3.72,3.64,4.72,5.75,9.86,5.41,85.921
5.34,6.08,6.09,9.44,2.47,9.63,2.41,2.44,8.66,6.93,1.43,0.59,173.865
6.75,3.36,1.47,4.55,0.11,5.28,3.23,7.53,5.79,3.15,4.99,3.34,76.775
4.97,2.9,0.3,4.22,0.23,1.74,9.79,6.34,1.99,1.88,2.81,5.24,51.194
2.47,0.79,2.38,2.7,3.04,9.11,6.02,5.73,1.04,9.08,5.41,2.85,68.005
2.16,4.93,6.12,5.44,9.79,3.6,2.13,5.9,1.19,5.87,9.77,9.56,93.085
5.47,8.44,7.74,0.97,0.81,0.28,7.58,1.74,0.92,7.19,9.29,1.37,84.407
6.99,7.09,6.63,3.49,2.89,3.66,8.06,9.89,4.81,3.05,10.0,4.9,75.534
7.26,4.37,0.71,1.46,4.76,5.74,5.56,3.63,3.79,3.07,9.36,1.76,89.437
7.18,1.49,3.71,6.92,5.26,1.72,9.5,3.79,2.14,2.88,4.5,6.08,90.966
2.5,0.68,3.85,4.08,0.31,7.38,8.18,9.71,3.38,5.36,7.93,0.71,53.303
0.14,5.18,0.21,3.9,3.46,3.83,8.99,1.99,3.05,5.75,2.09,0.06,76.243
7.15,6.08,3.63,6.47,1.43,4.07,1.5,3.64,7.36,0.21,0.95,9.61,123.893
3.92,7.1,3.26,4.86,9.65,0.17,8.7,9.95,9.75,5.72,7.74,0.73,67.997
6.25,8.91,8.98,9.25,3.71,1.07,3.67,6.01,8.84,9.55,4.59,8.52,92.691
8.23,3.4,7.43,1.61,9.06,9.26,1.83,0.13,1.69,3.01,2.43,7.55,234.315
4.64,0.65,1.97,4.77,7.35,4.48,4.16,8.79,0.71,8.19,1.09,6.55,80.909
6.45,9.36,1.39,3.59,0.27,7.66,4.83,7.37,6.45,2.17,5.98,5.13,89.947
6.23,1.75,4.97,9.26,7.74,0.79,7.1,3.91,2.36,7.7,4.72,4.94,100.033
1.78,7.82,1.24,4.71,9.19,5.87,9.44,5.89,6.08,8.44,5.74,8.72,69.081
0.28,7.56,3.41,7.62,4.58,4.51,5.31,8.5,4.38,6.11,7.7,3.73,78.254
7.5,2.72,4.54,3.42,9.52,7.74,4.35,8.72,2.28,6.52,8.62,6.82,94.988
7.09,5.71,6.34,5.06,9.33,2.75,5.55,2.51,3.34,1.17,2.29,2.55,208.386
6.42,7.63,9.12,6.5,8.85,7.01,2.71,9.82,6.77,1.05,2.11,6.65,156.407
8.47,5.38,8.24,5.25,9.37,2.33,3.15,5.61,3.99,3.74,4.04,3.0,165.916
2.83,6.84,0.7,2.94,8.91,0.23,0.1,0.42,5.65,3.47,7.11,0.9,127.195
5.29,5.24,8.97,2.24,8.45,1.54,8.76,5.46,4.5,9.1,9.39,0.14,84.953
5.31,8.08,9.07,8.01,7.19,5.1,4.09,6.93,3.76,3.92,8.37,9.72,116.227
9.56,2.71,8.86,8.15,9.56,7.75,7.71,6.39,4.23,2.29,9.34,0.38,153.560
8.24,6.17,6.12,4.84,9.65,0.28,5.39,3.03,6.97,8.58,5.97,9.63,89.209
5.98,6.87,7.72,6.55,3.05,1.47,4.86,6.04,2.23,9.24,8.79,0.89,98.721
3.21,7.79,8.46,3.72,8.83,9.31,5.71,2.81,6.85,1.66,5.15,7.46,139.406
3.2,2.77,4.33,0.43,8.76,1.0,6.49,1.21,3.71,3.67,4.19,5.66,82.190
8.34,9.01,8.54,6.84,8.15,5.71,3.96,0.54,4.37,5.76,9.55,2.87,172.237
0.89,1.82,1.66,9.68,5.89,3.8,5.7,8.0,2.3,9.19,7.53,9.94,55.649
8.92,6.65,0.16,9.71,1.41,8.25,4.24,4.06,6.32,0.29,5.03,4.7,142.451
1.06,4.94,9.46,1.74,3.65,3.47,1.44,4.76,9.07,6.9,3.15,7.11,74.992
4.46,2.6,8.13,3.44,9.75,1.05,5.81,6.6,9.49,9.18,9.09,3.08,68.046
8.28,9.0,9.12,4.63,5.9,4.3,7.7,4.28,6.12,8.52,9.31,2.54,107.174
8.34,7.05,8.8,0.76,6.26,9.96,2.53,4.6,2.48,3.58,8.59,9.16,133.064
8.44,9.29,7.67,2.56,7.43,5.2,7.95,7.97,6.44,7.7,5.14,6.12,98.233
0.64,2.61,1.19,4.57,7.0,0.83,5.89,4.67,7.29,3.68,1.74,1.53,67.903
5.56,9.77,7.45,1.14,5.79,6.33,5.55,1.92,1.33,7.66,3.54,6.83,134.327
5.17,8.25,9.75,4.14,4.65,2.84,5.22,0.88,0.09,8.91,9.01,2.99,128.413
2.18,2.03,6.2,9.96,1.85,2.25,0.75,2.74,4.55,1.11,9.08,8.59,91.238
9.55,2.99,0.7,0.64,0.64,2.06,5.46,0.44,8.57,9.57,1.33,5.01,54.575
2.84,3.62,8.99,2.36,8.27,6.05,7.4,5.07,7.85,4.51,4.71,3.28,97.898
8.74,2.84,5.59,5.21,1.47,6.75,3.6,2.55,4.1,6.85,7.75,6.7,96.989
9.68,7.86,7.41,3.93,8.01,3.29,3.73,0.05,5.81,9.18,0.82,3.64,172.966
3.9,4.76,9.83,2.0,3.03,4.03,4.43,6.43,2.23,8.07,9.22,7.95,71.876
9.69,4.97,4.99,6.03,3.06,2.06,8.48,2.22,1.83,2.55,5.21,9.42,103.669
7.38,9.99,0.25,5.87,5.05,3.98,4.34,8.58,3.76,3.46,7.26,6.98,94.590
3.58,4.37,0.62,0.11,6.64,1.21,1.13,6.56,5.73,3.78,5.84,7.18,54.699
9.11,1.43,4.24,3.84,5.78,4.29,9.7,0.49,4.58,6.53,3.4,2.89,103.987
3.04,7.53,6.09,4.25,5.55,1.95,1.21,1.04,2.57,3.16,1.2,1.86,257.337
7.78,3.23,7.48,3.93,9.72,7.48,8.18,9.25,4.64,0.88,1.41,9.6,116.667
0.84,7.16,6.37,0.52,5.0,2.1,2.21,2.38,4.51,3.82,8.81,3.5,87.158
7.49,2.55,0.33,4.74,0.87,0.87,1.0,7.65,9.74,6.19,2.73,5.24,51.767
6.26,6.77,3.33,3.01,8.85,9.94,7.59,4.56,9.27,0.12,4.61,3.09,130.506
3.47,2.29,5.14,2.14,4.71,1.19,9.37,5.55,9.4,0.18,3.73,6.13,55.122
7.9,3.78,0.38,4.98,2.15,1.32,6.8,8.23,4.07,5.41,2.76,7.45,59.073
7.8,9.87,4.39,0.99,9.64,0.83,3.31,2.58,2.58,0.65,8.52,7.94,131.040
8.11,5.13,4.72,9.54,1.34,3.83,8.27,7.44,4.58,9.61,3.64,5.79,83.066
0.62,6.06,7.34,1.64,4.18,1.42,2.26,6.66,1.02,4.0,0.3,4.59,112.905
10.0,9.4,0.59,9.16,1.91,1.78,0.97,2.58,8.25,0.47,0.28,4.32,194.665
8.55,9.95,3.58,2.14,4.37,6.44,4.47,1.98,7.12,5.44,7.3,3.78,116.417
1.43,0.38,9.94,3.22,9.91,1.82,5.0,9.18,7.49,6.04,2.73,4.79,75.788
6.79,4.42,5.2,0.2,9.17,9.29,3.18,2.3,5.81,4.98,3.57,2.78,155.040
1.24,4.12,1.9,2.96,1.39,9.87,3.79,4.49,7.76,2.07,4.93,7.46,70.426
1.68,4.49,4.64,2.47,5.66,5.82,9.37,2.87,7.72,0.95,6.89,7.88,69.395
4.2,1.02,7.76,0.89,4.26,4.63,6.78,5.12,5.61,6.54,6.53,2.46,68.886
6.37,3.66,6.71,9.69,4.88,4.56,4.67,6.33,1.52,8.27,8.2,5.41,104.273
6.55,2.7,5.39,2.79,0.36,7.46,6.26,8.79,9.88,1.48,8.58,6.96,60.191
4.25,3.24,4.91,2.81,0.19,2.95,9.26,1.78,1.1,5.23,9.38,2.67,62.373
6.4,7.84,1.03,5.93,7.92,1.69,8.43,3.33,9.98,6.56,3.84,8.13,76.509
5.83,9.3,8.25,8.42,9.67,2.67,3.37,2.61,7.14,9.3,4.3,6.03,134.779
2.21,4.62,7.55,0.55,7.9,5.24,7.76,0.2,1.97,4.06,3.05,8.82,108.546
4.52,6.55,1.21,8.76,9.42,3.73,4.0,6.78,1.92,4.23,1.68,8.37,126.723
9.53,1.31,6.51,7.01,7.16,5.27,7.68,7.45,6.97,6.44,2.99,5.21,100.136
7.7,4.63,2.77,7.31,8.07,4.07,7.0,4.43,4.27,1.27,9.38,7.21,102.950
6.07,8.13,7.86,5.24,2.99,2.03,2.47,8.21,7.9,8.63,6.2,7.16,79.665
7.16,9.24,4.98,8.84,0.29,5.36,3.66,1.6,4.59,6.75,8.83,9.75,101.961
4.48,8.96,5.8,3.82,4.71,8.21,2.63,0.02,6.32,3.28,5.97,2.93,170.118
6.81,7.57,4.17,4.02,9.32,9.24,1.05,2.61,7.63,7.97,9.88,6.21,116.351
8.72,6.37,8.84,2.83,3.76,9.78,7.0,0.52,0.49,3.37,6.52,7.68,157.545
3.22,6.25,0.26,2.09,6.6,8.79,3.83,4.69,7.08,8.24,1.9,9.77,76.626
1.6,8.94,0.81,0.31,5.34,9.8,9.4,0.67,4.51,6.09,8.77,1.85,85.650
1.65,4.85,2.13,6.12,7.17,8.76,0.91,1.33,9.92,7.59,2.42,6.53,106.899
9.64,7.38,8.61,9.47,0.98,4.76,7.3,4.09,7.67,5.43,6.62,8.41,103.340
9.07,3.59,0.55,8.34,2.05,4.14,0.36,0.01,5.69,7.58,4.77,3.0,129.566
1.91,0.03,0.09,4.04,6.59,2.82,5.75,2.19,9.41,7.7,7.66,2.0,44.598
6.24,4.68,9.51,6.85,0.07,1.83,9.64,3.81,6.2,2.88,4.71,6.18,87.313
9.32,1.86,7.04,1.76,7.25,4.79,6.71,9.28,9.02,3.38,0.76,0.6,107.630
0.66,8.54,8.74,8.87,8.96,4.08,8.11,6.21,2.08,7.8,9.63,8.06,95.130
6.94,7.43,8.4,5.8,0.9,3.49,4.85,1.53,1.93,5.39,2.44,2.36,178.162
9.63,8.93,9.89,7.19,9.63,4.73,4.32,8.61,8.34,7.73,9.74,5.87,112.082
7.3,0.01,6.81,7.75,9.87,1.63,7.62,4.31,2.15,7.31,7.2,4.45,100.999
4.2,1.01,8.09,6.42,7.04,5.35,1.89,7.86,2.97,6.74,5.51,9.12,94.192
6.15,4.89,2.8,2.84,7.87,4.28,7.14,9.81,5.1,1.47,8.3,1.14,87.470
1.78,2.81,4.76,7.83,5.66,2.04,8.39,8.48,4.9,2.45,3.84,4.54,76.319
2.02,7.79,5.77,0.87,0.77,9.29,5.49,3.4,2.08,5.96,1.69,6.17,106.938
6.37,4.57,9.75,1.17,4.27,1.99,9.62,8.56,8.55,7.8,8.4,3.6,60.434
0.79,8.74,3.85,0.78,7.44,5.51,8.56,1.36,6.57,3.84,2.96,1.03,111.472
2.86,5.41,9.19,3.8,9.86,5.32,2.19,1.4,8.18,1.18,2.51,5.53,173.606
2.88,9.15,2.74,0.95,9.64,6.33,8.89,9.84,6.06,3.21,8.42,6.48,73.869
7.72,4.93,6.24,9.44,2.64,5.46,7.3,9.49,3.06,8.14,4.8,7.56,90.285
3.47,8.32,6.84,4.68,9.42,8.72,1.98,1.02,2.18,9.52,2.26,7.9,166.734
6.64,7.71,6.5,1.71,7.99,2.4,1.26,6.32,2.43,2.78,2.98,7.75,140.094
1.31,6.33,6.2,9.74,4.13,7.17,4.61,9.18,9.31,9.36,0.92,3.01,95.851
9.3,8.06,2.19,1.2,4.89,3.63,0.27,6.93,1.99,4.15,9.38,8.62,93.395
1.03,1.89,3.55,8.93,4.24,4.49,4.2,2.11,5.31,9.55,4.37,0.4,93.022
5.89,0.58,7.1,5.89,0.88,0.16,3.42,2.32,1.61,5.09,7.97,1.85,92.093
2.4,6.77,6.21,1.05,2.77,9.69,0.02,3.04,2.06,2.94,9.82,4.05,131.737
6.38,1.59,1.23,5.22,1.23,1.53,6.56,6.55,8.68,5.9,7.52,2.24,45.874
2.43,3.42,0.3,0.13,2.35,6.85,0.19,4.46,9.66,1.32,3.88,7.59,57.122
7.68,9.9,1.43,9.19,0.89,9.53,3.45,4.36,1.11,2.57,5.54,4.13,182.514
0.62,2.84,6.61,6.77,5.15,5.68,0.29,7.48,5.1,0.41,0.4,6.2,139.185
9.9,7.28,2.42,5.69,1.39,0.49,0.06,6.89,3.38,5.45,8.39,3.19,99.306
0.03,5.78,2.31,1.98,6.68,3.47,4.3,9.05,8.81,3.87,9.37,3.86,51.579
3.97,4.4,6.56,3.14,7.16,0.69,2.96,8.87,8.33,9.81,0.95,5.82,70.550
2.78,7.88,9.31,8.29,0.68,6.63,8.0,9.44,9.66,6.17,9.79,7.76,69.992
1.86,7.11,4.92,8.45,7.97,0.48,3.38,5.82,0.34,6.1,4.25,4.46,126.448
1.6,6.59,8.1,5.06,9.64,2.74,5.97,6.57,6.46,1.76,4.85,4.57,111.763
3.99,5.14,2.87,6.23,5.51,6.96,4.73,0.21,2.62,9.36,8.53,4.52,102.436
9.91,9.17,8.4,2.0,7.54,6.86,9.66,8.39,6.1,9.41,2.32,3.99,110.058
6.84,9.32,8.24,6.24,3.39,5.68,8.41,6.17,5.21,0.59,9.89,2.11,122.637
7.31,1.35,6.72,2.64,7.22,4.38,4.41,1.03,5.63,0.69,7.06,6.88,115.253
2.15,7.81,1.28,7.9,7.25,2.9,3.0,3.15,8.57,6.11,4.54,0.87,111.623
9.71,8.85,8.76,2.56,4.43,5.83,9.31,0.85,0.87,9.13,5.49,8.63,117.095
3.11,5.08,9.3,8.37,5.98,6.69,1.75,7.07,1.75,1.05,1.08,0.13,300.312
3.02,9.46,1.92,7.44,0.75,8.38,7.86,4.77,4.99,1.79,5.83,3.32,108.438
0.74,8.91,9.73,0.03,5.68,2.71,7.64,5.16,0.1,5.42,1.26,7.33,103.307
2.04,7.61,1.15,9.97,6.91,7.23,5.92,5.25,8.71,9.64,6.12,4.01,88.045
6.08,4.32,3.48,8.19,7.94,3.06,8.94,7.73,9.03,0.93,9.73,0.64,89.378
2.93,0.02,8.99,3.26,5.94,0.69,1.92,7.78,10.0,9.1,6.88,5.52,52.985
1.41,2.77,9.94,6.48,4.61,9.03,7.72,6.18,0.53,8.51,3.89,6.16,103.789
2.42,3.49,5.6,1.65,1.08,2.22,8.76,8.86,4.51,9.55,1.63,9.55,38.404
4.1,5.35,6.03,4.02,6.08,6.61,6.57,8.22,0.38,4.89,7.94,5.97,94.760
0.51,9.8,9.43,5.54,2.51,6.12,5.41,1.54,2.0,6.38,8.33,5.47,116.409
3.95,5.77,0.62,4.36,3.29,5.3,8.3,8.94,8.2,1.58,9.35,0.55,63.082
9.24,6.72,5.7,3.96,3.28,8.84,9.16,3.56,2.31,0.77,4.87,1.88,167.361
2.57,1.94,2.47,2.61,7.6,1.35,4.75,0.44,7.07,3.37,2.56,6.07,76.422
6.5,8.69,4.65,4.14,9.14,2.17,7.42,5.34,8.81,3.99,7.3,7.8,86.793
0.74,4.23,0.44,5.8,7.14,1.5,0.35,3.28,9.6,4.82,2.92,8.45,67.471
8.82,9.79,0.03,5.99,4.18,3.44,4.09,5.63,2.24,7.25,4.88,1.84,124.373
4.29,2.99,1.86,8.44,5.78,5.65,8.61,3.23,8.03,9.71,8.28,9.76,60.920
5.89,1.56,2.52,2.93,3.89,0.6,4.66,8.07,9.22,9.63,3.68,9.52,38.834
2.61,8.73,1.85,2.07,9.39,0.6,9.13,9.91,2.33,6.89,3.67,1.82,74.815
4.43,4.34,5.13,6.73,2.96,0.83,2.92,9.43,9.0,7.92,2.72,6.15,64.027
7.84,8.82,6.24,5.58,1.59,6.61,5.28,2.6,1.79,9.22,2.52,9.99,116.815
3.78,8.72,2.87,6.17,8.21,0.14,8.09,1.24,9.0,9.53,1.47,4.7,87.834
5.62,9.08,6.82,0.37,9.08,2.38,5.27,1.87,7.18,7.02,9.96,6.87,87.372
7.72,2.55,1.12,9.26,5.46,1.84,8.91,3.2,8.96,3.0,2.57,2.93,94.521
0.37,0.49,7.91,2.4,2.44,7.23,1.07,9.25,4.9,6.69,0.65,6.2,72.462
8.71,9.5,3.51,9.02,6.44,8.98,4.45,0.91,8.07,1.22,2.79,7.7,183.612
7.76,6.69,8.79,0.15,2.31,7.27,2.51,8.38,3.24,1.98,5.79,9.02,106.630
7.71,2.61,6.57,0.02,6.2,10.0,7.45,8.67,3.34,7.24,6.5,8.95,78.553
6.19,2.82,6.28,9.19,6.4,3.83,6.77,9.88,5.65,1.57,3.67,5.36,105.502
5.11,2.92,1.13,3.14,6.87,6.2,8.56,7.01,8.52,6.77,0.9,7.15,65.202
3.69,3.9,4.18,5.78,8.56,4.91,3.1,9.96,5.99,2.62,2.53,4.41,108.424
6.86,6.66,2.02,9.13,1.61,8.23,5.95,8.82,8.23,3.98,1.72,4.49,103.977
8.48,6.34,7.75,2.34,0.41,7.28,1.52,4.31,5.66,0.25,8.28,5.74,126.553
0.27,8.24,4.33,5.95,3.5,2.81,1.21,4.89,2.39,9.09,2.19,3.31,108.752
9.6,3.14,3.06,3.85,7.58,8.04,0.23,0.11,2.79,6.56,3.01,6.74,181.430
8.14,9.53,5.26,4.05,2.2,0.85,2.87,4.73,3.75,4.45,2.85,2.49,142.053
9.07,4.21,9.72,5.69,1.82,0.27,2.5,3.33,2.17,7.07,4.26,1.42,148.337
3.15,7.09,7.14,7.43,8.1,7.77,2.17,1.29,0.01,3.92,9.2,5.19,186.777
6.61,0.09,2.46,5.41,0.8,0.77,6.96,0.44,1.05,3.64,8.8,8.65,54.638
7.54,2.4,3.09,0.99,8.43,8.51,1.99,4.1,7.15,8.11,4.2,5.02,101.276
0.36,8.72,6.95,0.91,1.21,0.65,0.39,4.44,6.15,3.45,1.73,8.94,74.900
3.61,0.16,5.57,1.72,8.75,3.44,5.91,1.54,5.74,0.66,8.68,0.46,101.131
9.79,4.73,6.25,9.28,7.33,9.67,0.56,1.36,5.53,0.93,9.24,0.45,260.376
6.88,4.32,8.54,8.48,5.96,6.0,0.32,3.17,7.02,3.1,5.28,1.49,197.154
9.93,2.39,2.77,8.84,9.39,6.54,8.7,6.73,6.45,9.45,9.52,7.32,82.749
9.12,1.07,7.24,6.4,9.77,3.38,1.66,7.07,4.16,9.92,6.82,9.41,94.723
4.92,5.65,8.0,4.9,9.03,2.7,9.46,4.51,9.67,4.45,3.08,3.6,101.237
8.64,2.71,6.55,4.06,5.93,0.82,5.28,4.0,2.66,5.22,4.59,6.52,101.556
9.4,2.14,6.24,0.59,8.17,7.15,8.32,9.75,3.95,0.34,0.93,3.68,124.917
5.02,4.06,9.7,0.77,7.02,9.86,7.92,3.38,0.6,0.55,3.32,2.63,197.989
1.53,3.14,9.78,0.01,1.23,0.75,0.49,2.24,4.38,0.91,9.86,6.7,66.884
8.28,6.98,5.37,8.94,7.83,9.55,9.61,5.06,6.97,6.35,8.23,1.75,123.650
2.97,3.29,8.73,9.49,3.4,0.97,8.96,0.2,8.16,9.82,5.14,1.17,86.248
0.44,5.89,9.35,7.95,9.56,8.45,3.96,7.41,7.76,8.16,6.21,0.83,121.293
8.04,1.75,7.76,7.47,9.75,3.69,1.09,1.06,9.63,3.52,9.92,2.7,137.751
6.04,2.28,5.04,9.84,7.94,5.18,9.51,7.74,8.6,6.14,3.9,0.06,101.029
9.32,3.86,4.21,7.06,2.86,9.09,9.29,6.24,0.87,1.6,1.66,6.0,141.855
2.99,4.06,4.04,7.69,9.74,0.58,4.05,0.98,8.28,9.89,0.67,4.48,102.646
7.12,5.61,4.12,6.93,7.98,1.93,9.28,6.16,8.14,5.48,8.45,7.83,74.305
1.62,9.6,7.91,1.53,0.86,6.65,1.94,2.24,5.04,2.11,5.26,3.12,142.922
8.21,1.62,6.22,8.75,2.67,1.98,9.84,8.56,6.14,6.76,7.67,9.68,60.534
3.32,5.29,4.04,7.06,3.98,7.49,2.78,2.79,5.85,0.19,3.39,2.57,177.462
8.03,7.44,2.59,1.37,7.61,1.21,4.96,2.01,7.15,0.11,7.0,6.7,101.146
7.83,9.99,6.83,7.52,7.12,0.56,0.13,0.03,6.79,9.13,4.16,4.41,161.663
2.19,1.97,3.26,2.46,0.15,6.15,9.72,7.43,3.35,3.01,9.22,6.66,41.076
3.85,4.33,6.1,7.51,9.42,8.81,6.62,6.47,8.48,8.95,4.15,6.85,96.387
3.13,3.95,8.5,7.22,7.16,0.07,6.52,9.87,7.02,4.22,0.86,8.7,80.748
0.26,6.91,4.77,5.25,7.69,0.38,4.9,0.37,6.9,3.59,5.8,0.8,112.970
6.64,4.13,3.72,9.84,0.08,0.65,9.94,2.15,6.62,3.05,1.84,5.79,85.267
1.88,5.6,9.51,5.43,0.86,6.24,3.92,4.27,5.42,7.86,4.75,7.21,88.304
5.61,8.58,9.91,7.75,9.92,1.73,2.21,4.06,8.56,8.53,0.74,8.67,132.743
0.47,3.35,9.43,4.25,0.1,3.54,7.3,1.07,4.09,8.07,2.19,9.25,66.124
4.96,7.73,2.4,9.34,4.67,8.63,5.26,1.94,6.05,8.5,4.76,8.79,106.884
3.38,7.17,5.5,1.2,0.98,7.87,6.43,0.78,7.42,3.1,6.24,4.43,91.901
4.33,9.21,0.3,9.8,3.77,9.61,1.84,4.74,2.4,2.24,3.89,7.32,165.047
1.65,0.74,9.19,7.53,4.01,6.15,3.04,4.54,6.51,2.63,1.3,5.04,126.930
6.26,7.26,4.58,2.14,1.45,8.07,1.61,5.46,7.43,0.82,3.86,4.87,123.742
4.11,2.43,9.71,2.85,1.87,3.43,0.61,7.86,9.17,9.31,8.68,4.41,60.939
8.31,8.48,6.32,0.02,3.01,7.49,4.43,4.82,0.1,6.7,4.92,4.05,134.412
9.97,9.83,3.6,7.2,6.94,7.65,5.57,1.91,3.39,6.99,2.73,1.66,203.101
3.81,0.08,4.34,0.16,6.79,6.99,2.36,7.84,6.57,4.29,1.99,4.26,81.179
9.89,7.55,0.02,2.0,4.38,4.6,6.07,3.14,6.33,0.25,8.38,7.33,90.286
4.85,2.73,4.33,2.59,3.92,2.85,5.85,4.26,5.36,7.92,6.18,5.17,61.226
4.53,6.63,8.58,8.55,0.83,6.15,7.11,0.87,4.4,5.18,7.46,4.8,118.276
1.22,9.48,9.92,9.49,4.17,7.07,5.51,1.76,5.27,2.15,4.99,2.62,185.426
5.93,8.03,4.79,1.66,7.25,0.73,1.19,4.84,6.88,5.47,2.26,8.41,97.728
3.91,0.28,5.36,6.59,4.87,8.92,4.65,8.66,5.35,5.13,6.9,0.69,95.379
6.2,0.25,4.64,9.68,9.64,6.15,0.84,4.0,3.38,4.29,5.22,0.82,197.089
2.96,2.07,0.14,2.0,8.99,3.41,9.02,6.0,7.64,1.71,0.54,9.42,57.006
3.77,3.09,4.69,0.89,8.18,4.62,8.15,6.7,7.35,0.04,3.92,0.77,93.724
1.79,7.17,3.46,0.71,4.05,8.48,9.54,6.24,0.11,4.95,4.27,3.87,88.544
1.55,6.68,3.26,2.28,3.99,8.01,7.91,8.39,3.58,6.89,1.46,9.63,68.067
3.86,9.92,9.72,4.85,9.46,0.01,8.74,4.28,3.89,9.92,6.38,5.85,96.825
4.95,3.41,4.68,3.9,8.98,6.07,2.77,6.34,6.45,1.41,1.6,7.34,123.466
9.71,2.88,3.01,8.53,0.13,6.46,1.85,1.25,8.34,9.6,1.69,7.46,101.756
0.2,1.26,5.12,6.52,1.93,8.06,2.55,3.9,4.7,1.29,1.92,8.41,101.405
5.68,5.36,9.14,6.32,9.46,7.53,5.18,3.24,6.14,5.81,9.42,6.81,118.825
5.03,4.35,2.64,1.47,1.92,7.16,0.22,1.02,6.18,4.62,9.53,0.53,102.127
0.12,0.21,9.64,5.95,3.36,1.81,9.42,4.15,0.26,3.91,2.99,2.05,92.581
4.57,9.18,3.62,1.51,9.49,5.02,7.35,8.63,9.59,0.7,2.37,1.16,112.047
5.08,8.83,9.38,5.01,3.78,1.1,7.71,8.66,0.26,4.58,9.42,3.15,98.224
0.12,0.55,2.27,0.27,8.5,7.44,2.85,8.65,8.89,5.07,7.47,0.73,56.892
1.87,3.58,3.44,0.75,2.04,7.7,9.44,7.53,7.77,0.16,7.36,4.31,52.994
1.51,5.48,1.99,5.98,5.92,0.18,9.15,8.8,6.71,6.07,5.96,0.79,56.190
9.37,6.72,5.28,1.61,0.53,2.35,6.52,4.54,7.57,8.66,4.46,5.98,68.540
5.11,0.67,8.11,3.59,7.92,6.16,0.22,4.47,5.3,1.55,5.43,8.67,123.089
9.36,10.0,4.81,8.92,0.07,8.85,2.03,0.1,4.27,0.17,5.07,10.0,194.131
1.44,2.63,2.51,2.64,5.42,4.12,6.37,5.81,8.49,1.31,4.07,2.24,66.313
2.8,7.33,4.06,9.5,5.48,5.64,7.09,2.17,3.26,9.0,8.58,4.76,99.857
1.31,0.32,10.0,8.49,9.07,3.31,1.51,4.4,0.97,0.35,7.68,1.14,202.492
1.06,0.34,8.72,3.52,5.56,2.43,4.28,6.14,4.64,4.51,9.69,2.12,68.929
5.13,3.24,6.71,6.71,8.96,8.44,4.92,6.0,6.14,4.55,5.88,4.49,122.545
0.79,5.42,3.65,8.52,9.9,6.72,1.4,4.44,1.63,3.4,0.68,9.34,167.544
5.97,8.17,2.23,5.42,8.23,3.98,2.92,2.3,9.51,5.93,2.64,9.35,104.135
0.7,4.08,4.77,4.65,3.4,8.68,2.61,9.37,3.17,2.95,9.35,1.19,91.760
4.15,3.74,1.52,3.4,8.73,8.95,0.32,3.56,7.29,6.45,9.29,6.06,92.478
5.45,2.47,5.34,4.89,1.78,0.78,1.4,3.04,2.17,4.98,9.02,6.52,76.336
8.49,1.41,7.32,9.17,1.85,7.38,8.49,4.99,8.66,0.91,1.24,9.01,106.967
7.3,3.62,0.61,7.91,0.05,2.64,6.68,8.46,7.24,1.85,6.98,9.57,54.267
9.71,7.23,4.83,9.42,8.99,7.98,8.8,8.62,8.51,3.37,7.15,1.97,125.351
1.19,5.13,1.29,3.23,1.36,2.21,8.29,3.02,3.86,2.09,5.02,6.58,49.931
0.39,8.09,9.0,7.92,1.23,7.64,6.35,9.2,1.65,6.24,1.16,6.04,111.847
1.1,6.8,8.38,0.89,1.51,4.6,0.23,6.94,4.4,2.35,1.76,9.23,93.456
5.18,5.62,0.7,7.95,0.69,5.88,2.79,1.3,6.64,0.34,1.73,4.67,148.941
9.09,1.75,9.48,0.25,8.78,4.49,3.47,7.34,5.07,6.38,8.39,3.77,98.315
7.22,9.88,0.49,7.23,2.69,3.25,6.66,7.14,3.46,9.15,6.52,3.88,83.564
8.06,5.36,8.3,6.76,5.15,7.6,5.18,8.14,2.64,9.96,5.08,8.66,103.959
5.94,3.07,9.77,4.19,0.46,9.58,1.41,2.17,6.93,5.92,8.83,0.89,126.233
8.88,6.29,5.32,7.06,2.76,1.23,9.66,6.63,6.07,2.18,0.14,3.05,113.740
7.51,5.48,2.93,3.41,9.37,6.58,3.72,5.66,9.73,3.47,8.41,2.31,105.946
6.33,3.85,6.9,4.93,9.93,4.28,9.55,8.66,0.62,5.32,5.73,3.96,107.033
5.94,7.39,4.33,9.19,4.34,9.44,7.93,4.88,9.68,0.58,2.59,7.06,124.175
4.99,4.7,0.77,1.71,4.92,6.78,3.14,3.72,4.42,8.16,6.78,5.14,76.116
6.93,4.19,1.07,1.73,6.84,1.36,7.68,2.79,8.28,8.93,8.39,5.38,53.366
6.92,0.15,7.96,4.36,2.55,4.42,3.62,2.67,4.93,0.02,6.13,9.05,99.773
6.99,2.06,0.62,6.15,6.39,7.55,8.73,8.02,6.19,8.01,0.25,7.98,75.957
5.88,9.0,4.75,3.78,4.53,5.35,9.3,2.83,9.87,5.62,3.97,3.81,94.040
6.38,3.28,7.37,7.12,7.0,6.35,7.62,1.54,8.92,2.85,3.99,4.59,127.076
7.83,9.45,5.34,8.37,7.23,8.1,9.41,2.52,9.29,6.55,7.17,0.35,131.255
1.9,0.9,8.31,1.91,0.97,6.4,6.84,7.16,3.3,7.92,9.84,6.58,48.967
9.66,5.08,1.57,2.61,0.19,9.37,6.5,0.84,4.98,3.72,6.1,7.07,97.501
1.49,9.41,9.64,5.89,9.19,1.39,8.67,0.25,4.09,5.77,9.05,7.06,106.076
6.44,1.04,0.99,0.67,0.99,2.94,6.42,1.51,3.95,8.12,9.22,7.12,35.966
6.61,6.2,1.96,2.47,1.79,2.69,3.98,5.95,6.02,7.13,5.96,8.96,57.158
9.65,1.43,9.48,6.41,2.35,4.73,2.76,9.76,7.74,1.02,1.43,3.76,128.636
1.34,3.86,7.19,4.43,9.04,4.54,7.83,8.28,9.5,9.63,8.23,6.35,61.020
5.01,9.97,8.47,6.37,7.57,3.83,9.95,8.81,4.47,5.05,6.63,1.57,112.993
6.3,4.21,1.0,3.32,3.06,9.74,0.03,10.0,2.94,5.38,5.36,2.47,105.539
2.5,1.74,5.08,1.68,7.26,8.95,5.73,2.04,2.87,5.96,2.17,3.74,120.880
3.55,0.31,7.11,4.43,7.65,1.15,1.09,3.82,7.17,8.56,1.78,1.61,100.707
9.77,5.39,8.64,3.31,7.77,3.46,10.0,4.65,0.96,3.18,8.78,1.88,130.187
0.98,5.06,9.64,1.52,6.21,8.31,8.96,1.65,9.36,6.42,6.16,9.56,75.327
4.17,6.43,4.13,5.57,9.9,2.44,2.52,3.33,5.04,1.66,4.59,9.86,120.889
8.69,8.53,2.46,3.96,8.84,3.76,5.52,0.23,9.14,8.59,8.8,8.19,89.548
6.97,4.83,4.24,0.22,4.92,0.32,9.63,0.07,8.79,4.14,0.85,9.99,64.237
8.65,4.73,7.46,3.79,7.46,1.28,1.32,5.15,4.41,2.73,3.18,3.13,167.520
8.16,3.58,4.43,7.19,8.95,6.68,8.11,0.1,8.14,4.57,7.79,3.08,122.649
7.42,2.12,9.9,5.77,7.28,8.42,9.59,7.45,0.14,0.73,1.64,0.42,204.857
2.02,8.49,2.21,8.77,4.19,6.89,3.37,0.67,4.38,1.92,4.76,8.22,139.666
1.98,1.1,6.53,0.29,4.24,9.64,5.94,8.48,4.86,4.26,5.52,7.1,65.763
9.52,8.45,3.73,3.77,5.27,8.38,8.62,3.25,9.7,5.1,8.12,7.69,92.090
1.29,4.97,4.81,5.03,8.18,5.28,4.14,9.54,4.51,6.28,8.88,1.07,85.880
3.84,5.41,3.03,4.62,7.38,2.6,7.51,2.91,5.02,8.96,5.54,1.67,85.036
6.03,2.73,1.09,6.38,7.21,3.07,4.0,7.75,1.9,1.21,7.1,0.4,118.560
3.88,7.07,0.26,1.42,0.93,1.82,4.4,3.65,6.26,8.97,3.89,7.98,43.755
6.84,8.25,3.27,6.96,0.49,0.7,9.1,4.01,2.09,7.01,2.37,2.68,97.249
2.23,6.51,5.57,6.27,8.06,5.69,1.36,8.82,0.03,7.62,2.07,3.26,148.230
1.82,0.18,4.54,2.56,5.9,6.42,9.65,6.53,6.83,7.1,7.48,6.19,48.926
2.0,9.84,5.03,8.25,8.49,8.18,2.33,4.56,0.27,7.6,4.71,6.11,163.370
0.41,6.8,1.1,2.38,5.98,3.74,6.27,1.37,5.63,5.7,5.82,6.29,65.669
6.9,0.11,1.56,5.14,6.82,4.7,7.46,8.79,0.85,0.19,5.65,4.74,91.149
6.82,6.66,4.92,9.21,9.72,2.04,1.84,1.39,8.52,0.92,3.93,2.68,204.201
7.79,5.47,4.96,3.35,8.09,5.51,1.24,2.19,3.5,4.2,5.88,6.41,150.171
5.65,0.01,7.27,1.41,9.98,4.91,5.64,2.61,3.4,7.05,6.97,5.11,94.964
2.1,1.43,8.87,8.42,0.31,7.78,2.36,6.28,2.41,4.23,8.0,9.51,88.167
8.42,6.49,2.2,8.27,3.05,7.11,3.53,3.66,7.19,2.25,4.36,6.15,130.951
6.2,2.75,6.34,3.01,7.58,1.69,8.02,5.5,6.46,9.75,0.58,2.73,83.444
8.56,9.96,1.17,8.46,3.79,2.08,8.72,1.18,8.5,0.29,0.13,5.76,138.405
8.95,9.45,1.62,6.51,6.07,4.05,7.36,9.19,2.2,9.82,1.76,8.34,94.776
7.38,4.99,0.22,0.64,1.19,7.53,8.75,6.49,0.5,8.3,9.21,7.5,53.865
7.41,6.45,2.49,6.47,5.65,2.29,2.93,2.56,3.66,5.58,5.17,3.27,132.758
1.81,5.36,0.03,4.76,0.25,6.85,0.82,0.6,2.12,5.2,6.89,5.81,88.899
9.13,0.1,5.64,9.55,6.62,5.59,1.57,2.91,4.76,5.13,9.97,7.82,113.899
1.17,4.93,8.7,0.42,4.07,5.51,1.31,7.37,9.76,5.49,7.47,7.22,64.215
8.21,2.66,7.36,4.21,9.51,0.6,7.52,3.74,8.16,7.21,2.73,2.38,102.552
9.37,2.86,1.2,2.84,7.45,4.72,7.16,4.99,7.53,0.05,7.55,8.61,79.242
1.85,6.73,0.66,3.29,6.15,5.9,9.57,7.49,4.97,2.68,6.74,5.41,66.685
8.77,0.56,1.21,0.45,5.37,0.4,2.32,2.7,5.27,5.42,4.46,7.14,61.369
3.75,6.91,4.04,9.21,9.54,8.72,7.25,0.04,4.67,3.53,4.57,3.0,182.871
6.34,7.31,4.89,9.68,3.19,5.68,7.45,4.77,8.69,3.35,7.36,5.91,98.828
7.84,8.12,3.97,0.11,1.37,4.66,2.9,7.07,0.13,9.26,3.9,0.31,110.607
5.0,9.47,2.51,6.35,5.04,6.98,6.21,3.18,9.23,3.06,6.93,9.04,93.891
4.24,6.17,2.24,6.1,3.08,2.11,0.96,2.45,9.47,1.29,5.49,4.82,97.794
7.56,8.94,4.59,4.05,1.64,6.41,8.2,1.23,7.52,1.84,1.1,1.85,152.668
0.83,8.02,0.21,1.53,3.8,8.96,8.55,0.29,3.84,5.91,0.56,0.84,116.808
2.71,7.3,2.96,6.17,4.46,2.64,1.79,8.02,5.24,7.1,0.14,2.98,103.839
0.02,8.79,9.26,6.48,1.86,2.18,4.36,8.75,6.71,0.37,1.78,8.19,94.794
1.81,0.27,9.59,1.48,7.36,1.17,5.17,6.09,8.24,7.03,8.66,6.33,52.216
6.21,6.78,6.9,0.77,7.86,8.77,7.26,3.57,9.57,2.04,5.05,7.19,107.526
8.73,2.11,7.83,9.35,5.54,7.02,0.55,8.61,4.99,6.06,4.19,8.73,122.487
7.41,3.73,3.9,2.59,3.65,6.56,0.55,4.05,1.42,1.14,5.52,9.57,125.124
8.29,1.0,1.05,6.43,6.47,9.57,4.78,2.78,3.36,5.64,8.53,1.67,122.608
1.04,2.66,2.76,4.04,3.09,6.79,3.62,8.68,6.75,7.77,9.92,2.78,51.569
7.13,8.18,3.69,5.13,9.95,8.35,9.58,6.02,4.88,2.44,3.54,6.3,129.518
9.53,9.1,6.53,7.67,6.17,9.42,0.68,6.51,9.67,6.74,4.9,0.25,168.417
6.93,8.98,3.81,5.31,3.06,6.69,3.18,4.75,4.73,7.69,3.15,1.06,141.612
2.96,2.23,7.24,2.02,1.49,1.35,8.15,0.4,1.06,2.87,7.22,0.49,85.636
6.91,4.73,4.18,3.37,3.16,9.17,5.41,4.51,3.84,3.33,9.57,1.71,111.103
5.28,3.74,8.12,9.85,4.16,7.6,8.77,7.99,1.36,2.82,3.21,7.36,122.977
8.57,8.38,9.42,2.47,5.2,0.94,6.59,2.22,7.5,1.08,6.37,6.96,113.867
8.27,5.49,9.79,6.82,5.39,2.08,7.47,5.97,1.0,0.67,4.14,4.74,157.732
6.85,6.55,1.99,0.53,9.68,1.97,8.37,7.64,7.67,9.54,4.95,8.48,59.100
7.5,2.55,0.92,8.55,8.13,9.2,2.48,10.0,6.3,0.22,9.87,2.01,119.333
1.84,6.65,7.09,9.89,4.02,1.92,4.81,0.85,8.74,7.22,7.27,8.85,83.227
6.07,0.5,5.27,0.79,6.46,3.6,1.72,1.24,2.29,1.83,3.26,5.15,146.482
9.94,4.92,9.94,7.22,3.92,4.98,4.26,0.17,4.81,6.61,5.2,8.48,138.571
4.74,5.22,5.49,0.29,6.94,8.74,6.35,0.24,1.85,6.45,9.22,5.75,105.224
5.92,8.41,7.95,3.96,8.73,9.48,6.47,2.15,1.08,4.97,7.11,0.48,199.686
7.7,6.44,1.92,0.19,5.92,8.36,8.4,4.52,4.22,2.65,5.45,8.66,90.059
7.08,7.49,8.38,3.25,8.05,8.33,5.09,5.56,5.09,1.06,9.76,3.72,140.621
0.78,0.47,6.46,1.84,3.17,6.19,8.41,5.91,3.15,4.08,1.81,2.16,74.099
6.66,2.75,8.03,5.41,8.5,1.29,1.06,3.02,4.17,7.12,7.32,3.38,125.201
0.28,4.27,7.01,6.69,8.02,5.59,2.54,3.5,0.13,0.91,0.44,6.83,222.021
3.81,7.45,4.51,1.3,5.17,6.16,5.51,4.89,5.39,2.61,8.16,7.36,83.726
3.35,5.86,0.03,2.96,7.38,7.51,4.12,2.18,3.29,4.16,0.01,4.28,150.166
1.99,6.09,6.45,8.96,1.12,6.6,2.18,0.16,3.22,0.4,7.96,6.07,156.128
8.08,2.01,5.94,1.43,1.43,0.07,0.09,1.47,4.4,1.19,7.2,8.11,84.417
0.47,3.27,3.59,9.71,2.64,4.81,1.18,6.64,2.26,7.88,4.83,8.22,78.975
0.54,8.91,7.1,9.41,0.8,7.34,3.46,3.95,9.14,4.94,4.23,5.13,110.535
9.38,2.8,7.69,0.44,3.41,5.0,0.53,1.63,1.29,4.43,9.63,9.66,105.705
6.34,2.85,6.44,4.31,9.48,0.29,8.2,6.7,9.86,8.25,3.03,8.48,66.734
1.42,9.55,0.23,6.67,9.64,1.68,0.02,7.26,7.84,1.04,7.53,5.36,100.482
5.45,5.8,4.32,8.1,7.61,5.63,0.1,2.25,3.39,1.61,2.22,8.04,209.597
8.42,0.35,2.89,3.44,0.06,2.75,0.59,3.02,0.46,6.49,7.39,1.77,90.822
4.65,9.54,6.3,5.5,0.63,2.65,6.9,2.67,0.44,0.95,8.53,8.31,105.288
5.32,1.3,7.97,1.05,9.85,9.98,1.38,1.04,3.26,7.42,4.34,3.1,172.687
3.61,0.38,7.42,2.97,4.7,3.34,5.61,6.34,9.63,7.45,2.47,3.96,63.226
1.72,7.01,5.26,0.09,2.92,5.37,3.9,3.94,5.94,8.95,8.63,2.65,65.775
5.9,0.17,1.85,3.4,6.65,4.0,7.06,6.41,2.81,9.94,5.5,5.21,59.491
5.72,4.94,4.18,5.69,3.04,8.94,0.44,0.13,4.43,1.44,6.18,5.36,180.812
4.62,4.77,1.62,4.38,2.41,7.94,2.69,6.3,0.9,6.25,0.39,4.38,123.099
9.11,2.42,3.62,8.5,0.19,1.93,7.79,7.51,2.43,1.84,2.53,7.07,88.344
5.52,6.47,9.94,4.09,6.2,4.4,5.98,6.99,3.33,4.41,7.14,2.71,119.830
7.12,8.61,2.75,2.28,3.59,6.4,8.84,9.5,2.15,8.47,5.12,1.99,85.251
6.48,6.87,4.58,6.61,7.93,9.11,9.32,2.39,7.78,4.98,5.52,6.01,115.500
9.35,8.93,6.75,4.62,8.51,3.28,9.38,2.76,8.9,3.07,3.29,6.21,123.297
9.61,2.75,9.53,9.44,4.36,4.22,6.64,5.05,2.01,3.8,7.74,5.42,130.170
6.34,4.48,1.32,1.41,5.53,1.14,7.04,2.68,4.81,7.85,8.18,6.31,54.841
8.2,6.67,5.41,3.48,3.02,7.05,4.31,3.68,2.7,7.41,2.82,8.75,114.021
7.02,6.49,7.92,1.94,3.89,6.62,3.8,7.75,7.99,4.59,3.0,7.81,96.966
6.76,7.63,5.32,9.68,9.89,6.88,2.84,1.22,7.19,4.39,2.55,4.01,207.928
3.95,7.24,4.7,4.29,7.57,7.76,9.69,7.15,0.5,2.56,3.16,0.87,148.391
7.87,2.76,7.23,9.0,8.07,0.83,3.5,4.03,8.77,7.2,9.92,2.73,98.921
6.96,9.29,5.64,1.19,8.48,5.6,6.38,1.23,0.49,3.6,3.94,7.3,161.988
2.82,7.92,4.34,6.16,6.99,6.94,7.3,2.45,9.19,4.55,9.64,6.36,89.061
6.19,4.79,4.95,5.25,3.76,8.5,8.68,4.35,5.37,9.24,8.67,2.88,85.328
0.87,9.53,5.37,8.31,2.9,8.31,3.22,2.14,8.96,2.9,3.4,6.65,129.410
7.51,7.59,4.63,1.72,4.8,1.83,6.51,9.79,5.4,1.82,3.09,0.55,103.387
9.6,3.94,8.83,6.63,2.22,1.7,1.32,4.4,5.74,2.64,0.78,0.15,219.029
8.9,9.92,6.65,4.48,1.07,4.15,8.21,5.6,9.23,1.68,1.91,7.43,103.259
5.65,1.65,9.65,7.32,9.61,9.22,4.6,4.79,3.24,8.16,1.24,8.06,143.237
2.82,5.16,4.99,8.77,6.74,6.07,8.98,5.59,3.62,4.45,5.76,0.98,117.597
0.15,9.1,1.66,4.45,9.49,6.01,8.99,0.25,9.74,8.98,1.18,4.4,92.010
1.69,0.48,7.37,4.96,4.04,6.1,2.7,0.19,5.41,8.62,3.15,2.62,108.594
7.37,9.53,0.89,8.87,8.11,3.23,0.67,5.53,0.9,0.75,2.14,3.89,273.775
7.02,8.69,5.88,4.36,2.79,4.5,5.08,8.02,5.72,5.63,7.56,5.64,88.287
9.6,6.21,3.79,6.9,1.52,6.78,4.6,5.98,8.15,6.03,9.8,3.19,92.185
3.91,3.89,1.22,2.68,1.21,6.89,4.42,6.83,1.35,2.29,1.31,8.49,80.194
1.3,5.51,9.27,4.27,3.13,9.03,2.69,9.09,4.79,5.33,6.9,9.87,84.070
2.91,1.24,8.65,3.52,7.11,0.6,0.01,3.65,0.54,1.59,6.03,7.41,124.961
5.68,8.01,0.35,4.18,3.32,4.97,7.62,8.6,1.2,9.03,1.31,2.47,87.694
1.01,2.56,5.1,5.15,8.01,7.39,9.11,7.86,3.91,5.42,6.34,2.62,82.870
4.15,4.85,5.58,0.61,9.5,4.02,7.34,0.29,8.17,0.14,0.04,3.99,143.766
6.99,5.39,7.81,0.06,0.56,7.52,1.69,7.71,2.4,2.88,3.67,8.27,106.424
3.37,3.91,5.6,2.44,8.23,0.95,9.49,8.87,3.99,4.68,1.86,6.71,68.820
7.89,3.15,7.77,9.07,8.56,7.64,8.01,6.98,8.45,2.86,0.52,1.84,153.803
1.63,6.88,5.86,8.29,7.47,9.4,3.72,6.45,0.04,9.04,9.47,7.72,108.480
2.49,7.67,5.53,7.29,6.64,6.32,9.48,2.33,7.18,0.86,6.58,0.76,132.181
4.34,0.09,4.38,2.33,5.15,8.88,4.5,8.31,9.03,7.77,2.09,1.0,76.972
7.59,5.4,4.82,9.38,3.75,2.64,3.76,1.43,9.12,7.33,2.87,4.63,115.237
1.66,4.77,4.26,5.85,8.53,1.45,1.0,2.23,3.52,4.74,4.77,6.81,114.954
1.9,2.85,2.78,3.29,8.91,2.45,7.23,6.38,8.54,1.11,6.75,4.91,63.517
6.58,4.61,1.79,6.1,2.47,8.21,4.29,0.2,3.58,5.15,1.14,9.31,125.729
0.6,8.48,8.07,7.85,7.66,0.79,1.55,0.94,2.53,6.35,0.83,4.88,195.843
9.41,1.41,3.04,9.82,7.05,2.52,8.8,6.95,6.75,4.85,7.04,4.14,86.296
7.6,8.84,8.29,3.71,6.61,2.82,2.02,2.88,8.89,6.88,3.21,8.84,115.740
3.43,2.73,1.33,3.22,8.09,2.66,0.82,1.58,0.48,9.14,9.14,9.35,70.338
6.06,9.85,7.87,2.65,0.31,5.18,7.35,3.82,9.91,2.24,4.01,5.73,96.552
5.35,1.19,4.86,6.07,6.75,2.63,1.37,0.88,3.54,8.3,6.96,0.46,124.826
3.01,8.98,4.6,5.51,4.86,0.57,4.39,6.58,1.58,6.38,0.76,0.96,133.317
1.7,8.43,1.76,7.63,6.56,9.3,4.82,0.01,5.93,6.41,7.9,4.88,118.130
1.9,6.37,1.57,0.69,9.38,6.78,2.68,9.99,4.71,6.65,9.61,6.85,65.918
1.17,1.41,2.23,3.82,7.78,8.65,6.07,6.2,6.12,8.6,0.87,3.34,80.321
0.93,1.26,9.62,7.09,9.68,4.49,5.89,1.66,3.3,4.71,3.11,7.12,128.228
9.7,2.73,6.6,4.54,8.89,8.22,8.75,6.53,2.66,8.51,8.71,3.92,104.094
4.0,1.22,1.58,1.29,2.96,0.58,8.14,0.38,4.04,5.03,6.03,5.91,39.384
9.8,6.9,2.24,5.43,6.79,0.95,0.23,4.29,2.98,6.04,1.6,3.99,167.852
1.2,5.96,9.58,1.39,3.15,8.21,4.57,1.48,5.19,1.97,9.52,3.06,114.347
5.97,3.41,3.06,1.52,8.97,4.44,6.96,6.54,4.29,5.04,2.06,5.26,90.779
2.51,6.67,9.25,1.93,6.81,7.43,4.62,8.35,8.34,8.06,4.27,9.97,79.340
1.34,9.16,3.0,7.76,2.95,5.47,4.92,3.95,6.03,5.5,3.44,5.48,101.228
5.91,7.91,4.96,3.86,3.93,9.03,8.88,7.89,6.25,4.62,9.42,8.74,77.729
7.15,0.58,6.31,0.87,0.58,5.73,5.31,0.81,0.6,6.05,9.81,2.33,85.187
3.79,2.03,4.6,6.63,0.21,8.47,2.1,7.21,7.0,1.79,2.37,3.92,105.494
8.15,2.66,1.41,7.28,6.7,2.09,7.33,9.37,6.31,4.89,7.13,4.34,71.857
6.41,5.72,4.66,9.01,2.67,3.81,8.78,2.26,2.0,7.13,5.16,8.78,94.635
5.4,2.34,0.59,5.36,0.71,4.53,4.55,1.03,5.96,4.46,2.4,8.1,71.434
1.38,4.13,7.36,7.17,1.54,1.22,9.31,3.1,9.86,8.23,5.3,4.14,57.086
2.69,5.61,7.67,6.83,7.95,2.25,3.81,1.51,6.64,1.31,2.33,3.41,173.593
1.87,4.56,4.95,9.82,7.76,7.8,3.19,8.04,0.06,1.52,1.34,2.28,223.737
4.47,8.73,0.23,6.5,8.39,9.64,7.83,8.84,9.73,6.22,4.31,9.74,81.337
6.41,6.22,0.71,9.67,9.78,1.27,0.92,0.05,7.7,1.79,4.18,8.57,146.747
4.16,7.03,5.2,2.43,0.85,9.73,9.03,6.27,9.15,9.67,4.03,6.49,65.860
8.33,7.11,7.57,8.65,5.67,6.68,3.55,3.54,5.33,1.5,0.41,4.73,230.902
8.33,6.66,3.79,7.75,1.86,1.07,5.06,7.68,5.26,8.32,4.56,5.88,80.141
3.08,0.55,8.82,8.14,6.26,2.18,9.24,9.8,2.45,1.69,1.24,6.09,95.149
3.34,7.15,5.19,3.84,2.47,6.87,0.43,5.87,4.54,2.33,1.9,3.86,152.456
0.19,9.68,1.42,2.08,4.22,9.92,7.57,6.85,3.23,5.28,6.04,7.49,75.453
8.66,9.98,1.98,3.13,8.67,8.89,9.24,3.87,5.63,4.34,4.09,5.85,125.106
5.07,9.53,3.15,1.57,5.61,6.79,4.85,7.78,9.41,7.79,9.91,5.21,70.567
4.38,3.69,0.51,9.66,2.33,2.29,8.02,2.26,2.87,9.42,3.46,9.98,63.482
3.48,5.27,4.32,9.04,8.94,8.94,2.68,7.96,6.33,8.46,0.14,0.99,150.565
7.58,9.94,4.39,3.51,2.86,9.35,2.83,2.58,6.29,4.22,1.77,0.7,204.622
4.79,2.44,8.41,3.19,0.86,0.61,6.84,2.98,4.38,2.77,2.27,9.69,70.169
3.57,7.15,1.49,6.83,8.61,4.76,7.08,7.27,3.52,3.34,0.58,7.72,109.827
6.85,8.14,0.88,0.17,4.91,7.69,4.9,6.02,6.57,8.22,8.14,6.64,70.734
1.31,7.99,5.76,1.27,4.38,6.69,5.23,4.02,7.94,7.61,5.03,7.69,73.028
4.88,9.51,4.19,2.53,1.69,5.61,8.57,4.7,7.83,3.38,2.42,7.43,82.756
8.98,0.44,1.08,4.42,0.06,6.97,2.63,0.88,6.38,4.48,0.27,0.58,144.218
2.88,9.36,5.66,3.24,2.16,1.63,8.23,4.99,7.47,8.79,5.62,8.98,56.556
6.42,1.36,3.4,6.05,6.68,3.54,7.45,3.23,6.34,9.08,0.96,1.37,96.553
8.56,5.39,8.62,4.88,7.66,2.1,7.49,8.54,1.76,9.75,2.34,8.77,96.274
1.77,0.18,8.99,5.71,9.46,6.37,8.55,6.02,3.39,5.43,0.06,2.41,125.599
6.66,2.34,9.41,8.06,9.87,2.07,6.88,5.39,9.02,2.07,6.59,9.49,97.388
2.93,0.32,6.91,1.43,4.71,2.82,6.39,7.01,5.82,3.92,9.24,5.91,49.935
6.42,1.89,3.6,8.92,4.67,8.14,7.53,7.75,5.47,6.29,7.84,4.79,84.800
1.91,8.19,4.1,8.46,0.05,3.0,9.99,6.55,2.26,1.33,2.02,0.38,114.115
9.98,7.89,8.03,2.29,7.67,7.77,8.52,3.05,2.82,7.85,5.9,9.65,115.454
5.79,7.89,0.18,4.36,1.26,0.37,2.47,5.17,4.77,9.86,9.52,0.51,61.455
7.41,5.19,3.95,3.02,2.31,8.2,8.95,9.79,1.79,2.87,6.65,3.78,88.915
0.18,5.09,0.03,3.95,2.67,5.44,6.29,6.26,4.15,6.89,8.54,8.4,42.832
5.89,5.77,0.7,6.6,7.81,0.83,8.54,2.8,1.59,0.07,7.41,0.36,132.884
9.17,1.19,7.95,5.01,4.05,5.73,6.91,3.36,3.55,5.3,9.15,8.92,89.002
1.68,3.86,9.9,8.17,6.72,1.78,9.75,1.15,3.07,9.46,3.5,9.04,89.269
6.86,2.81,4.99,4.12,5.21,5.84,7.12,4.69,8.83,3.94,9.72,7.71,71.007
6.25,0.72,8.3,3.45,4.9,7.74,5.25,2.39,6.9,0.15,1.31,8.12,130.017
9.95,1.58,5.8,3.3,3.33,5.61,9.39,5.52,6.23,5.68,0.21,5.17,91.832
8.76,2.51,6.92,6.99,5.37,7.96,7.62,8.99,6.0,9.52,0.03,7.17,97.915
0.68,5.55,3.81,6.27,4.79,6.15,3.78,8.0,4.93,3.67,7.6,2.01,90.864
7.13,1.5,7.66,4.41,1.26,3.69,1.97,7.8,3.04,9.53,6.56,8.05,69.418
9.24,6.04,9.43,9.87,9.71,6.85,2.81,8.95,3.62,2.02,2.26,5.56,202.776
2.92,6.87,3.69,0.77,4.61,2.74,5.85,6.9,2.9,8.67,2.55,3.0,72.313
6.02,8.27,3.54,2.34,2.38,3.0,9.35,2.75,2.85,4.47,6.57,4.93,82.633
9.46,4.72,7.41,7.35,1.08,7.92,6.43,0.19,1.87,5.07,8.01,9.06,123.865
1.82,3.7,6.46,8.21,4.08,5.8,4.51,5.52,7.04,9.63,1.1,0.47,106.367
1.11,6.61,0.03,1.61,2.58,8.13,6.9,2.91,8.79,8.41,1.0,1.68,67.599
7.64,2.05,1.45,4.13,1.37,7.37,9.4,9.3,7.96,3.77,0.18,7.41,63.151
8.48,3.64,4.09,5.51,2.51,5.98,4.67,6.34,4.1,3.11,5.5,0.82,123.105
8.16,1.87,1.95,5.7,2.03,4.6,1.63,7.96,0.44,0.46,5.16,1.61,140.846
2.42,7.7,4.69,9.37,3.3,7.19,0.89,0.51,3.38,6.9,7.42,0.34,178.344
3.1,3.69,5.43,6.56,4.89,6.42,8.78,4.36,9.16,0.1,7.09,2.15,95.101
2.79,8.51,1.83,0.8,8.13,8.22,6.84,4.41,2.98,8.1,9.3,0.75,93.515
5.73,7.25,8.03,9.04,6.19,3.97,8.74,7.0,7.04,8.59,0.32,5.48,108.179
6.42,2.56,9.11,7.32,7.02,7.83,1.38,4.23,8.59,8.48,7.14,6.24,111.647
0.76,6.68,5.29,3.72,0.5,7.36,2.61,5.64,5.56,5.02,6.48,0.86,92.893
0.68,8.19,2.38,4.52,0.23,0.04,7.48,3.36,7.52,7.35,3.87,8.85,41.738
8.37,3.17,2.67,6.75,5.64,2.36,8.5,1.42,4.08,7.6,8.25,9.13,74.295
1.28,8.19,5.01,8.89,6.53,8.17,4.31,0.43,2.17,9.18,2.35,7.44,147.102
4.87,7.72,0.72,9.75,8.38,9.56,6.18,6.58,4.49,4.31,5.49,9.25,112.948
7.89,2.91,5.77,6.41,7.32,1.63,0.59,7.06,8.69,5.44,0.32,5.25,116.746
6.94,3.34,2.38,3.73,8.83,8.93,1.32,7.8,0.68,5.71,2.38,1.78,173.615
1.11,7.64,1.7,4.76,4.69,9.74,3.28,0.12,9.01,7.13,6.26,6.71,91.172
3.86,1.65,4.61,9.05,3.77,9.86,1.74,0.48,5.01,9.9,1.22,5.89,135.314
7.83,4.42,3.26,6.41,4.82,7.21,3.41,8.47,4.12,3.83,6.14,3.1,116.787
3.59,8.68,2.72,0.29,8.32,4.44,2.82,0.31,8.7,8.16,1.55,9.73,89.671
3.53,2.76,8.51,7.39,7.42,3.13,4.23,7.59,5.22,5.43,3.68,4.53,106.714
4.39,4.28,4.08,0.12,8.18,9.72,4.58,7.24,3.04,8.35,2.44,7.8,91.988
8.58,6.89,6.1,2.92,2.95,0.14,1.82,9.94,2.59,7.25,2.27,0.04,115.349
3.58,0.1,3.13,1.48,7.89,1.57,7.84,6.07,2.47,0.91,0.8,4.13,79.883
9.55,7.08,6.07,4.53,9.43,2.61,8.33,1.23,1.51,9.45,9.94,7.78,102.694
7.65,3.88,7.89,4.17,6.88,8.18,5.42,7.24,0.89,1.56,4.42,0.28,195.103
0.9,6.64,7.34,2.67,1.45,7.99,3.94,7.54,7.32,8.1,7.46,7.3,64.786
3.32,7.69,9.02,1.7,5.96,4.41,9.4,5.17,9.62,9.25,2.57,6.66,75.228
2.7,3.27,1.18,8.55,1.34,6.05,4.75,8.83,8.63,6.59,9.35,8.02,50.011
5.69,9.01,7.98,3.2,7.82,1.85,8.27,7.84,0.43,2.38,6.61,0.85,134.761
8.76,9.14,9.28,8.42,7.87,9.63,3.24,2.34,3.81,9.29,7.71,4.79,170.301
4.45,6.86,8.12,8.87,3.79,7.51,6.14,8.69,6.61,1.79,7.18,5.48,110.337
4.76,8.33,8.08,8.44,0.02,6.44,6.5,7.51,9.08,6.26,7.87,7.24,81.129
7.64,2.76,1.5,5.6,1.41,2.03,3.06,9.32,6.8,9.09,7.41,2.43,54.946
7.17,4.29,6.42,0.1,8.7,8.33,3.12,1.46,6.53,1.42,3.15,4.65,172.209
1.95,2.73,9.65,4.38,5.0,1.32,0.83,8.94,2.42,6.69,2.26,7.83,86.400
6.31,7.05,0.11,4.24,5.58,2.61,5.85,5.63,6.76,6.68,2.66,2.94,84.862
7.63,3.72,9.65,2.35,3.68,1.21,8.08,5.46,4.92,5.42,9.08,5.8,72.859
5.71,4.35,8.85,7.37,9.29,2.34,7.04,2.2,3.06,0.27,2.41,5.38,186.198
4.24,4.2,3.71,8.18,7.32,7.5,5.6,8.24,0.81,9.86,4.22,6.93,98.570
6.38,3.92,4.47,3.79,0.44,3.27,1.56,5.87,8.1,3.09,9.2,9.47,59.721
3.69,4.74,4.14,9.79,3.46,9.02,2.12,8.28,7.43,2.25,1.43,0.22,160.331
4.32,1.85,8.66,9.03,8.56,3.08,7.61,2.74,2.55,3.1,2.47,4.0,157.988
4.66,6.73,1.61,0.17,9.48,4.67,8.21,6.72,0.02,3.2,7.43,5.28,88.529
7.73,1.44,3.41,4.42,0.65,0.39,1.58,4.65,2.4,2.92,2.64,2.42,108.609
8.96,0.91,2.14,1.56,0.43,7.24,7.99,5.59,1.86,4.24,7.69,4.46,66.730
8.49,8.21,8.31,3.41,9.86,9.2,4.45,5.68,4.66,0.33,1.21,0.22,286.888
6.08,9.69,3.91,5.43,3.92,1.34,2.58,2.18,2.51,7.49,3.49,0.93,158.342
6.89,1.23,9.5,0.66,2.48,0.24,1.07,6.16,5.0,6.18,7.5,6.2,65.400
9.36,3.72,9.6,9.41,3.91,1.12,9.17,8.69,8.01,4.72,9.55,0.25,91.904
6.02,1.0,8.54,3.26,7.44,1.99,9.42,7.7,1.29,1.11,5.29,9.84,81.530
3.1,0.96,3.91,1.6,8.55,1.93,2.55,1.58,9.67,9.86,2.73,6.26,61.409
0.98,9.59,0.97,2.25,3.22,9.6,0.73,0.1,4.07,9.38,2.8,0.88,148.163
5.45,9.93,3.89,7.11,3.6,4.36,2.21,9.15,2.5,3.03,2.8,0.03,174.138
2.52,3.78,9.02,8.57,9.96,8.4,4.86,3.98,8.49,1.17,9.65,9.08,113.484
0.58,7.88,6.41,5.23,5.6,7.47,2.74,3.26,9.08,3.7,6.32,3.79,114.815
7.36,7.49,6.27,3.54,3.4,5.05,8.86,6.06,6.21,5.55,6.48,9.39,77.814
6.54,2.19,9.4,8.84,8.74,1.68,4.74,1.22,4.24,4.35,6.43,4.64,145.941
3.72,2.18,2.3,6.02,3.34,2.24,0.05,1.27,7.93,5.89,1.07,2.96,103.286
2.57,0.83,0.35,5.86,4.99,1.37,3.09,6.92,6.46,1.33,9.86,3.38,51.450
9.72,6.86,2.33,2.32,3.53,6.14,8.88,8.71,4.29,8.23,7.07,0.18,82.709
5.93,8.45,4.01,6.18,4.69,3.6,7.26,1.99,9.49,5.43,1.52,3.11,114.097
9.42,6.48,1.86,7.23,1.23,5.75,0.41,2.47,0.69,4.36,6.83,1.13,201.196
5.46,3.04,3.99,6.11,6.73,1.39,7.8,2.98,4.53,4.15,3.71,1.12,110.004
5.83,7.25,7.6,4.08,9.57,8.1,3.88,3.09,3.57,4.88,5.9,7.76,145.908
0.07,5.99,2.9,8.2,2.34,5.53,9.53,3.17,1.18,1.39,7.11,0.1,111.343
6.61,2.05,4.38,6.89,0.83,3.14,5.7,9.67,3.39,3.98,9.87,9.75,56.421
6.46,4.23,5.7,9.45,5.93,4.2,4.15,9.15,4.81,9.5,0.71,5.18,107.373
4.29,8.37,7.13,1.08,0.31,2.08,3.79,4.01,1.75,3.94,9.47,7.4,76.614
0.25,3.52,5.21,1.82,1.52,0.3,9.36,9.41,2.85,2.7,2.32,6.21,38.417
8.8,4.49,6.46,4.58,6.58,6.39,2.37,4.23,5.65,2.22,3.77,5.53,156.920
4.09,9.13,5.93,9.83,7.19,9.76,4.47,8.82,3.74,8.16,2.91,6.69,132.021
8.85,7.17,1.36,1.41,8.07,7.9,7.83,0.1,3.91,2.01,4.66,1.7,171.994
7.61,5.08,2.89,5.71,3.39,3.48,7.12,1.48,2.38,3.97,5.59,9.11,94.975
9.67,7.55,3.68,1.66,5.9,8.66,8.71,6.34,9.8,6.72,5.09,1.02,98.514
2.56,2.66,1.01,2.06,0.97,7.62,4.88,4.06,6.75,8.12,8.18,8.61,41.576
3.26,0.14,6.18,5.96,2.55,3.18,8.6,7.0,0.48,9.29,7.87,1.63,60.998
4.33,2.89,5.79,5.24,4.04,3.92,5.91,3.27,7.61,6.71,8.8,9.85,62.183
7.3,7.49,5.48,6.31,3.26,0.78,9.49,6.61,1.32,7.57,4.62,7.96,81.501
2.11,1.77,0.21,0.5,2.34,5.6,1.94,4.89,2.89,8.1,3.54,1.31,55.271
2.53,7.89,4.48,9.24,4.49,7.63,3.57,4.14,5.06,4.27,1.22,9.46,130.808
2.03,9.21,1.19,3.41,3.41,7.98,9.66,1.41,5.62,8.82,5.13,0.13,88.495
9.54,4.03,9.77,5.0,4.16,7.44,4.39,9.87,4.57,5.94,4.17,9.34,104.336
9.32,6.09,0.52,3.28,8.89,8.66,2.27,7.79,6.18,9.18,7.55,3.37,101.156
10.0,0.22,0.26,9.18,4.62,7.22,4.85,2.05,4.69,0.87,9.67,3.01,125.298
2.23,5.28,7.38,0.47,5.93,5.36,9.25,8.11,7.85,1.56,4.51,0.75,83.203
4.35,2.17,9.03,4.36,7.12,7.17,6.12,2.56,8.56,4.79,8.33,3.28,101.665
3.38,0.61,2.56,6.05,7.06,1.71,8.69,5.74,1.05,1.21,1.13,4.48,95.830
7.83,2.14,1.08,0.11,3.6,9.86,2.06,8.79,0.09,0.32,1.48,5.88,132.223
1.42,2.9,9.54,7.76,8.95,4.48,6.28,5.7,6.48,6.47,9.19,7.69,83.832
1.36,8.85,1.09,4.46,5.72,8.36,3.65,0.6,0.38,1.66,3.14,6.37,188.861
0.37,6.21,7.32,6.19,2.3,5.25,9.43,1.84,1.02,5.92,6.81,9.98,78.971
3.69,2.21,4.16,2.84,0.77,1.56,1.71,7.44,1.09,7.84,5.65,6.02,51.193
1.07,8.8,6.86,9.46,7.47,2.03,7.92,0.37,3.13,9.62,6.34,5.27,109.311
9.8,6.1,8.48,2.76,5.5,9.24,8.74,1.55,4.22,1.67,9.62,4.74,137.132
6.85,1.57,7.58,3.27,5.49,8.15,5.99,5.86,3.81,4.91,8.14,8.71,87.948
3.18,0.96,1.16,2.4,1.41,8.26,4.71,3.5,1.34,7.98,5.9,9.24,53.168
9.6,2.83,9.22,4.53,0.74,8.11,9.28,7.25,9.05,0.94,9.36,3.02,90.051
9.4,6.82,3.64,6.73,4.02,5.35,9.61,2.28,1.96,4.1,1.17,7.0,137.672
3.5,3.78,4.05,4.83,9.72,3.09,0.05,9.05,2.29,5.52,8.11,7.36,89.469
5.07,5.97,6.55,5.78,9.68,0.95,2.09,0.58,4.5,4.18,9.01,6.55,126.347
2.99,3.99,3.23,1.89,2.61,6.22,7.19,7.71,9.34,0.49,2.09,1.44,74.062
7.43,8.68,1.7,0.91,6.1,5.87,9.73,6.66,8.33,6.43,7.09,2.73,74.908
6.38,2.58,2.82,1.07,2.53,4.35,5.58,9.26,9.91,0.5,0.84,8.31,57.355
7.31,1.86,4.43,9.75,0.06,1.45,3.44,4.59,8.01,6.23,7.06,4.31,73.900
9.1,4.68,4.31,5.89,2.46,3.14,9.54,4.43,6.65,4.0,6.48,6.5,78.670
9.71,1.67,3.49,7.14,1.7,7.5,4.66,5.22,3.34,5.45,7.13,8.1,92.065
1.29,2.13,3.24,9.21,3.11,5.2,2.45,5.29,5.8,9.14,1.16,8.99,73.652
2.45,0.94,8.21,3.77,3.01,0.49,8.26,5.71,8.43,5.21,0.49,8.27,51.883
1.68,8.63,9.6,8.12,3.76,8.33,7.13,0.43,3.11,0.93,2.43,4.64,214.890
5.66,9.61,5.6,0.71,2.35,8.6,5.08,0.71,6.37,4.35,3.93,8.17,113.702
4.55,0.02,7.2,9.16,6.72,7.01,2.73,9.34,5.2,7.88,6.25,9.86,84.004
6.05,5.2,6.57,0.56,0.56,1.86,6.82,9.54,4.74,0.83,9.43,9.59,50.794
7.77,1.2,9.32,4.91,8.96,6.7,8.61,7.65,4.57,3.68,7.7,0.65,118.259
8.86,1.63,3.11,8.88,6.09,2.55,6.3,1.86,1.73,6.48,8.47,2.49,113.868
9.1,5.92,4.69,0.19,6.14,1.26,0.68,0.62,7.08,9.74,4.68,5.83,95.355
9.26,3.37,6.14,3.6,6.05,3.67,6.97,1.69,3.78,2.97,6.04,2.16,135.917
5.94,3.37,7.95,9.93,6.58,3.57,4.84,6.75,2.86,5.33,0.69,0.35,179.347
3.36,4.87,0.44,5.93,7.26,8.76,5.51,0.37,1.69,1.5,8.59,6.81,125.133
8.86,3.37,0.06,4.59,7.98,9.34,8.16,0.53,7.93,3.47,5.13,9.19,99.390
3.44,9.48,4.74,4.83,3.99,2.1,8.45,8.78,5.3,6.93,0.61,5.74,79.810
4.61,4.23,8.95,9.55,1.56,8.15,4.22,1.52,1.8,9.87,0.83,2.74,176.597
4.53,8.06,6.74,8.38,6.58,7.47,1.66,7.45,6.84,1.85,8.14,3.77,140.559
6.71,5.91,6.87,1.73,7.14,6.81,1.98,2.96,8.15,6.01,0.83,6.23,134.442
4.28,1.02,1.04,2.05,0.17,0.42,2.27,3.12,3.87,7.92,1.2,7.23,35.064
3.81,3.47,3.08,5.98,4.11,3.78,7.19,3.15,7.54,7.2,6.05,6.16,64.977
0.06,8.81,8.91,8.4,4.26,4.65,8.74,4.75,2.45,8.28,6.06,5.99,96.747
8.65,4.37,8.77,5.36,5.3,5.09,7.66,3.73,3.73,3.94,6.71,2.97,130.619
5.05,1.3,4.69,7.77,0.64,6.45,1.7,4.45,0.04,8.64,5.69,8.05,90.655
4.36,3.08,0.23,5.64,6.03,1.18,7.68,3.12,1.22,9.93,3.42,8.66,60.300
3.68,7.05,3.5,4.97,0.02,3.22,8.4,2.25,4.74,1.18,2.71,8.54,80.661
5.35,7.87,2.48,7.14,9.2,4.3,8.99,9.97,7.56,5.94,2.57,7.69,85.066
7.51,4.08,7.55,8.69,5.22,3.05,4.08,1.95,9.55,4.25,5.14,5.48,118.555
3.74,2.91,0.64,1.65,9.8,4.86,1.6,5.68,1.78,3.52,1.82,1.85,145.231
7.33,6.12,7.37,5.67,0.42,7.68,9.93,5.25,1.64,8.29,4.56,3.99,102.763
7.64,6.58,1.77,6.15,9.82,2.09,0.35,1.32,7.82,1.82,7.38,6.03,137.743
0.69,5.08,7.66,2.2,1.89,1.13,6.04,0.83,9.57,2.16,8.99,6.03,55.473
5.99,9.58,2.9,9.33,5.59,7.35,6.02,5.56,2.55,6.57,5.3,3.75,136.941
4.99,7.79,2.65,3.56,6.81,5.83,6.09,1.88,4.26,3.49,1.74,9.6,116.888
9.73,8.51,1.71,4.99,9.72,4.82,7.49,8.2,3.58,4.16,9.46,6.11,101.231
0.94,9.95,7.16,7.47,0.61,3.82,1.53,2.53,0.46,3.21,0.01,6.75,206.694
7.47,1.42,4.34,5.31,3.48,4.47,7.3,3.04,1.32,8.5,1.7,4.01,102.397
9.57,9.96,4.66,1.82,5.91,2.28,3.74,4.95,6.61,7.21,5.62,3.48,108.194
1.87,5.82,5.16,3.64,3.04,5.37,5.49,6.13,1.45,0.17,4.06,5.46,109.402
5.98,4.96,5.87,4.2,6.14,3.77,4.81,3.33,0.94,8.66,8.2,4.57,101.344
2.97,3.31,7.72,4.15,6.96,6.02,0.81,4.16,1.86,5.71,3.09,1.77,178.908
4.03,7.17,3.9,9.73,0.52,0.51,0.67,8.93,7.59,5.55,3.58,6.27,79.349
7.2,10.0,6.76,2.96,7.97,2.69,7.97,6.07,8.99,9.51,3.51,8.62,84.128
8.06,2.32,3.08,2.78,9.28,8.49,6.99,7.45,5.96,0.49,1.7,3.67,129.513
3.89,0.7,8.59,9.93,5.21,8.37,9.37,3.73,0.98,3.31,3.99,4.8,140.145
6.68,6.5,8.08,5.33,3.8,3.85,7.53,1.39,7.97,7.5,8.66,6.96,85.579
3.19,4.83,0.68,9.96,1.99,8.06,8.83,5.51,4.98,6.82,9.82,2.82,74.033
2.2,6.14,0.46,2.04,2.94,4.2,2.81,8.74,0.43,6.75,8.58,3.15,59.028
6.61,5.04,3.1,4.68,7.38,9.42,2.94,9.4,6.9,0.8,4.48,2.43,134.434
4.6,0.16,2.28,1.58,9.47,2.19,7.84,3.33,8.02,8.36,0.28,7.42,57.532
6.39,8.11,7.05,7.03,9.61,1.17,2.41,8.54,8.63,7.21,0.12,2.38,134.380
5.27,7.33,6.85,2.16,6.26,0.31,9.51,8.7,5.05,3.62,5.27,8.24,69.770
6.68,7.78,7.47,4.81,0.84,6.92,1.29,8.98,7.2,5.86,6.15,5.33,99.109
8.56,8.63,5.02,7.66,4.83,8.36,8.95,5.5,8.56,3.24,6.56,6.14,110.552
7.75,6.15,6.13,8.01,1.97,2.01,6.94,7.03,7.24,1.9,1.18,6.23,104.915
2.15,6.23,3.77,7.5,9.15,1.86,1.46,0.43,1.67,5.83,1.87,6.08,176.817
0.86,1.65,2.06,7.0,4.31,1.45,0.29,7.08,7.41,9.75,9.02,1.16,49.928
3.86,0.28,4.16,6.69,0.41,2.6,9.33,9.62,2.1,7.83,5.29,6.5,44.259
1.42,5.38,4.65,9.7,0.03,4.49,2.57,3.76,5.94,7.04,6.17,8.25,76.104
0.06,5.06,9.01,7.07,5.12,7.76,8.19,1.78,0.34,7.99,7.93,5.04,108.986
5.96,9.69,5.66,1.7,9.39,0.66,4.12,1.87,5.84,8.41,1.44,1.32,143.739
6.21,1.69,3.16,0.17,1.25,4.04,9.91,7.96,9.63,5.51,8.39,5.45,35.261
9.12,3.36,1.27,4.41,9.55,0.67,9.2,2.27,5.39,0.45,7.95,6.82,88.466
3.75,3.34,8.69,4.45,8.55,5.37,0.52,8.48,8.26,8.69,0.08,7.52,101.788
2.4,2.14,2.35,0.1,0.78,9.37,1.08,4.5,8.58,1.09,5.99,3.88,68.232
6.32,5.61,7.37,1.73,0.43,5.03,5.35,3.92,6.7,1.36,7.93,7.07,81.936
1.34,6.77,2.85,7.45,6.01,4.87,7.16,1.91,3.67,7.52,0.42,6.67,107.093
2.65,2.55,3.48,8.4,4.03,4.63,6.13,7.96,1.47,2.93,0.39,6.15,102.837
9.7,5.26,3.47,5.67,1.72,3.13,5.15,4.77,2.65,6.18,7.42,0.8,107.341
5.58,0.03,6.91,3.02,8.48,7.57,9.74,0.75,3.2,3.22,1.03,3.8,145.308
2.92,0.18,2.77,0.15,6.9,4.66,0.74,3.63,9.3,9.19,5.24,0.65,61.148
8.72,7.21,8.99,4.59,1.49,8.69,7.94,3.12,9.31,9.13,9.18,9.76,81.936
1.95,0.36,2.25,7.06,0.28,3.41,7.03,2.83,0.58,6.87,5.88,7.14,50.478
7.9,4.28,9.38,1.83,7.99,9.78,6.59,5.16,2.35,8.64,0.61,0.85,170.083
1.42,2.47,4.18,9.62,1.05,1.21,9.23,3.9,7.09,1.64,4.26,6.18,61.765
2.09,0.53,0.96,7.09,4.67,3.69,5.0,3.53,9.31,0.81,7.92,3.53,63.223
6.76,6.19,6.59,1.12,8.52,6.81,7.96,8.26,9.05,8.12,9.88,7.02,71.565
0.27,5.58,3.21,3.02,8.71,8.73,4.89,2.21,8.41,6.64,9.4,7.67,75.268
3.75,3.66,5.06,2.14,4.84,0.78,0.26,3.68,5.82,4.87,8.61,2.87,77.480
0.8,1.76,3.51,6.95,3.16,3.19,3.53,7.9,2.58,9.33,8.16,8.77,48.100
0.12,5.04,1.05,9.13,4.72,5.91,7.41,3.02,9.41,9.02,2.16,3.29,75.692
1.29,0.3,8.83,7.86,4.44,8.89,5.88,0.73,1.19,3.95,3.55,6.22,146.887
9.84,4.09,6.72,6.71,0.02,5.87,1.86,4.2,5.91,2.98,1.53,9.33,128.826
0.65,8.09,9.91,8.72,7.56,5.33,7.53,2.66,9.28,8.9,4.28,6.82,102.002
0.21,8.49,6.03,2.6,6.63,8.55,3.96,9.4,4.97,4.41,0.43,4.69,116.691
7.62,9.48,8.07,8.58,1.94,9.18,4.86,4.1,1.19,5.38,8.93,0.84,177.352
4.07,1.06,3.02,0.01,3.21,7.98,3.56,5.93,1.5,2.18,4.05,5.76,84.204
8.73,3.13,3.3,3.29,6.86,3.81,3.9,3.7,9.69,3.6,8.16,8.56,77.426
9.7,7.92,8.32,3.82,2.83,1.91,3.91,3.47,9.26,1.74,0.96,5.64,138.110
1.84,2.33,6.42,5.04,6.09,9.35,0.43,0.46,7.01,7.12,7.35,0.69,134.735
4.32,3.19,9.71,1.02,2.84,5.49,1.98,9.95,3.97,8.75,4.29,0.29,90.900
3.95,4.8,5.48,9.35,4.43,2.9,6.32,9.22,4.99,9.97,0.02,7.81,80.642
4.17,1.81,4.39,9.26,6.38,1.22,2.75,4.98,8.48,9.17,0.24,0.3,105.054
6.98,2.43,2.79,2.55,0.97,5.71,3.83,0.07,3.86,4.47,9.1,4.98,81.452
7.6,6.07,2.71,7.81,10.0,7.79,7.07,0.37,7.15,5.22,8.06,3.96,131.888
7.74,6.55,0.98,7.5,5.21,7.89,9.88,2.76,3.03,8.88,1.95,7.06,106.883
3.75,9.47,2.61,0.81,1.88,0.79,3.11,2.79,7.25,2.66,1.36,1.23,104.946
6.26,6.06,2.78,1.87,8.77,0.34,8.22,6.39,9.17,2.3,7.51,5.57,66.599
0.84,4.96,9.79,1.17,8.37,10.0,0.87,0.87,4.21,3.55,9.77,3.34,155.374
4.81,5.69,7.61,1.96,9.82,8.8,2.94,2.48,7.03,8.21,6.71,6.86,113.030
0.9,4.11,8.97,6.79,1.89,3.98,4.63,9.41,0.56,4.44,6.57,5.61,85.330
1.36,3.67,8.38,8.19,7.84,7.2,1.65,0.11,1.59,9.37,8.95,5.05,137.126
2.31,6.84,6.86,2.78,0.22,8.19,0.27,1.08,5.84,0.55,1.66,9.39,144.758
0.92,5.17,9.73,9.12,7.44,7.77,2.01,4.05,5.13,5.66,5.12,8.06,133.700
5.31,2.83,4.45,9.42,2.06,3.84,5.27,0.03,8.2,2.14,0.61,5.74,126.921
5.26,10.0,0.63,9.7,6.99,2.49,4.06,7.85,1.44,8.03,7.0,4.4,106.986
6.07,5.18,4.13,6.33,5.65,6.96,4.45,0.46,6.35,9.5,5.55,0.69,127.111
1.71,0.98,3.58,2.01,7.4,4.49,1.95,1.84,4.26,1.44,4.87,3.0,116.187
3.83,4.37,5.03,1.0,2.74,7.07,6.43,0.04,10.0,1.05,7.5,1.72,89.903
8.96,9.53,8.29,8.96,6.73,1.82,2.43,9.64,6.73,1.44,1.56,0.36,199.865
9.2,6.3,4.0,0.05,1.67,5.74,3.86,9.97,6.55,4.19,7.96,2.42,77.139
0.54,7.99,3.39,6.67,5.59,0.97,4.77,0.27,7.52,8.18,8.49,3.81,76.120
8.19,9.04,7.34,8.1,9.91,2.83,3.79,5.13,8.23,9.21,5.12,9.89,109.766
3.28,6.32,8.05,8.7,7.17,2.12,6.39,4.33,0.8,0.37,8.28,9.49,120.162
2.9,7.64,6.69,5.95,5.54,0.96,8.91,0.27,2.85,9.79,4.65,6.86,89.049
7.42,2.04,0.73,9.29,0.13,0.37,7.84,4.99,0.87,2.6,8.97,9.12,58.098
8.95,7.53,4.49,4.03,8.0,5.54,9.52,5.55,9.4,5.54,3.28,0.28,114.805
4.32,3.93,4.39,9.83,8.03,6.79,4.97,4.43,5.49,4.02,2.4,8.98,123.110
2.53,7.47,5.66,9.61,8.96,0.03,2.98,2.22,1.43,6.07,6.2,9.23,121.792
2.83,1.81,5.93,0.6,9.14,3.95,4.37,5.07,9.01,4.96,0.07,6.6,80.652
9.09,4.41,6.58,7.45,6.18,9.57,6.0,8.95,1.14,6.95,6.95,2.21,134.410
7.76,7.45,1.81,3.7,9.4,7.48,4.13,7.63,6.93,9.43,5.98,2.4,103.014
3.28,4.86,4.39,3.3,6.68,9.75,9.75,0.36,2.42,3.86,2.67,1.05,160.418
9.41,9.11,5.38,5.78,8.04,1.12,5.56,2.46,7.87,9.74,9.18,9.43,87.794
6.27,0.71,3.54,2.36,9.79,9.14,4.13,9.07,8.51,7.6,7.18,2.34,81.921
6.12,7.56,1.22,5.5,0.08,1.64,8.54,2.36,0.53,1.5,8.6,6.07,80.145
5.56,0.5,7.17,4.6,3.42,1.46,9.72,8.11,8.71,9.72,7.53,2.0,49.596
9.74,1.07,8.56,4.61,8.76,0.84,3.31,0.4,6.46,3.76,0.02,7.01,160.210
5.36,7.45,8.8,9.46,5.18,1.87,7.3,4.77,7.68,2.71,2.06,7.87,117.691
3.23,1.85,7.29,3.84,7.1,5.6,2.91,8.04,2.2,8.72,2.5,0.94,114.224
8.49,5.24,9.14,0.01,1.02,1.14,4.29,8.81,2.39,2.96,1.27,7.55,91.823
2.22,3.65,8.18,8.89,5.61,4.38,7.58,8.77,8.72,6.62,0.35,4.02,91.320
1.55,1.85,4.63,7.38,7.47,1.71,0.76,2.37,0.26,6.34,2.93,9.54,110.766
4.24,7.35,9.35,2.38,5.98,3.24,9.57,5.23,0.63,6.6,8.5,0.55,104.698
9.98,3.01,6.58,3.64,2.77,3.79,9.26,8.91,0.83,1.09,5.72,3.65,101.052
8.43,0.38,6.73,1.62,3.51,2.03,9.82,2.4,8.78,0.71,7.91,0.83,74.548
8.08,6.19,3.2,9.88,8.91,6.11,3.15,9.04,0.89,9.48,7.25,5.39,120.369
2.11,3.62,3.43,7.74,6.55,2.56,9.4,7.82,0.13,2.79,5.59,6.86,79.810
0.26,8.69,1.08,0.84,2.31,1.78,8.02,8.26,0.16,7.23,4.03,7.25,42.804
9.41,5.47,0.41,0.39,7.94,3.94,2.89,8.04,7.93,3.85,0.61,3.2,103.922
9.3,7.15,2.94,9.7,2.77,3.14,3.23,7.17,9.34,1.74,5.47,7.49,101.626
1.92,5.29,5.5,2.56,4.94,1.51,6.19,1.68,3.11,8.97,1.3,0.2,101.259
1.03,1.17,9.72,5.22,5.86,4.2,5.36,5.64,3.34,4.25,5.73,6.17,89.210
4.93,5.47,9.63,7.87,3.05,3.23,8.14,1.19,8.53,6.75,1.65,6.19,105.331
7.2,9.68,4.1,5.03,9.22,3.37,5.77,7.57,2.18,0.94,8.5,3.83,134.074
0.3,2.56,8.35,4.67,3.41,4.82,3.71,9.39,8.94,1.12,9.12,5.77,63.364
9.03,3.69,3.46,8.62,6.65,7.89,2.6,5.51,8.39,5.39,3.28,1.48,147.617
6.07,9.32,4.31,7.03,8.52,0.92,6.71,4.97,2.09,5.56,0.54,4.47,148.603
2.31,8.33,9.93,0.93,7.79,6.08,0.73,7.26,1.8,1.24,2.55,1.9,228.488
0.02,7.78,3.1,5.16,1.28,9.22,2.49,7.53,6.55,5.16,3.09,0.2,106.155
4.46,1.91,7.26,3.18,4.73,4.88,2.36,7.14,7.96,6.2,7.65,8.67,66.083
3.37,0.78,5.3,9.06,9.62,1.0,7.34,3.34,3.37,6.21,8.96,2.65,91.403
7.17,3.59,8.39,6.42,6.8,9.4,6.79,6.01,3.68,2.5,5.92,2.14,154.475
0.97,8.04,1.55,4.34,5.98,0.67,5.23,1.77,5.59,0.31,5.67,4.2,94.642
5.93,1.74,0.04,0.32,0.44,6.11,2.25,9.58,5.23,0.58,5.74,5.78,50.000
7.21,1.16,1.0,4.03,3.44,3.88,4.35,5.92,6.58,8.66,2.5,4.84,63.075
7.09,1.77,8.22,6.78,2.91,6.14,8.1,1.81,9.31,2.79,2.35,9.36,97.598
6.65,8.75,1.46,9.2,7.42,1.1,4.31,3.75,7.51,8.15,3.48,3.03,114.390
9.36,4.52,0.16,9.07,5.28,2.69,9.84,1.47,7.38,8.94,3.9,3.97,87.549
0.52,2.52,9.92,8.44,1.88,9.4,4.03,2.76,0.86,5.37,5.07,8.5,122.903
4.03,7.26,0.32,3.63,0.2,4.87,0.92,5.79,7.13,5.68,0.51,5.6,79.243
6.43,9.88,5.2,6.84,5.6,7.4,4.21,8.51,6.55,2.31,8.65,1.5,130.318
2.29,2.64,7.04,0.72,9.8,8.4,3.4,3.07,2.1,4.52,8.74,2.28,128.121
9.35,5.86,5.76,3.91,8.2,0.65,5.64,7.83,6.62,9.41,4.97,0.61,96.152
4.8,6.55,1.07,9.35,7.6,3.8,3.49,6.79,8.45,3.63,0.41,9.05,104.243
8.67,9.62,3.06,8.87,9.47,3.2,4.39,6.1,8.15,1.0,7.38,5.39,132.336
8.12,6.61,5.57,2.74,6.03,5.84,7.45,2.58,6.65,0.01,2.49,5.23,143.015
7.43,4.68,6.91,2.18,6.13,0.98,2.46,2.75,7.5,1.49,7.07,6.82,100.783
0.51,0.43,8.05,7.62,3.09,4.43,0.36,4.26,1.47,5.61,4.34,3.13,125.874
5.7,2.53,6.34,9.31,8.24,5.2,7.07,6.93,6.66,3.78,6.13,5.89,102.359
5.05,6.86,6.61,3.44,8.11,7.36,2.97,1.45,1.76,4.32,9.49,0.41,183.480
8.7,3.68,6.17,6.76,2.5,9.17,3.73,1.9,8.4,5.81,2.65,1.2,156.100
4.92,8.74,3.43,3.34,8.51,3.81,5.16,1.44,2.01,8.99,9.98,2.05,110.530
5.07,0.26,0.85,2.42,6.77,0.43,1.03,9.68,2.96,4.47,9.56,1.7,53.741
4.75,9.85,5.3,5.72,1.09,1.99,0.04,7.39,2.38,3.26,1.21,1.04,187.337
6.06,1.02,8.99,1.32,5.74,6.91,1.06,9.55,2.49,2.5,1.59,3.17,147.544
2.86,9.32,0.32,5.35,3.93,5.4,3.23,3.64,5.34,8.71,5.2,6.09,84.384
5.62,6.08,6.58,8.86,8.39,4.09,6.33,8.99,9.64,8.47,1.85,5.65,96.799
5.79,9.08,1.91,2.74,7.26,2.62,4.87,3.35,0.92,2.52,4.42,2.88,155.063
8.63,2.25,3.28,1.3,9.02,4.61,8.07,1.93,1.56,6.53,9.67,0.13,104.303
7.91,2.95,7.95,6.18,4.33,0.31,4.56,5.41,5.67,3.57,0.26,8.71,105.145
1.4,0.66,2.32,5.99,3.27,1.4,9.82,1.14,6.7,2.59,4.22,6.94,47.883
2.51,6.92,3.72,0.31,4.92,0.43,6.95,2.69,3.89,1.31,0.59,4.9,92.523
0.84,7.92,5.61,5.42,9.83,5.51,2.21,1.24,8.37,8.0,1.85,2.33,146.375
8.06,6.78,9.69,9.41,0.48,0.87,2.06,3.62,8.02,2.54,4.89,3.37,144.041
7.83,6.74,6.69,9.23,6.97,3.18,6.71,3.89,0.21,6.52,7.02,0.04,166.626
0.07,1.77,6.26,5.09,2.1,9.15,7.4,1.26,4.98,6.75,2.76,5.05,86.667
3.63,6.56,0.24,2.87,9.76,5.62,7.42,8.52,1.6,1.8,5.9,2.37,103.875
0.66,6.94,2.14,5.49,6.6,6.17,1.58,6.26,6.39,1.22,3.9,9.19,98.108
0.89,2.74,4.2,5.97,3.22,9.53,1.28,3.3,9.98,8.69,4.14,8.78,73.403
7.15,5.42,2.88,4.02,0.86,5.6,7.87,1.76,9.68,5.52,3.54,5.01,77.681
0.3,2.04,6.04,3.37,8.68,2.81,2.99,8.08,8.64,5.93,1.16,2.77,78.593
4.42,5.12,6.87,6.44,8.09,0.63,8.49,8.21,1.03,2.01,7.79,6.6,92.499
2.3,9.75,0.2,4.91,6.6,2.73,7.39,6.7,9.09,8.9,9.95,9.41,51.497
7.77,4.18,7.42,1.99,8.96,5.93,1.21,3.14,4.18,0.23,4.38,7.65,174.363
1.3,1.11,6.81,3.38,0.73,2.94,3.67,1.6,8.02,1.88,7.66,7.58,53.502
6.11,2.99,0.21,4.35,6.16,0.72,4.24,6.11,2.46,7.09,6.9,0.33,75.710
8.81,8.51,8.51,8.33,9.39,6.35,9.53,4.78,9.07,9.41,4.48,6.52,113.953
9.98,0.2,5.12,1.96,0.83,7.64,2.46,7.16,9.07,9.32,9.46,3.02,63.547
0.69,5.22,3.75,3.07,5.0,2.68,5.7,5.35,0.79,7.21,5.32,4.43,70.868
5.44,1.74,8.7,4.52,6.63,5.7,2.34,5.82,0.12,8.03,1.88,6.8,130.972
2.59,5.81,4.12,7.25,3.59,2.6,5.07,6.63,6.56,4.96,6.72,3.04,78.714
3.99,5.67,6.69,7.1,2.76,5.53,8.85,7.1,1.87,7.01,0.6,0.55,122.171
0.14,0.93,6.7,8.22,7.01,1.77,2.43,8.4,9.06,3.23,9.83,5.9,63.758
7.65,2.3,7.12,3.0,1.79,6.82,7.81,6.2,8.71,5.92,0.35,5.34,83.542
6.23,2.08,2.11,6.91,3.89,7.55,1.43,2.51,7.35,8.77,2.81,1.37,118.688
2.65,0.13,3.28,2.83,5.69,6.79,6.74,9.27,0.87,9.9,9.66,1.93,55.695
7.77,1.07,0.39,5.33,2.51,1.26,1.81,8.81,0.66,2.91,1.81,9.3,72.451
1.09,9.18,5.84,2.44,7.13,6.03,5.93,3.07,1.15,0.4,6.89,7.29,128.225
4.29,5.51,6.07,2.21,3.35,1.12,9.27,4.26,0.91,2.72,2.31,9.89,76.805
9.47,6.22,0.39,6.13,3.66,4.86,9.96,5.11,5.68,0.34,4.92,8.05,90.223
4.73,6.55,6.24,3.25,5.29,9.48,0.02,9.28,2.18,0.73,5.8,0.42,192.838
2.1,3.87,3.78,6.29,3.72,1.78,6.13,4.56,2.81,8.41,2.34,1.17,84.736
6.72,5.19,5.33,1.57,7.09,2.62,5.84,8.58,2.3,3.97,0.9,0.6,128.526
2.18,6.1,3.46,5.18,3.09,5.03,9.38,4.78,4.94,3.02,4.44,4.62,80.308
9.15,3.77,8.0,5.82,4.02,6.23,4.38,8.39,1.75,4.07,8.61,9.35,101.204
0.39,2.93,0.58,6.7,6.43,3.96,5.93,7.1,6.84,5.06,6.65,0.77,64.884
7.63,5.71,4.84,2.1,5.67,6.89,7.42,2.2,3.79,5.48,4.37,9.98,98.797
9.54,8.86,8.18,2.14,9.53,4.5,7.49,6.65,5.89,5.85,1.6,3.96,135.973
0.95,1.84,3.23,0.85,9.93,9.24,0.94,7.03,7.51,0.55,1.98,4.41,116.146
4.07,0.15,3.98,8.14,0.46,0.34,1.54,2.7,5.92,4.82,7.21,4.37,64.533
3.3,3.61,2.01,3.3,9.58,8.4,0.74,1.55,6.2,1.22,3.49,9.54,132.806
4.82,7.69,6.09,6.63,4.76,9.64,6.38,4.73,7.5,1.68,4.84,0.67,153.605
6.6,0.7,7.73,2.76,4.28,6.06,4.54,7.3,7.55,6.14,2.11,7.49,80.074
0.12,9.83,2.3,7.03,0.93,5.44,7.59,3.22,7.19,4.43,7.62,1.43,81.480
5.58,8.87,9.82,7.75,0.43,4.17,2.93,2.41,9.72,0.56,3.74,8.85,129.812
0.31,3.77,5.4,0.02,7.09,3.2,0.56,6.03,8.69,8.66,5.62,6.06,55.559
5.32,1.07,5.94,5.11,7.98,8.82,1.59,9.1,0.21,6.92,7.95,3.34,117.623
6.78,0.79,1.69,8.11,6.39,4.17,3.74,0.42,7.04,7.82,9.91,5.93,80.120
6.28,3.98,6.96,3.45,2.34,6.76,7.15,7.62,1.51,9.82,9.41,7.75,68.816
3.93,1.76,3.71,7.35,4.82,9.88,0.29,2.44,2.01,3.1,6.2,8.48,139.654
3.64,8.71,7.04,6.54,2.78,6.27,8.5,5.32,1.71,0.43,2.21,3.48,161.570
3.74,5.04,6.86,4.19,4.31,3.51,9.63,2.18,3.66,8.47,6.83,9.84,68.087
3.89,7.58,1.24,8.55,3.33,9.76,4.8,1.5,1.99,5.37,5.27,0.11,180.410
8.15,9.63,2.41,4.08,1.53,3.25,6.12,0.9,8.71,8.72,0.9,6.61,90.895
1.48,2.5,4.83,0.79,1.09,7.46,1.77,2.48,6.58,2.18,4.57,4.48,82.276
7.6,1.57,2.24,8.88,6.88,3.42,9.53,9.19,7.91,5.98,4.96,3.08,75.252
2.92,4.87,0.95,7.08,8.85,5.17,4.32,3.61,2.35,5.75,3.15,8.62,107.338
0.08,9.77,7.2,5.67,4.63,4.58,2.49,7.08,7.25,4.49,6.78,9.1,85.856
1.63,8.2,2.12,9.43,3.01,2.04,4.91,6.76,2.64,6.95,1.71,8.09,85.093
9.85,4.5,1.57,6.4,1.39,8.37,6.39,6.81,0.87,1.18,2.15,1.65,168.399
7.58,3.63,6.28,7.05,5.51,2.94,2.82,0.07,6.55,9.43,3.79,2.24,132.490
0.63,8.46,7.11,4.46,4.66,5.99,9.62,6.74,4.22,8.59,3.34,7.85,77.577
2.48,3.97,5.95,7.01,0.17,8.52,2.31,1.84,2.95,7.85,5.17,0.38,137.073
6.07,9.92,3.32,6.7,9.35,1.02,1.65,5.94,2.58,1.53,3.34,8.58,154.022
7.3,6.81,0.9,9.6,9.89,0.35,0.31,0.58,9.69,9.98,5.19,6.79,107.099
2.59,2.97,3.71,0.77,6.5,3.87,6.3,3.51,9.25,7.36,1.05,1.51,70.428
4.05,7.78,1.26,3.72,3.42,5.49,4.96,6.29,4.07,5.72,2.5,9.23,78.486
9.3,6.27,5.05,7.98,5.82,2.73,9.56,0.82,6.96,8.25,1.59,0.8,132.773
3.17,0.72,9.88,0.98,6.2,3.72,4.35,0.06,5.88,5.72,3.2,8.71,88.360
2.3,2.61,5.27,1.59,5.88,1.75,9.96,6.86,7.33,8.15,1.62,9.25,44.939
3.44,7.84,0.3,4.95,6.83,7.39,1.63,0.24,5.55,7.23,0.47,8.55,129.911
5.83,0.05,2.17,9.95,6.73,5.24,2.02,1.6,3.67,1.74,0.96,4.6,205.415
6.71,8.14,2.61,8.0,2.55,7.3,9.52,8.63,9.75,2.27,6.35,3.09,89.144
2.74,6.74,6.35,3.93,4.93,8.58,3.52,6.69,3.96,4.52,5.86,4.16,115.883
9.81,9.13,5.24,4.08,6.21,0.37,9.61,4.04,7.45,4.16,2.59,2.8,113.670
5.71,0.41,8.63,2.01,3.1,3.15,0.53,4.93,0.81,8.52,1.49,6.31,101.859
5.98,5.9,6.45,2.22,1.96,1.04,3.85,3.74,0.9,4.89,1.02,4.59,124.013
9.39,3.49,5.1,3.69,9.82,1.96,9.36,6.47,1.69,9.45,7.97,7.32,79.153
9.72,7.17,1.63,0.94,7.91,6.23,8.78,0.42,8.26,8.58,2.6,4.26,102.128
3.76,0.17,4.67,0.95,2.87,2.87,3.08,7.24,2.47,3.36,7.84,8.79,46.644
0.66,8.66,8.9,5.69,9.71,3.06,4.19,7.37,3.68,2.35,0.02,5.21,160.736
8.73,6.59,7.03,2.97,8.66,8.35,2.57,7.16,0.18,8.37,5.45,1.71,166.392
3.0,3.0,6.16,6.44,4.21,3.15,9.34,8.39,6.92,7.65,5.71,9.04,55.175
4.98,1.27,0.91,0.9,4.52,1.95,6.99,4.64,6.96,3.29,6.48,4.89,43.699
3.62,4.14,8.43,4.21,3.36,9.61,1.51,3.46,6.15,1.92,8.08,4.08,132.421
3.8,6.62,9.05,2.36,0.51,6.31,8.04,0.44,4.97,2.21,7.11,4.22,106.150
1.6,6.79,5.58,2.37,9.84,7.04,2.44,8.96,6.3,7.9,1.96,1.94,112.610
7.33,7.41,2.09,7.82,5.36,2.11,7.7,1.24,0.07,0.77,6.11,4.63,156.530
1.49,5.31,5.38,9.39,1.46,8.58,9.05,2.32,0.04,2.56,5.5,4.96,129.390
4.8,6.81,6.19,6.41,2.42,9.75,8.4,7.48,4.38,8.37,1.05,3.11,110.948
0.14,6.65,9.02,5.55,6.68,4.5,1.06,6.61,5.53,5.07,2.16,3.55,135.696
9.41,0.79,3.46,7.46,6.28,8.99,1.21,2.05,8.54,3.41,5.62,5.68,137.269
2.95,4.03,1.15,6.6,8.21,7.46,2.28,8.56,5.85,4.66,4.38,6.2,95.208
1.23,9.66,2.89,7.82,4.54,6.86,9.32,7.44,4.58,4.46,1.28,3.48,107.984
9.56,0.37,3.3,3.91,9.93,1.38,6.04,7.28,2.93,4.66,3.28,6.38,93.065
5.6,4.76,7.8,0.23,1.62,3.58,1.76,7.06,0.26,4.42,5.01,1.54,117.656
0.91,6.68,3.6,7.6,3.23,0.48,4.88,0.13,1.1,1.24,8.52,0.61,136.529
6.98,0.55,8.17,6.82,9.99,9.81,9.07,3.13,2.3,1.42,0.71,2.46,221.687
4.69,6.99,5.68,6.89,8.11,2.47,2.87,8.74,3.4,4.2,9.0,2.05,115.102
7.16,6.71,4.31,7.2,1.91,1.35,8.49,9.81,3.13,9.42,3.6,9.13,65.718
9.24,9.65,6.88,2.93,4.48,1.66,0.35,9.12,2.04,0.43,8.26,4.47,141.224
5.98,3.81,2.13,1.46,7.98,5.44,9.14,7.79,2.03,7.44,0.67,1.96,92.318
5.78,6.0,9.71,8.13,8.02,0.02,4.73,7.05,1.08,0.63,4.46,9.3,138.202
8.32,5.49,0.8,5.4,4.62,8.04,1.43,2.2,4.32,0.28,9.96,0.33,176.404
6.02,6.04,5.97,4.68,9.39,4.95,7.17,0.8,9.79,2.89,0.93,7.85,125.892
9.01,5.78,2.83,9.6,0.08,5.97,3.34,6.59,3.5,2.96,0.6,0.86,186.387
1.9,1.55,7.12,0.38,9.24,9.96,5.87,1.19,6.53,7.81,8.68,1.19,96.418
5.76,1.35,6.64,9.11,6.93,1.71,9.83,8.3,8.6,1.9,9.99,0.57,80.378
7.61,9.83,6.03,5.83,2.61,5.97,6.21,0.16,5.08,6.94,5.76,9.67,112.005
9.38,0.73,3.03,8.94,7.32,5.57,4.76,2.27,4.95,3.18,1.81,0.52,199.943
2.41,1.94,5.78,0.25,9.47,7.34,7.59,6.09,8.07,9.82,1.77,4.04,72.739
2.87,6.75,7.96,2.1,4.39,8.29,1.9,2.76,5.34,9.04,9.38,9.16,86.110
4.72,0.51,3.98,2.23,2.02,4.38,2.62,2.5,6.4,8.72,9.09,3.6,54.176
0.39,5.41,2.19,1.6,4.02,5.47,9.54,8.76,3.99,6.55,2.65,7.2,49.315
6.22,7.4,9.33,9.12,1.3,7.04,3.18,8.31,8.13,4.76,6.6,1.62,123.957
6.58,2.9,5.31,8.04,0.3,1.45,6.22,5.11,8.52,0.3,7.27,9.06,67.379
9.5,5.32,6.46,1.49,1.71,4.35,2.07,3.68,9.32,4.22,5.63,8.92,85.195
9.93,8.22,1.88,9.56,9.51,5.97,1.36,1.02,0.11,7.07,8.94,1.7,223.119
9.5,7.03,1.58,8.38,9.47,0.43,5.64,4.64,1.68,7.59,2.5,6.16,128.997
0.89,8.19,8.84,2.05,3.71,1.86,8.86,3.68,4.95,2.44,9.08,7.1,70.728
3.95,8.84,9.44,0.41,2.4,8.61,1.2,0.63,1.55,7.44,3.07,4.52,182.781
3.25,5.57,3.44,5.32,5.59,7.23,3.05,1.25,4.32,6.22,2.74,8.26,117.647
1.12,2.97,4.6,2.84,1.22,6.23,2.6,4.73,4.21,1.87,1.6,0.51,122.294
4.1,5.16,5.88,3.52,1.12,1.3,1.74,5.01,8.48,4.31,2.43,0.15,95.298
6.29,9.38,7.54,4.08,5.21,0.55,1.27,3.53,4.33,7.44,2.93,6.19,128.649
7.67,2.28,8.04,8.27,3.34,9.17,3.0,8.06,2.76,3.99,1.99,7.29,143.116
1.14,9.99,2.06,7.4,3.2,6.02,8.05,6.11,5.56,6.85,5.05,2.86,86.456
5.4,6.98,4.02,7.17,7.29,7.97,7.86,2.43,0.95,4.53,0.84,9.74,147.362
9.4,7.93,6.95,8.03,5.28,6.1,7.55,4.31,9.14,4.48,6.84,9.81,103.703
1.41,4.84,6.63,3.06,2.63,0.84,5.93,3.55,7.25,0.81,3.55,9.91,62.613
3.06,9.26,7.08,5.26,9.73,1.3,5.8,5.34,5.96,8.99,9.77,3.88,89.809
2.31,8.52,4.09,9.3,3.38,7.41,8.93,3.08,5.6,3.09,1.48,1.51,147.784
7.26,1.64,1.82,3.87,0.11,1.76,7.93,0.38,1.53,9.14,6.04,4.78,55.235
8.65,4.27,4.18,0.86,3.94,0.62,4.39,1.48,8.95,6.2,9.5,0.6,72.365
8.51,3.86,6.33,4.65,1.89,5.03,1.0,1.85,5.18,7.75,2.57,3.7,137.279
2.04,2.15,7.16,5.46,3.72,3.74,2.78,1.65,2.77,2.97,1.36,9.83,113.624
0.02,3.86,5.67,3.71,0.81,7.19,4.19,6.2,4.11,6.47,1.13,4.53,79.835
5.19,3.34,9.23,3.53,4.41,0.32,4.95,1.75,1.29,0.3,6.21,5.46,130.361
3.21,5.15,1.44,1.81,6.37,5.64,9.49,0.79,3.9,7.55,4.66,5.1,75.008
4.38,1.87,1.14,1.4,0.87,3.05,8.66,7.53,1.9,2.66,7.02,6.16,37.459
6.54,7.88,5.34,2.73,0.94,1.82,6.78,1.23,3.39,9.28,3.26,2.69,94.818
2.91,8.28,8.57,2.65,4.56,9.65,4.23,4.86,5.65,0.78,9.0,4.46,126.363
9.05,7.3,0.46,1.88,1.02,0.15,9.79,4.24,7.21,1.76,9.66,1.08,58.862
8.65,1.87,1.93,7.46,5.7,8.94,4.6,3.97,8.67,6.57,3.0,3.83,112.761
5.76,1.2,8.29,1.94,2.49,0.71,1.33,7.76,3.75,6.42,8.04,1.14,71.695
8.05,7.58,2.54,0.29,0.62,5.77,9.9,1.84,2.3,1.96,8.22,1.21,97.719
2.17,3.12,1.98,7.1,3.15,2.41,3.84,5.41,8.96,0.39,1.96,5.82,75.550
3.42,6.55,4.9,5.64,5.08,5.33,1.44,9.76,6.2,0.94,9.04,8.5,86.176
8.65,7.2,9.4,6.96,1.09,5.11,2.38,7.35,2.78,9.8,2.95,0.53,148.934
0.29,4.15,2.06,0.08,1.74,3.1,4.14,3.31,1.44,3.13,2.01,4.39,61.998
5.15,8.67,7.39,3.37,1.68,1.68,7.95,3.26,2.57,3.97,7.14,4.35,95.554
0.94,6.64,8.36,4.4,5.67,8.57,4.6,4.25,8.66,9.33,4.13,0.03,111.548
5.4,1.92,1.77,6.55,5.38,0.42,0.42,8.6,5.95,3.41,3.48,2.04,89.707
4.66,2.22,8.11,3.95,0.22,5.9,8.73,0.28,7.4,4.11,5.6,5.89,78.288
8.87,7.72,0.69,7.24,3.44,3.3,1.26,2.75,9.13,5.04,4.87,8.19,100.064
6.8,0.35,2.79,3.87,4.42,2.25,7.6,6.61,1.63,3.55,6.86,9.37,57.496
9.31,5.69,6.64,7.19,5.29,1.58,2.72,3.85,5.47,0.62,7.8,5.71,136.416
2.93,3.42,4.45,4.93,4.33,0.13,2.94,6.34,9.1,7.93,1.9,2.31,66.153
8.7,5.32,4.2,3.97,4.65,9.6,5.45,6.99,1.88,1.02,4.14,3.72,157.069
1.69,4.58,4.35,9.57,6.02,1.98,0.88,8.19,6.28,5.32,5.58,0.49,105.423
0.47,8.58,2.16,0.85,7.58,9.77,3.02,0.57,9.0,9.45,5.31,7.7,83.909
3.0,0.2,5.73,8.35,1.43,8.07,7.94,0.46,2.48,8.77,1.21,1.97,117.302
6.49,5.65,1.39,6.12,0.47,8.95,6.5,5.6,2.45,4.08,5.06,8.58,90.084
5.72,3.39,9.0,8.42,5.72,4.6,0.76,3.25,0.07,7.78,6.66,6.21,149.009
4.06,8.15,6.39,5.96,2.05,0.85,1.26,4.02,3.83,3.2,2.59,6.56,127.959
6.26,6.82,1.78,3.21,4.0,0.47,0.72,7.56,9.92,4.81,2.84,9.78,63.261
6.09,5.87,1.81,8.47,0.91,5.16,2.17,1.81,1.37,1.14,2.2,5.89,194.170
6.46,6.89,7.84,0.79,3.33,9.24,3.55,0.29,1.5,7.37,8.13,2.76,146.398
1.44,0.25,9.64,7.75,2.98,5.18,2.27,6.78,8.79,6.22,2.8,4.09,88.013
7.37,7.74,3.4,8.47,5.16,3.7,9.19,8.93,2.0,5.92,4.5,9.84,88.757
4.33,6.32,3.03,7.69,7.7,8.98,4.26,3.15,7.73,6.95,2.16,1.89,145.562
2.39,4.46,3.27,2.93,5.36,5.82,1.39,6.27,2.69,9.08,5.79,8.1,72.719
1.51,2.18,7.2,9.14,2.71,0.43,9.64,9.94,3.13,4.08,0.61,5.54,70.340
1.07,6.53,5.18,3.21,7.26,1.25,5.57,3.63,4.62,9.9,5.41,6.2,69.346
1.47,7.38,7.79,1.23,0.68,5.3,2.89,4.98,3.83,4.83,4.44,7.21,84.634
1.86,9.43,2.4,6.78,8.08,3.72,1.9,3.05,7.68,5.06,1.96,4.38,134.290
3.68,5.63,3.29,1.77,0.31,5.43,3.37,8.65,4.45,6.56,2.51,6.07,63.619
7.14,5.39,9.56,2.75,1.94,1.15,4.73,6.08,3.59,1.37,4.85,6.94,101.343
6.79,2.63,7.96,5.94,2.79,5.18,6.05,4.73,6.23,4.16,5.67,9.47,86.175
7.6,6.51,5.77,4.27,5.78,6.5,5.13,4.15,1.97,8.72,2.73,1.74,149.059
0.49,2.57,2.45,3.17,2.1,4.79,9.4,3.97,3.91,8.47,3.52,4.91,45.553
3.32,4.17,2.55,6.08,8.08,9.09,6.82,1.48,2.97,3.34,6.71,3.94,131.789
4.34,8.1,5.39,8.13,6.62,8.21,3.46,9.13,0.96,8.29,1.71,0.91,166.762
0.95,8.41,9.74,9.08,8.5,1.99,9.1,0.4,6.44,4.6,7.66,5.69,114.104
6.09,4.94,3.2,8.11,8.75,2.09,9.26,2.96,2.77,8.12,2.97,7.29,99.431
2.88,1.49,4.66,2.26,9.45,9.7,6.44,7.22,9.14,8.01,5.22,1.96,80.126
4.8,9.62,5.56,7.94,0.35,2.56,1.24,9.93,6.57,1.97,0.15,2.9,135.457
9.49,7.68,7.9,0.72,9.21,5.39,1.96,8.52,5.74,7.04,6.52,2.47,125.240
0.16,8.8,8.61,3.77,7.86,6.5,0.27,7.16,3.72,1.12,9.94,9.63,112.123
3.42,6.34,9.93,8.71,6.26,2.68,9.53,6.04,9.31,0.46,6.54,0.28,116.107
2.82,9.68,2.97,7.04,4.56,5.39,7.39,4.54,1.68,9.75,7.13,9.14,81.908
3.78,5.77,9.67,4.72,3.88,6.37,7.25,1.95,3.14,9.81,8.85,7.1,89.738
7.28,6.78,7.02,0.09,2.01,2.92,2.93,9.34,6.6,4.04,9.31,9.96,61.878
9.82,4.2,2.58,3.46,3.28,9.45,4.42,5.32,4.96,5.23,1.11,0.62,151.385
0.57,0.14,0.78,3.85,4.44,8.91,5.9,8.72,2.56,4.09,8.8,8.75,48.145
1.28,0.09,6.58,2.02,3.01,2.46,7.26,8.69,5.64,4.2,8.42,1.34,43.432
6.5,1.17,8.53,3.76,0.93,0.88,0.31,6.17,1.11,3.69,6.08,0.87,119.419
5.08,2.31,2.86,0.06,8.29,6.6,6.5,0.71,9.83,6.66,6.75,6.37,68.441
9.19,2.42,0.25,0.26,8.32,2.29,2.3,3.78,4.58,6.51,7.8,4.08,78.244
9.37,1.84,9.57,1.02,0.57,4.31,4.77,6.23,1.79,6.45,5.77,0.73,103.652
7.03,3.17,4.78,6.18,7.79,8.87,1.96,9.55,0.54,3.61,5.24,3.86,152.746
0.53,0.11,7.72,4.24,5.12,9.64,5.2,5.5,6.9,9.87,7.32,7.87,64.135
8.66,0.11,9.32,9.65,0.27,0.59,1.45,2.88,6.4,0.69,9.74,1.74,124.891
6.97,9.29,2.98,9.3,8.66,3.34,4.0,3.34,5.04,8.79,1.28,7.81,133.972
2.43,0.86,1.63,9.87,6.95,6.25,9.02,5.34,3.78,8.31,5.45,7.45,71.131
1.29,5.0,0.74,7.14,1.73,2.04,5.63,9.18,7.25,0.7,6.74,1.98,56.989
0.94,1.22,7.39,0.4,7.27,0.35,6.18,2.43,5.97,9.91,9.0,3.84,47.067
2.73,8.58,9.75,5.79,8.76,1.54,9.17,8.97,0.66,6.51,4.41,0.09,124.623
0.09,6.9,3.4,6.67,3.97,9.72,0.06,8.24,6.19,9.78,8.81,3.41,84.270
1.34,4.15,6.67,5.78,2.92,8.07,7.33,3.31,5.42,6.82,8.9,4.34,80.094
2.25,3.73,8.91,5.18,7.42,6.02,7.91,5.06,2.26,4.72,9.44,3.55,101.730
5.92,2.42,9.7,6.66,0.12,0.59,1.86,9.05,5.15,3.94,9.91,7.54,67.850
9.13,6.52,7.77,2.18,2.82,9.32,3.68,3.0,0.14,6.69,5.12,9.08,136.196
3.72,6.43,2.16,1.79,9.07,7.43,0.29,9.08,9.1,0.42,8.75,7.57,86.907
5.28,3.88,5.77,7.51,3.15,7.15,3.18,8.13,9.6,0.09,0.12,1.04,147.744
7.83,5.93,6.59,5.94,0.57,5.25,7.55,2.15,4.64,5.32,8.94,9.0,85.399
7.85,8.67,7.17,3.64,4.58,4.64,5.7,3.93,5.13,1.28,3.92,4.67,148.396
9.95,0.48,8.8,2.96,3.03,7.55,4.71,2.0,3.75,8.68,7.69,7.91,94.329
6.48,9.28,1.09,8.21,5.35,5.16,1.68,4.79,5.07,4.47,6.62,3.82,134.480
1.11,0.37,5.71,0.97,6.94,4.71,9.37,7.22,9.97,3.58,4.31,5.24,49.912
9.88,3.7,3.92,3.93,9.62,4.26,6.26,9.22,7.57,5.33,8.43,7.81,79.135
0.12,5.34,0.15,1.56,8.6,7.07,7.57,8.06,3.16,8.78,6.23,3.49,61.250
3.76,8.49,8.8,9.73,4.68,2.32,4.25,3.63,4.63,7.21,3.42,3.99,139.255
8.6,0.1,9.35,5.21,6.31,8.05,6.34,2.12,2.06,2.82,6.27,7.36,139.488
2.05,2.03,4.94,5.69,3.04,5.16,3.1,2.27,8.6,7.72,4.44,7.99,67.145
9.24,9.4,9.4,5.39,3.52,4.39,7.37,7.18,9.42,4.94,1.1,1.1,132.883
2.72,4.9,8.98,9.55,6.06,7.69,5.68,0.32,6.81,9.07,4.58,1.58,142.297
6.86,3.11,7.75,0.94,2.14,4.17,3.27,4.14,6.19,1.76,3.63,2.5,116.194
5.9,9.8,3.8,9.07,1.25,1.53,2.17,1.64,2.27,0.88,2.43,3.95,235.007
9.82,0.73,9.97,0.67,5.24,8.48,8.1,6.69,7.96,9.33,3.93,1.43,93.243
6.79,1.18,3.56,9.69,6.57,7.78,3.81,8.11,2.27,0.96,6.6,5.76,129.298
5.93,0.37,6.69,7.73,5.44,5.13,4.33,2.39,1.88,2.9,7.7,7.38,117.720
6.87,0.73,1.67,3.48,5.45,0.84,4.8,8.38,1.7,3.54,2.53,4.34,75.287
4.06,9.34,7.41,2.78,4.65,4.6,1.26,5.19,1.18,5.11,5.61,9.36,118.513
1.97,5.32,0.96,1.27,0.12,3.07,3.68,7.75,6.27,3.82,4.88,4.07,41.713
9.28,1.16,4.92,8.15,3.55,0.61,2.05,7.87,9.74,0.83,1.22,0.7,123.472
7.17,6.21,1.94,2.43,5.71,6.52,6.21,6.52,5.66,1.46,8.62,6.62,85.437
4.27,1.1,0.55,4.31,7.22,0.45,2.21,7.7,5.21,3.19,2.33,4.86,70.196
0.11,0.18,5.77,8.1,1.04,1.53,3.81,0.09,0.41,0.53,1.29,6.46,132.883
1.27,1.78,0.67,2.74,6.3,3.76,7.86,5.69,9.66,4.31,3.04,3.37,48.688
8.44,5.23,1.2,3.79,4.5,8.42,3.66,3.8,4.65,1.66,2.92,7.16,132.411
8.31,2.87,2.66,8.97,1.88,1.4,4.0,8.04,1.13,7.57,4.01,0.16,104.737
7.7,4.03,6.26,9.8,6.59,4.06,6.21,1.21,2.86,0.83,0.84,4.93,227.725
2.52,6.99,1.49,4.89,2.5,4.39,2.67,0.86,1.33,2.8,2.15,8.68,123.202
0.06,0.2,8.02,8.17,8.96,7.3,5.37,6.13,1.23,9.79,5.6,9.08,87.930
1.39,5.28,4.31,4.11,9.77,1.71,7.18,0.72,6.45,7.0,0.2,6.77,93.821
9.0,6.71,0.7,1.57,8.95,3.23,4.5,3.18,0.46,0.59,0.25,4.66,221.114
6.27,5.84,7.11,3.82,7.33,6.41,1.45,9.32,6.89,1.05,1.0,4.9,149.451
6.19,3.96,3.01,5.37,2.98,3.17,1.78,2.48,5.22,2.59,5.51,1.78,127.479
8.17,9.29,2.93,2.91,1.2,4.39,5.84,7.99,4.64,5.74,3.71,7.08,82.543
8.23,6.69,3.32,9.42,6.99,1.45,0.3,5.91,6.36,1.24,0.11,3.6,206.050
2.16,7.49,8.24,0.78,0.32,8.68,7.83,3.92,9.18,0.79,4.83,8.39,79.193
8.32,5.5,3.09,9.01,2.87,2.04,0.26,0.06,2.99,5.81,9.61,6.54,122.002
3.85,5.9,6.6,6.15,0.33,3.38,2.07,2.9,9.2,3.99,1.85,1.04,124.513
1.03,1.89,4.12,5.9,5.09,2.55,2.94,1.97,6.51,2.58,4.03,3.6,95.146
6.57,1.61,4.39,5.84,1.12,8.95,6.9,3.73,6.09,5.51,1.76,0.79,114.931
6.14,1.28,4.01,0.51,4.92,5.05,6.03,7.39,8.86,0.32,2.23,7.66,67.436
4.5,0.47,5.89,9.02,5.33,8.3,9.57,3.02,2.48,6.35,6.49,3.18,107.784
6.31,5.97,1.73,8.05,5.11,0.6,3.07,6.32,1.71,3.56,2.61,7.48,112.202
3.88,2.98,0.47,9.72,0.95,7.19,6.39,5.81,4.82,4.22,4.35,0.1,98.054
2.37,4.36,6.69,1.95,7.22,4.38,2.76,9.43,5.49,2.38,0.69,7.41,95.774
7.24,0.75,0.75,1.31,9.93,5.56,6.17,0.92,4.0,8.09,3.6,7.96,83.084
5.14,3.65,8.56,9.98,2.21,9.25,6.5,4.72,2.44,9.86,6.86,9.8,96.541
8.74,9.77,4.7,4.52,3.71,8.02,5.38,5.43,0.7,8.11,4.35,7.94,123.660
8.62,2.62,2.62,1.38,8.42,0.73,2.81,0.72,2.1,6.46,3.0,2.36,139.771
5.3,5.93,0.15,2.34,6.81,5.13,9.85,9.93,3.21,5.7,9.48,5.71,58.478
6.39,0.13,4.2,0.33,8.36,1.95,5.49,3.48,8.7,1.3,5.16,4.49,74.633
3.44,0.62,2.13,5.51,7.77,9.35,8.07,8.89,1.97,0.66,5.88,6.85,89.171
6.66,8.12,1.89,7.29,8.03,7.08,6.67,6.29,4.21,9.17,4.86,1.31,120.178
4.43,9.09,3.96,9.91,8.0,5.26,3.91,8.35,2.5,3.37,8.53,4.26,131.468
1.47,1.82,4.9,5.48,6.03,4.99,9.76,1.46,6.7,9.67,0.27,9.74,65.665
0.3,2.4,3.96,9.91,5.81,6.11,8.94,9.16,5.85,7.2,5.28,3.42,71.493
4.4,3.36,6.26,6.14,2.46,0.53,9.13,8.01,6.1,8.15,9.94,4.9,50.076
9.01,7.61,3.99,4.3,8.94,1.34,4.97,2.15,8.18,8.32,3.06,8.7,99.463
0.49,5.22,0.76,9.05,8.65,9.78,4.21,5.45,8.09,0.4,8.07,9.28,95.634
7.99,0.25,9.1,6.45,9.92,8.16,0.55,5.34,6.42,0.2,9.05,1.61,180.708
7.3,3.27,8.63,0.36,9.01,7.3,1.29,6.53,5.77,6.14,4.81,5.64,118.854
0.06,7.54,7.84,7.44,6.33,0.99,2.78,7.74,9.33,0.67,6.41,0.09,111.769
1.8,9.94,3.59,3.89,4.1,2.84,4.23,1.53,3.31,4.63,7.76,7.52,90.269
5.98,7.34,0.63,1.03,2.32,1.52,2.95,2.97,6.92,1.06,8.41,4.31,70.699
5.47,7.5,1.39,0.47,2.9,2.11,3.41,8.1,8.18,6.09,4.62,1.54,62.116
3.77,2.78,7.36,4.58,0.57,4.8,2.63,8.58,8.56,3.82,1.77,0.52,92.195
9.71,5.21,5.05,5.86,9.52,4.62,1.46,6.14,9.29,7.12,8.42,2.3,115.088
1.73,8.44,7.92,0.49,9.51,3.05,7.29,2.25,2.76,4.43,4.37,8.87,103.904
8.36,3.85,5.87,6.04,3.95,0.27,2.95,4.2,9.18,5.61,9.2,2.23,84.927
9.76,0.38,7.68,7.43,9.48,2.89,1.21,0.69,8.05,2.55,4.94,3.11,183.066
8.07,5.7,9.98,2.02,8.77,9.28,9.29,2.71,8.37,0.93,1.98,7.15,144.003
6.51,1.53,5.43,5.29,6.8,2.47,1.61,3.43,3.05,5.66,3.78,2.94,136.932
2.99,4.21,7.93,8.39,1.82,9.4,0.33,8.59,5.33,1.84,2.22,7.15,136.449
6.81,1.9,4.13,0.23,8.03,3.44,4.31,2.9,1.23,3.7,9.49,2.32,102.463
3.75,2.15,8.81,0.73,8.83,6.05,1.19,9.21,7.08,7.58,3.03,7.28,85.722
7.32,5.18,9.13,9.64,2.91,0.72,7.98,9.46,0.03,3.17,5.57,6.02,108.284
1.22,0.13,5.79,8.21,5.77,3.3,2.26,2.47,7.48,3.71,8.26,3.33,88.768
8.03,3.09,4.53,8.29,8.97,6.76,4.97,1.65,0.01,8.88,2.53,0.77,210.898
6.53,3.06,6.91,2.68,7.01,5.32,7.17,4.29,0.68,6.63,9.83,5.79,91.625
5.36,1.7,5.91,5.9,3.91,4.55,4.44,1.77,3.58,2.82,7.75,7.05,99.708
9.99,1.17,0.78,8.38,1.78,2.59,8.79,3.66,3.43,5.48,1.68,5.54,86.389
4.67,0.34,1.17,7.95,0.93,7.46,7.63,9.09,4.41,8.9,9.06,5.43,50.584
2.88,9.69,1.1,1.61,6.4,4.64,2.42,2.22,6.1,0.32,6.33,2.59,131.732
1.26,9.94,4.75,6.03,0.44,6.2,9.76,9.2,0.61,3.49,5.46,6.52,81.678
5.86,0.1,5.37,1.16,6.91,1.26,1.68,4.47,7.45,8.78,5.72,8.95,55.762
1.98,4.31,8.81,0.75,0.81,2.19,2.11,6.12,6.51,3.31,7.79,3.4,64.466
8.83,8.31,9.75,1.79,7.18,9.44,4.62,2.21,3.06,2.69,3.41,8.36,186.037
0.94,9.33,1.91,1.8,2.43,5.5,9.02,5.39,4.31,0.95,1.12,8.36,75.163
3.94,7.44,10.0,6.53,6.12,8.27,9.77,9.04,0.62,5.59,8.03,8.76,101.172
6.0,7.22,0.29,6.25,0.43,3.0,3.24,8.77,2.27,1.26,3.64,2.02,109.387
8.72,8.42,4.96,5.61,5.34,6.83,5.05,0.48,9.05,7.18,6.31,5.42,119.080
4.5,4.33,1.92,4.08,3.44,5.46,8.61,5.18,9.51,7.2,9.13,5.39,52.710
6.98,4.1,1.19,0.1,2.43,6.53,4.59,3.26,0.69,0.67,3.25,7.03,109.441
0.16,1.77,0.88,5.55,8.35,9.42,0.79,9.95,7.96,3.31,0.68,7.18,87.479
1.84,7.73,1.97,9.62,4.65,6.37,1.1,7.22,3.84,9.31,3.37,4.47,109.792
8.26,9.68,0.44,1.34,6.23,2.71,3.78,8.68,7.44,8.72,9.25,7.33,63.407
4.29,1.55,0.3,1.26,8.48,8.91,1.96,6.55,3.5,6.02,2.63,6.03,92.881
1.8,7.02,0.93,1.91,3.14,2.46,6.51,0.81,1.0,7.83,9.57,9.82,48.565
4.62,2.03,6.84,8.97,8.48,0.64,9.68,1.96,1.24,9.17,1.05,1.29,129.479
1.67,7.84,3.53,9.46,5.89,7.2,1.54,8.65,3.28,2.46,9.27,1.94,131.135
7.52,7.87,9.18,1.12,3.26,4.61,7.52,0.14,5.56,5.94,2.82,0.3,150.628
8.44,2.15,0.9,9.25,6.15,1.44,6.16,6.08,6.52,1.73,2.81,5.28,99.125
9.96,2.22,3.8,1.66,5.17,1.14,2.67,2.4,7.12,8.04,6.57,7.89,69.040
9.02,6.05,1.04,2.46,8.11,2.29,4.17,9.24,8.84,9.18,6.31,1.22,74.358
2.57,9.86,0.41,6.04,6.31,7.94,7.81,7.74,2.86,2.06,6.31,4.08,107.356
4.15,0.07,2.21,9.5,2.53,1.05,7.88,1.38,2.32,8.17,8.02,5.07,59.409
8.11,7.09,7.63,3.91,7.58,9.98,5.54,7.84,0.4,6.33,6.62,5.65,136.813
1.23,4.76,3.86,5.9,6.07,9.63,8.53,6.5,7.24,8.02,8.55,1.73,77.520
1.96,6.97,2.76,2.61,8.55,9.87,1.0,1.23,4.46,5.64,6.66,3.83,143.383
1.06,3.63,8.26,5.91,7.78,3.97,6.3,5.17,9.88,9.38,1.02,6.38,80.278
9.07,0.46,6.67,4.33,8.55,9.73,2.39,8.34,1.2,1.98,4.06,9.04,143.688
9.62,1.65,0.34,5.35,6.09,7.8,9.17,4.09,4.89,6.94,5.26,9.76,76.913
3.01,5.08,7.81,9.92,1.32,7.14,3.94,7.24,9.38,6.34,5.84,4.42,92.250
6.88,6.94,3.45,1.15,9.91,8.37,3.63,4.5,5.07,5.64,5.43,0.56,147.805
1.45,5.26,4.1,8.8,3.9,5.37,4.84,7.04,4.77,8.77,7.06,7.26,72.672
3.04,4.01,4.0,3.51,4.84,4.52,2.63,8.24,7.91,8.01,7.67,4.05,62.114
0.8,2.61,3.57,1.63,6.91,6.55,0.08,9.48,4.18,9.09,4.26,2.86,73.689
3.07,5.59,7.56,7.3,2.24,3.94,6.06,9.02,5.23,3.98,0.94,5.39,96.995
8.79,2.99,4.2,8.54,0.38,2.33,6.43,8.3,4.64,2.18,6.37,2.75,88.784
8.9,0.32,8.93,3.54,6.2,2.61,5.19,7.65,2.05,0.04,6.86,5.75,110.748
9.07,1.34,7.03,8.06,3.74,3.64,2.8,6.98,2.49,8.81,7.72,5.91,94.728
2.34,7.04,0.28,4.11,1.96,7.11,9.21,0.69,8.32,0.94,8.43,2.45,76.032
2.54,5.19,3.01,5.69,9.67,4.17,6.25,5.45,7.98,4.57,1.11,3.74,104.021
6.37,8.78,4.65,2.07,0.94,8.85,9.97,7.43,4.64,2.48,6.45,0.27,101.344
4.66,1.2,7.52,7.09,5.96,0.61,8.88,0.85,0.44,1.7,3.95,9.24,107.901
7.59,9.0,1.42,3.1,1.18,1.98,9.88,1.2,7.62,8.57,6.27,7.2,59.573
4.16,9.93,0.47,2.09,1.03,6.95,1.02,0.83,7.24,4.91,1.27,5.41,119.101
2.31,2.23,9.43,2.98,0.91,1.42,9.99,7.42,2.29,7.17,6.02,0.19,58.283
9.25,4.3,1.55,4.8,3.53,9.46,1.5,7.8,9.87,0.48,3.49,7.73,106.544
8.96,1.42,1.18,7.55,8.21,3.65,2.86,2.72,5.29,3.33,3.57,2.55,152.411
7.4,4.6,8.29,6.57,6.16,2.86,9.49,5.98,4.75,7.35,9.5,0.52,95.451
2.02,9.96,0.95,1.43,0.65,5.38,3.36,4.61,1.09,4.27,0.78,8.75,89.195
4.06,3.72,9.32,2.53,6.5,3.2,1.79,6.78,8.34,9.82,6.37,0.68,86.827
8.95,3.05,1.24,7.1,3.65,3.17,8.18,9.04,7.61,0.11,6.7,5.45,73.227
8.81,0.41,8.83,8.57,2.42,8.49,7.14,6.53,7.59,2.87,4.15,6.72,107.229
8.35,8.65,4.78,9.82,5.28,5.64,5.29,6.48,8.89,2.36,2.52,7.62,128.227
4.05,9.4,4.13,7.75,7.95,1.47,4.52,0.33,0.77,1.23,8.7,7.9,148.188
3.58,3.94,5.94,4.15,7.56,0.31,3.81,4.81,0.93,2.55,4.48,3.34,127.912
0.47,5.62,5.63,4.15,0.18,8.93,2.68,8.57,7.38,5.99,1.48,1.39,90.869
1.14,6.44,1.33,2.71,1.82,2.23,3.55,2.11,3.47,1.69,7.15,4.73,69.031
0.21,6.75,6.67,3.29,2.16,0.46,0.42,9.6,9.08,0.57,6.24,8.35,57.034
2.73,4.61,9.29,0.04,9.52,1.94,7.92,7.71,7.71,2.94,1.6,6.1,82.784
4.42,7.48,2.77,1.26,8.29,5.58,6.38,1.85,3.78,1.68,4.25,6.72,120.843
7.46,3.2,0.87,5.76,6.25,5.29,2.21,7.33,0.07,9.83,8.28,5.12,87.789
3.02,3.32,5.03,3.33,4.25,3.82,6.65,0.39,2.4,5.38,1.63,2.52,120.032
6.66,4.64,8.89,7.41,9.53,0.92,3.85,8.05,2.71,5.51,4.22,8.34,116.432
1.86,0.24,9.83,6.99,9.78,0.2,2.95,5.52,0.94,5.41,1.71,3.54,143.996
6.85,7.72,7.69,0.36,1.7,8.07,0.15,2.48,6.01,1.34,4.71,0.12,218.704
8.97,2.22,0.22,5.09,7.37,5.73,2.74,4.37,2.57,9.93,6.11,6.09,93.052
3.24,3.63,9.35,6.5,0.54,4.52,8.49,6.63,0.84,0.47,0.7,6.73,116.429
0.67,6.52,6.93,1.89,2.48,4.59,8.72,2.1,5.67,9.52,3.67,4.68,67.171
4.42,9.22,7.85,1.39,6.94,8.55,1.23,5.54,4.92,9.35,0.67,8.82,125.680
3.44,4.56,6.75,0.56,3.76,8.49,1.87,8.26,0.45,3.1,7.42,2.12,118.691
2.06,2.54,4.28,8.57,5.23,1.76,8.82,0.4,4.34,5.87,4.32,3.84,88.583
9.93,6.67,8.05,0.47,5.49,0.08,3.42,3.02,3.83,6.86,7.01,0.94,122.368
9.04,1.22,0.59,9.93,3.46,6.27,8.12,6.06,4.83,1.19,6.74,0.68,110.463
1.61,8.63,7.79,7.75,5.03,0.89,5.81,3.05,2.82,4.77,0.82,8.73,121.923
0.15,8.37,2.08,0.27,3.03,5.59,4.57,3.94,8.44,8.1,8.18,9.14,46.000
0.93,1.27,0.55,2.17,7.14,8.52,7.09,4.81,5.71,4.06,2.49,5.19,70.119
9.76,2.9,3.09,9.05,9.87,0.62,6.47,3.06,1.07,4.17,7.22,2.45,144.394
9.05,6.06,7.6,8.77,8.25,5.34,0.5,1.01,4.67,8.09,1.05,7.58,196.812
0.34,2.1,8.44,7.05,0.12,4.16,5.6,3.3,1.48,2.61,1.33,0.86,146.311
9.33,3.41,6.67,6.85,4.4,2.75,6.44,6.17,8.37,2.96,5.39,3.21,102.674
5.89,2.66,1.39,6.1,1.15,4.31,0.44,2.62,3.01,8.92,5.12,6.49,80.827
9.8,9.66,1.73,2.73,6.65,2.44,7.39,4.97,5.96,2.6,1.93,8.92,103.903
9.36,4.61,7.25,9.89,2.0,9.86,7.57,9.43,7.35,2.57,9.17,2.16,112.340
5.2,3.36,3.7,2.84,0.1,5.78,4.06,8.1,0.41,3.24,9.64,6.07,66.561
9.93,5.65,2.18,9.56,2.41,2.33,2.66,6.25,5.42,8.65,9.94,8.01,78.329
5.16,9.3,8.8,3.48,6.59,9.11,9.8,6.35,9.35,7.35,8.3,1.65,99.159
5.54,1.18,4.01,1.45,3.59,2.67,6.64,2.06,9.15,3.06,9.68,8.62,47.029
7.37,8.64,4.88,8.9,7.49,9.83,1.28,3.63,1.88,4.99,9.05,5.29,180.360
5.93,0.16,9.28,4.11,5.57,0.57,8.45,1.66,4.55,2.82,6.8,3.54,92.092
9.91,0.7,5.91,4.06,9.23,1.83,8.53,1.71,6.1,2.91,2.48,1.12,138.468
7.69,3.49,6.13,6.73,8.04,7.91,8.67,1.04,7.61,3.93,5.35,5.5,124.579
8.29,9.31,8.94,1.04,0.67,7.58,6.09,10.0,5.93,9.54,5.51,8.56,78.523
9.31,4.65,0.05,1.52,4.65,1.7,7.61,8.73,3.02,6.38,2.65,9.86,57.203
3.65,9.32,7.69,9.02,9.31,2.16,5.71,4.21,1.88,5.21,8.15,0.99,157.361
5.18,5.95,1.03,7.85,7.62,3.55,1.55,3.76,5.08,0.11,9.33,4.06,130.515
6.78,1.44,9.68,5.96,7.7,2.48,7.2,0.98,4.08,6.32,6.94,5.64,109.243
0.41,6.5,2.91,2.35,5.08,2.33,8.77,0.34,5.6,7.48,6.2,5.98,56.968
4.25,2.47,7.52,8.47,2.09,2.77,1.7,0.4,9.18,9.49,9.47,9.5,69.376
2.07,7.09,9.49,2.41,3.61,2.0,1.96,6.41,4.13,8.92,4.39,9.01,76.594
2.02,6.9,6.23,5.21,2.34,0.04,3.23,1.01,5.67,2.04,1.56,5.15,121.865
5.11,3.52,3.95,1.24,6.7,5.25,0.59,4.5,8.58,3.89,9.39,4.13,82.915
7.35,9.77,7.21,6.44,2.21,2.8,4.0,4.77,3.92,9.89,8.72,0.92,111.049
3.68,5.17,5.5,2.86,7.59,9.46,8.56,0.47,4.58,1.3,0.34,0.66,215.336
2.89,0.61,7.47,7.65,6.68,8.46,4.63,7.29,7.83,2.93,8.46,1.82,102.427
2.73,1.63,6.51,8.67,9.46,0.35,0.22,9.79,4.98,9.22,4.87,6.3,82.956
5.44,3.99,4.25,3.08,2.37,1.89,6.56,7.27,9.47,3.38,5.54,1.98,61.462
8.18,4.7,7.17,1.06,8.01,5.84,8.45,4.29,7.36,5.38,9.09,6.89,84.322
3.94,0.06,7.12,5.8,8.61,7.67,3.98,1.56,6.35,7.59,3.76,8.73,103.847
0.35,9.75,5.93,4.34,0.3,3.39,8.93,8.53,2.38,1.27,6.31,7.73,68.450
6.29,7.55,2.98,8.6,8.79,2.2,1.69,6.11,4.76,5.44,9.16,9.9,98.246
9.72,0.73,2.47,0.03,0.34,4.69,3.33,9.41,3.24,9.86,5.05,6.25,48.411
4.62,0.05,6.08,3.54,8.84,9.34,3.57,3.72,7.54,8.61,3.26,9.35,90.069
4.05,9.8,7.69,5.68,3.49,9.67,2.16,1.5,5.31,8.28,9.16,9.05,113.875
0.24,2.34,4.04,1.75,5.73,2.72,0.92,0.87,1.48,7.7,0.35,2.19,124.500
0.78,6.5,7.66,3.29,2.4,9.52,6.38,2.14,5.77,8.18,4.05,2.75,103.006
2.85,6.58,3.03,2.9,5.67,4.9,0.79,4.02,3.31,4.94,3.8,5.56,115.656
8.45,2.63,0.37,2.09,0.49,7.27,2.92,2.73,5.13,3.75,2.36,6.69,90.331
6.48,3.09,9.92,3.12,2.59,5.45,9.42,9.04,9.54,3.46,3.07,3.98,79.590
5.5,2.09,4.33,4.53,7.0,7.83,2.15,3.81,6.09,4.89,7.76,9.5,91.462
9.73,1.31,9.74,2.84,6.55,3.32,5.36,1.66,4.36,6.31,7.61,5.4,109.088
9.85,1.33,3.2,7.83,5.53,4.06,5.52,0.33,8.53,9.49,0.74,9.79,92.442
4.75,2.44,1.98,1.25,4.64,6.91,3.65,7.59,0.55,2.96,2.86,0.05,124.405
4.24,3.61,3.55,3.29,7.34,8.57,3.82,7.91,0.93,3.67,6.64,5.64,106.956
6.64,0.74,5.95,3.05,3.92,1.61,3.49,7.81,8.83,1.16,5.55,3.24,72.839
9.52,9.82,8.31,8.01,7.85,4.77,2.89,6.42,5.06,7.44,9.79,5.66,129.576
9.34,7.08,0.15,2.08,0.65,2.76,2.16,0.52,1.37,6.98,2.07,3.74,130.998
4.29,3.18,4.66,7.13,1.33,1.02,5.45,8.78,7.86,3.05,1.34,7.75,63.132
6.33,3.07,5.37,8.13,1.97,7.95,0.02,0.4,0.42,4.87,4.96,9.32,164.182
7.43,6.05,4.84,8.08,3.93,3.96,8.79,1.85,1.49,9.95,5.03,9.83,92.826
4.68,5.21,2.22,2.32,1.49,3.17,9.7,0.19,8.48,9.98,2.69,8.23,48.612
9.99,1.88,4.01,1.34,1.28,4.23,7.16,6.39,3.73,4.84,6.62,5.6,66.191
0.89,8.73,5.01,4.12,6.27,5.6,1.19,1.89,0.39,4.25,7.59,3.69,161.158
7.46,4.42,3.13,6.6,0.58,8.18,0.4,0.67,5.71,0.65,1.52,4.05,233.615
3.86,2.88,3.0,7.41,2.66,8.31,4.73,7.95,4.38,1.91,3.84,9.21,87.820
2.18,0.17,7.8,6.47,5.52,0.45,1.45,7.17,9.69,4.6,9.67,1.36,66.559
9.55,6.1,6.16,4.17,6.44,5.97,4.22,6.08,3.82,6.59,5.4,7.98,112.614
4.82,5.47,4.55,1.22,3.27,3.41,8.42,2.62,7.28,1.8,4.9,8.99,66.863
3.89,5.8,4.68,7.49,2.76,7.12,4.55,0.25,8.26,7.12,9.69,3.5,95.115
1.76,6.28,3.32,9.48,8.56,2.19,8.8,3.05,7.75,8.76,3.12,5.07,86.430
4.1,5.95,0.65,6.62,5.24,6.0,9.12,1.9,3.01,4.41,9.51,9.29,76.692
5.4,9.1,2.05,3.26,1.37,6.54,2.62,9.59,9.37,3.0,7.89,3.62,76.808
0.26,7.69,7.69,9.27,8.29,9.36,0.26,2.64,6.32,6.63,6.84,3.67,161.457
9.27,7.27,1.44,2.69,8.85,5.5,8.18,5.83,1.65,2.32,1.63,1.18,168.446
9.65,8.46,4.16,4.02,4.12,1.2,9.6,7.2,5.3,7.03,4.91,1.46,89.042
6.99,9.53,0.7,2.79,1.45,7.25,2.48,7.98,0.12,8.7,1.45,3.78,117.136
2.72,3.42,5.86,4.34,7.76,5.02,1.37,2.52,3.88,7.85,4.64,1.32,134.940
0.37,5.05,2.59,2.57,9.95,0.66,7.71,3.99,6.71,3.57,5.21,4.34,67.206
3.43,7.22,7.35,6.65,1.7,9.19,7.85,6.23,1.11,4.94,6.34,4.2,115.879
6.66,8.26,2.05,5.22,7.13,1.27,0.92,6.78,2.3,6.28,9.22,4.51,101.933
2.73,6.83,0.03,3.82,9.21,9.43,2.9,7.44,1.05,7.06,1.75,7.4,116.123
7.87,0.59,9.48,6.23,8.0,6.56,6.44,4.33,5.86,0.27,3.01,4.2,160.639
3.75,2.02,2.39,0.4,4.24,0.68,6.06,0.31,4.57,4.45,3.73,2.15,63.376
4.85,3.6,1.61,7.65,9.75,5.16,5.65,2.94,5.58,9.27,2.29,9.05,93.790
4.34,6.59,5.25,8.8,6.57,9.06,5.62,7.85,0.88,7.22,8.65,2.57,123.849
5.72,8.86,3.69,7.46,1.53,1.77,0.73,5.07,6.84,2.67,1.67,1.24,159.330
5.75,1.97,3.1,2.34,8.76,5.78,7.01,8.83,9.58,6.88,2.82,8.79,63.084
8.55,5.6,9.86,7.99,4.83,2.89,6.27,7.05,4.03,2.59,6.04,1.65,143.757
6.79,6.13,9.52,0.99,6.94,4.0,1.92,6.23,7.8,7.7,4.22,4.59,105.884
9.24,6.95,1.31,4.26,6.52,2.2,4.56,2.17,9.81,5.17,8.68,5.82,84.176
8.07,0.7,0.88,9.15,1.71,9.55,1.36,9.02,3.96,6.23,0.47,9.21,99.372
4.76,2.02,4.58,5.71,3.22,4.25,2.11,6.77,4.4,0.64,1.5,2.84,134.392
4.38,6.76,6.07,6.27,6.28,6.59,0.76,6.78,0.05,3.26,1.99,8.35,171.543
4.12,0.58,6.3,1.47,3.26,7.12,8.88,2.51,2.68,9.76,2.34,1.73,81.900
2.43,9.08,2.25,6.9,8.29,5.46,2.12,3.43,2.3,8.44,4.17,0.96,160.644
0.08,3.19,4.44,7.41,7.14,7.26,3.3,8.63,2.4,6.28,2.79,0.34,124.347
0.88,5.67,9.26,3.49,0.64,8.28,4.55,8.14,3.2,6.66,6.19,6.32,80.491
8.37,8.61,5.24,8.39,5.34,1.0,8.77,7.59,8.56,7.68,1.76,9.73,83.806
1.13,6.73,4.61,7.63,5.75,4.71,3.97,6.66,7.64,6.26,0.74,0.95,116.552
0.4,8.5,5.37,0.61,1.63,2.54,8.93,1.2,3.12,8.61,3.38,8.39,56.646
0.09,3.62,5.01,3.02,4.09,3.95,1.94,0.05,7.15,1.39,2.52,9.72,86.869
4.6,8.2,3.65,0.19,2.8,4.7,8.24,2.2,7.28,7.54,3.48,5.32,70.875
0.35,9.43,8.66,2.33,1.5,2.7,9.05,9.16,5.42,3.34,6.56,2.96,68.430
3.99,1.78,2.34,9.85,2.99,6.96,9.59,7.12,8.97,2.5,5.2,6.64,69.740
0.82,9.59,5.57,9.13,2.17,0.44,2.35,4.03,1.85,7.49,1.09,7.87,112.318
6.28,4.91,9.67,4.53,3.5,8.57,1.98,4.57,4.7,1.34,9.09,9.96,118.394
8.49,5.66,8.04,6.68,7.94,7.16,8.67,1.9,9.77,3.42,6.65,3.61,129.248
0.25,8.69,6.81,9.45,2.35,3.99,9.53,2.29,2.61,2.69,8.44,1.06,118.482
3.26,7.96,4.43,6.84,9.15,8.83,3.69,0.76,9.96,9.09,7.48,4.73,113.330
0.88,2.77,6.14,0.33,4.78,5.5,5.82,8.14,9.1,0.02,1.53,4.73,69.530
5.56,4.09,8.07,1.24,0.18,3.53,0.66,4.68,2.21,5.91,4.26,2.79,110.531
2.2,7.01,2.9,9.18,4.19,2.72,9.45,1.69,7.89,1.65,4.52,8.09,84.710
5.94,7.62,7.29,4.68,7.43,0.31,2.54,9.35,3.6,9.48,6.72,4.62,91.628
6.89,6.43,9.24,7.19,4.47,7.55,9.79,6.21,4.54,5.33,3.49,4.37,123.836
3.25,6.2,3.84,1.36,0.88,6.07,8.21,0.54,0.11,7.58,2.8,2.81,97.959
0.17,9.79,1.86,1.47,6.23,1.17,5.37,4.26,3.0,9.8,2.24,3.24,74.131
4.52,8.38,1.0,4.04,7.72,7.76,5.32,2.62,8.3,7.18,3.11,1.57,118.932
7.89,3.87,8.92,1.57,2.22,3.72,5.9,1.86,7.15,1.81,5.93,8.5,90.498
6.22,9.26,6.49,3.79,4.66,0.68,2.17,5.63,7.04,7.31,1.48,7.25,100.712
3.57,1.27,5.86,7.78,3.55,7.61,3.62,8.29,4.4,3.76,9.25,4.75,86.997
2.49,7.33,2.51,2.29,4.28,3.54,3.48,8.25,5.88,0.22,1.39,0.14,115.909
4.92,5.27,8.47,7.29,8.41,9.08,3.53,7.09,3.22,4.0,6.33,0.36,177.089
4.16,7.67,3.26,9.75,9.68,8.01,3.68,9.71,7.82,8.08,9.47,4.76,97.725
6.51,3.41,5.78,0.92,8.02,4.06,2.03,6.26,9.59,8.89,9.87,9.44,62.283
4.87,7.75,9.11,6.51,4.49,9.09,4.67,6.22,7.53,4.57,0.41,9.72,126.268
6.31,4.79,2.98,9.17,4.12,9.63,5.57,7.66,9.87,5.01,7.85,3.44,93.909
7.01,9.43,6.21,5.65,9.42,0.17,0.62,2.99,4.17,6.97,8.64,4.42,136.246
4.13,2.35,9.98,4.68,3.84,4.82,3.79,3.26,0.16,9.78,5.19,3.55,115.818
9.83,9.67,0.02,7.05,8.89,2.45,6.14,2.78,5.44,7.42,4.71,8.81,107.394
0.7,3.45,1.99,8.87,3.95,9.93,5.16,4.23,3.37,1.71,5.51,3.99,120.526
8.63,4.72,4.76,7.59,9.32,5.45,3.96,6.7,7.21,6.45,9.15,4.85,105.611
7.01,3.36,0.91,3.73,2.58,7.27,9.88,1.33,5.26,1.21,1.83,9.27,86.379
0.73,2.53,0.45,2.41,0.86,3.79,8.49,8.05,2.05,3.17,9.92,2.68,31.345
7.25,2.71,2.95,0.74,2.11,1.72,1.12,1.3,5.86,4.63,1.87,4.62,90.103
2.69,1.31,3.74,3.8,7.64,2.04,2.23,8.76,0.98,5.02,6.1,4.81,76.057
1.77,9.66,6.74,7.35,8.64,0.08,9.89,6.63,9.96,1.75,2.84,9.91,83.553
1.36,1.72,0.41,5.86,5.12,6.55,7.93,9.08,8.45,6.21,6.36,0.69,54.287
1.82,3.89,9.02,9.91,4.41,8.28,9.97,4.85,5.34,9.76,1.31,6.35,99.335
7.66,3.2,9.74,2.69,0.54,2.3,3.05,6.7,9.16,2.19,8.24,0.77,86.782
0.33,5.27,8.47,9.01,3.97,2.96,7.5,3.74,4.98,7.15,5.28,5.51,87.851
1.73,3.7,3.08,7.85,2.6,5.32,9.73,8.74,3.64,6.53,8.74,2.82,60.398
2.26,4.16,4.87,1.43,5.1,7.26,8.47,4.04,7.6,2.59,9.63,2.58,71.842
6.68,0.5,7.91,3.91,1.58,5.11,1.83,7.08,4.16,4.76,2.69,5.81,97.569
6.76,5.82,9.18,2.99,2.78,0.53,2.45,8.69,2.22,3.97,9.1,6.95,84.062
7.5,1.86,2.56,8.6,8.29,6.83,1.01,8.89,7.42,9.55,6.15,3.84,96.690
7.19,3.25,0.65,6.12,2.38,7.95,0.09,5.25,5.87,7.57,2.12,4.05,110.381
1.47,1.77,9.9,0.61,8.51,5.72,1.81,0.87,6.08,3.09,8.36,4.61,112.732
0.98,3.17,9.02,9.22,3.97,9.07,6.03,9.22,2.8,2.67,6.53,4.13,112.906
1.93,9.56,1.0,9.18,5.05,7.29,0.26,1.25,4.84,0.91,7.73,1.49,206.371
4.04,9.88,2.9,0.52,3.81,4.36,1.76,7.63,6.51,0.64,4.39,7.08,91.075
7.83,8.26,0.48,5.58,7.84,0.8,9.01,6.67,1.61,4.13,9.93,7.67,78.908
1.68,7.7,9.85,3.12,4.91,0.17,2.09,6.36,7.1,2.03,8.5,9.32,77.486
3.83,9.88,0.15,8.31,7.84,2.49,9.08,8.77,3.54,3.78,3.02,6.46,93.795
0.36,6.17,6.05,6.88,5.03,5.11,0.35,9.75,3.03,0.09,1.34,9.32,123.953
3.69,8.65,2.98,0.41,5.86,9.06,8.49,5.81,2.76,8.76,4.37,3.07,92.153
2.05,3.55,4.93,6.01,6.38,1.94,9.28,1.16,8.12,1.67,8.71,5.58,72.016
1.94,5.67,5.1,0.25,2.68,2.9,4.57,4.82,0.96,8.78,3.79,6.47,63.083
9.69,6.76,5.25,7.82,4.98,4.61,5.42,4.96,1.97,7.66,9.84,3.68,116.642
7.6,6.4,9.65,9.86,9.51,5.42,2.7,1.25,3.6,9.18,5.81,3.1,188.924
2.45,4.37,7.08,9.14,7.77,9.46,8.93,1.75,2.39,2.97,3.58,1.86,187.477
3.24,3.3,8.72,1.21,0.93,8.56,5.34,6.64,9.39,5.48,3.32,1.61,81.687
2.0,3.5,2.29,0.14,0.9,8.65,6.5,8.95,4.88,2.41,9.69,9.73,41.461
3.76,2.31,0.43,0.11,5.41,7.11,8.11,1.03,3.16,3.41,4.26,0.52,93.363
5.69,3.49,9.84,4.32,2.66,3.95,0.51,7.79,7.16,1.1,3.71,0.77,142.348
7.42,3.8,7.67,8.61,3.42,3.95,0.39,8.69,4.63,0.57,0.18,9.25,147.069
7.49,7.53,1.63,1.58,8.43,3.35,6.96,0.96,1.02,4.98,9.06,8.26,96.063
4.98,3.71,3.84,2.95,6.03,0.26,1.45,2.96,1.14,3.56,4.0,8.94,98.730
4.07,7.66,3.24,0.66,0.09,1.3,9.23,2.05,1.0,8.75,5.83,6.61,50.852
0.89,3.71,4.13,5.35,8.46,9.41,8.22,1.62,1.94,9.19,6.99,3.88,100.345
5.22,9.0,3.41,6.99,8.21,9.2,5.11,5.59,9.08,7.33,7.1,4.97,107.274
1.75,8.62,8.59,2.07,0.11,7.66,6.75,6.94,7.43,4.43,5.05,6.67,77.274
7.09,5.01,0.95,9.54,2.78,8.53,8.24,1.88,7.36,4.56,3.58,0.09,131.855
5.02,1.0,2.95,6.2,8.09,0.32,1.74,6.84,5.5,0.38,0.26,6.52,111.017
8.3,7.83,1.34,9.83,7.96,2.59,3.34,6.83,8.46,0.79,4.22,1.64,149.723
2.17,0.46,0.14,4.1,6.62,7.16,4.52,1.65,4.19,6.08,0.06,9.7,78.817
4.59,8.21,8.29,1.75,1.25,1.06,9.79,1.8,4.59,9.39,8.24,1.6,71.025
4.28,3.27,2.22,9.4,8.33,0.45,8.61,3.58,2.78,7.47,2.69,1.26,105.911
5.97,5.67,1.8,4.88,2.91,7.31,2.84,1.94,5.9,7.45,6.27,2.8,104.926
8.59,6.43,6.77,0.36,3.12,9.04,5.0,2.87,0.96,1.99,7.26,3.3,160.477
9.68,7.46,2.76,6.27,2.78,0.85,4.05,6.51,6.68,1.58,9.61,1.76,98.708
6.46,3.4,5.09,1.85,0.91,8.38,9.33,7.7,9.96,9.77,3.1,4.52,58.788
3.91,1.96,1.27,5.13,5.49,8.63,3.62,7.13,5.62,3.63,5.68,9.43,75.164
1.37,8.33,1.12,5.06,5.61,0.67,9.66,5.78,0.57,1.7,4.58,4.69,82.135
6.88,1.52,5.29,6.28,7.24,2.31,6.7,6.8,9.05,0.96,5.83,0.35,99.427
8.97,0.23,9.32,0.41,8.31,3.17,9.77,5.47,4.19,4.94,3.38,3.38,97.687
6.78,5.09,4.68,1.75,2.18,7.89,4.68,0.6,6.56,9.74,8.24,1.05,91.902
4.92,3.28,9.37,1.27,1.03,8.98,1.04,1.89,2.72,8.69,2.12,0.98,165.424
5.04,5.52,5.75,9.17,3.49,1.61,6.42,0.34,3.78,0.56,5.21,7.9,126.311
3.75,0.67,0.54,5.14,4.06,7.85,5.18,4.79,9.4,5.26,5.42,2.41,67.807
1.34,1.06,4.83,2.5,6.37,8.96,9.45,4.14,7.41,6.24,3.05,3.9,73.296
6.46,2.04,6.77,9.24,6.52,5.15,8.28,6.64,7.3,9.8,7.93,4.36,81.652
8.19,2.16,6.39,7.61,1.56,5.48,3.87,3.64,4.1,6.94,2.07,1.68,140.762
7.66,6.98,8.2,8.0,4.05,1.91,6.39,0.64,3.55,2.94,2.03,8.46,153.269
3.05,3.4,1.01,4.96,2.47,1.5,1.57,2.81,1.4,1.85,2.41,3.48,121.228
2.88,3.27,3.6,6.76,3.28,9.62,3.84,8.46,7.25,6.08,0.1,6.93,90.049
6.04,7.37,2.21,6.44,4.84,9.85,5.61,6.15,5.95,0.31,9.54,2.11,123.862
4.61,2.22,4.71,8.09,3.99,0.31,3.02,6.45,9.52,0.22,4.63,6.07,80.007
4.8,1.35,3.32,6.51,7.11,1.34,1.77,3.58,0.36,4.27,6.24,1.06,141.377
4.94,4.39,4.57,3.93,8.4,0.9,5.2,4.68,1.13,6.26,3.68,3.12,112.713
8.65,8.43,0.71,1.1,1.23,0.97,2.32,0.8,6.48,0.89,9.62,6.73,78.577
5.41,7.15,6.27,8.2,7.35,6.09,6.3,7.43,7.39,3.15,6.04,8.96,103.056
0.44,2.42,8.21,7.93,3.7,5.66,5.46,7.58,3.55,5.13,5.74,0.24,102.383
3.34,0.42,1.93,5.77,9.84,1.21,7.13,0.18,6.46,9.15,0.61,5.81,76.721
1.44,6.26,8.38,8.6,0.7,5.45,7.54,3.19,7.29,1.35,6.48,4.6,101.248
9.58,7.71,4.58,8.86,6.24,0.84,5.4,7.06,9.78,8.08,9.48,4.55,85.254
5.8,6.21,4.89,1.9,4.41,2.72,3.74,5.33,4.27,2.77,6.53,9.19,81.464
6.08,4.88,9.94,5.95,0.75,1.51,4.24,6.75,5.61,3.26,1.18,1.11,131.422
3.35,6.7,1.01,2.14,1.86,6.12,4.31,7.85,3.26,7.16,5.72,8.34,57.806
7.48,3.88,1.11,0.67,5.05,1.53,8.05,5.82,6.79,4.34,9.59,6.13,48.428
5.97,7.28,1.42,9.88,3.09,2.03,0.69,5.14,0.75,1.89,5.48,5.16,155.259
2.86,0.02,4.39,1.64,9.28,6.1,5.95,9.97,2.78,8.47,2.02,7.96,65.384
9.46,5.64,7.77,6.27,4.37,0.96,2.79,7.95,9.65,0.83,2.04,7.27,112.905
4.49,7.44,2.4,8.15,4.69,0.22,1.75,7.25,1.8,4.81,4.23,4.87,110.846
4.8,6.19,7.28,5.69,7.03,8.98,1.1,7.18,6.81,5.5,5.96,0.42,148.202
4.24,3.23,8.02,0.98,0.09,0.91,2.92,2.26,2.81,2.97,8.13,1.7,84.031
1.18,6.32,4.03,7.75,9.55,9.6,8.21,4.05,9.62,0.65,8.62,2.85,113.029
4.26,4.29,4.79,8.07,5.49,3.44,0.25,2.98,0.79,3.39,8.25,7.22,132.605
4.32,7.33,0.84,0.19,4.44,1.16,6.96,5.9,7.51,1.43,9.14,3.67,52.817
5.04,0.26,5.04,1.29,9.02,2.23,4.54,4.11,1.95,8.47,3.69,7.43,75.787
4.61,2.23,5.54,6.56,1.22,8.72,0.12,5.93,4.53,3.17,1.6,1.17,174.818
3.57,8.83,0.14,9.15,7.74,3.81,8.06,8.44,8.04,4.37,5.64,7.38,79.275
9.22,1.61,5.53,2.64,4.76,2.0,6.21,4.55,6.34,1.29,1.7,5.93,99.001
4.88,2.59,7.26,5.34,3.56,5.42,6.62,2.83,0.1,0.73,6.71,7.28,119.695
4.69,8.37,1.56,5.24,7.84,5.22,3.71,9.93,6.63,8.77,1.66,6.3,88.973
7.45,2.25,0.28,9.32,1.95,4.89,2.9,6.67,5.93,6.13,4.12,8.37,76.612
3.46,3.57,4.19,4.64,6.71,1.38,4.55,9.66,0.25,7.78,0.67,1.6,97.715
6.24,8.39,8.15,2.33,5.58,5.25,0.6,2.78,2.18,8.66,4.59,6.76,140.555
7.48,9.43,0.68,0.71,4.37,9.2,1.45,8.77,3.47,0.41,6.11,2.55,140.026
9.43,9.9,3.17,3.41,7.44,0.08,8.66,7.69,0.93,4.96,8.9,0.88,104.403
8.03,3.36,1.83,4.13,5.35,7.55,7.6,7.12,2.24,5.6,2.94,3.64,103.809
2.9,2.74,8.21,2.22,5.12,7.14,4.63,5.64,1.3,3.9,8.72,3.02,104.116
7.16,9.64,4.63,8.18,5.05,4.7,8.09,9.53,5.95,7.65,8.62,1.77,94.593
5.93,1.86,6.31,5.24,1.16,0.75,9.66,0.44,5.12,2.27,2.89,7.23,76.965
6.91,4.56,3.41,7.24,9.1,1.56,9.36,8.08,9.68,8.34,2.77,8.33,70.404
4.58,2.05,1.83,3.11,9.52,6.36,5.05,1.31,5.44,1.33,6.26,5.71,109.363
4.23,6.15,8.65,3.37,9.19,7.09,6.94,2.8,1.55,2.08,2.61,1.49,221.408
1.03,6.4,5.59,3.83,8.85,3.62,4.55,4.03,2.9,0.79,7.15,0.04,150.668
6.36,6.59,6.5,9.1,6.75,6.38,4.67,6.6,1.19,6.57,8.71,9.54,111.803
4.61,2.31,9.33,4.6,6.82,6.91,4.6,7.29,5.5,6.47,2.22,4.14,114.428
2.96,9.76,6.67,8.35,2.1,5.99,2.68,0.66,3.2,9.47,8.11,7.41,113.638
2.95,2.28,4.24,3.88,6.64,3.83,5.55,3.56,4.97,4.89,0.18,1.2,117.052
1.63,3.2,2.37,4.36,8.79,9.95,4.64,6.27,3.09,8.38,8.47,4.13,86.621
0.52,7.63,9.84,1.32,8.7,7.58,4.63,5.77,5.8,9.37,5.72,4.02,100.793
6.4,1.68,9.79,0.4,4.8,3.04,9.26,8.28,8.86,9.91,1.65,5.3,60.356
1.25,5.04,4.45,7.04,5.3,2.23,5.73,2.64,0.76,0.35,4.81,4.71,133.211
9.69,4.98,1.0,0.97,6.0,7.18,3.84,7.9,3.27,9.61,5.16,7.9,79.140
9.96,0.54,0.9,2.97,2.71,7.33,2.95,7.48,9.54,8.37,7.57,9.22,54.088
1.78,8.2,4.48,2.28,0.96,8.5,7.52,1.55,6.08,8.03,7.0,8.62,67.526
7.39,5.47,6.54,4.57,7.56,5.8,2.75,3.11,0.97,4.6,2.84,1.41,238.074
5.1,1.7,0.88,4.27,2.72,4.2,6.82,9.1,8.73,4.27,4.33,3.53,51.305
5.05,9.68,6.29,8.3,5.25,5.9,7.17,6.04,0.1,1.24,7.66,1.32,171.993
0.52,7.91,4.01,1.35,4.95,9.44,2.1,1.37,5.39,4.61,5.01,2.87,131.991
8.29,4.53,6.14,0.54,8.17,3.66,0.29,4.49,9.9,9.55,8.87,1.48,90.602
8.58,1.84,4.56,1.95,0.13,5.44,5.64,3.3,1.91,6.7,0.59,6.27,92.175
3.72,8.04,7.2,1.66,7.22,2.61,5.85,3.63,0.99,9.8,0.1,7.82,108.017
1.38,7.53,8.99,1.53,5.58,8.44,0.84,4.01,6.35,7.57,8.33,5.11,103.850
6.93,7.66,2.86,1.71,6.03,6.54,0.31,3.11,4.64,7.03,2.63,8.72,120.008
1.58,6.69,4.53,7.99,0.38,0.22,2.64,2.48,3.3,1.13,5.19,8.78,90.944
7.87,4.26,9.58,2.17,9.35,9.63,2.99,6.17,7.04,6.44,0.11,1.33,177.990
5.22,3.95,4.52,3.28,9.69,5.81,7.61,7.28,3.22,8.42,2.74,4.03,97.508
5.42,9.43,3.2,9.12,8.09,7.08,1.89,7.37,6.11,6.4,3.32,6.55,133.818
9.88,9.98,9.84,9.66,1.97,1.82,8.28,9.09,3.42,4.35,9.19,3.1,115.282
4.3,0.96,0.75,9.2,1.46,8.63,8.77,6.14,3.37,8.3,5.85,6.92,64.295
5.6,7.74,8.86,7.93,0.08,2.21,8.14,7.54,7.04,4.86,3.12,2.37,98.034
3.17,7.81,4.58,3.34,0.36,8.74,6.96,4.12,4.9,6.03,5.16,2.29,95.044
9.23,0.71,5.22,1.4,8.24,9.69,5.73,8.07,8.0,5.35,4.16,7.27,89.399
1.55,5.73,1.85,3.25,5.39,3.36,3.12,2.72,0.8,6.27,4.99,8.09,81.301
8.76,4.4,2.17,3.98,4.14,6.39,5.12,9.37,4.79,1.73,4.82,2.41,105.666
6.8,4.2,5.03,6.22,5.23,2.27,0.31,0.82,6.23,6.77,4.43,9.09,107.595
7.29,7.65,0.01,5.7,0.71,2.9,9.17,3.21,1.18,1.34,1.42,4.04,119.155
5.59,2.72,6.08,0.84,5.55,1.25,0.86,5.53,7.56,6.16,2.28,2.79,87.490
6.94,5.56,9.17,5.22,5.4,6.38,5.29,4.99,7.72,9.4,6.76,9.31,88.958
8.19,4.27,9.36,3.91,0.28,3.57,3.84,8.13,7.81,0.26,8.54,6.91,83.347
6.66,2.6,7.38,3.78,4.01,9.53,0.05,6.13,4.09,4.3,6.64,6.2,123.896
2.09,8.62,9.19,7.55,4.81,0.71,5.12,9.6,0.3,5.7,0.66,0.96,147.583
4.82,5.63,1.64,5.66,6.34,6.87,6.42,1.12,4.64,7.69,1.68,3.7,122.614
6.02,0.98,3.11,7.38,4.49,7.52,7.01,0.72,2.99,5.19,3.15,9.47,103.400
5.11,1.12,5.53,6.94,8.58,0.18,4.15,8.73,2.54,2.0,8.35,0.13,106.023
8.36,8.92,2.25,8.35,7.33,6.53,6.17,0.99,8.07,9.76,0.18,0.45,162.920
0.5,9.05,3.37,1.89,1.6,8.09,1.57,9.56,3.32,0.19,2.96,5.25,107.221
0.39,7.85,1.54,2.52,3.94,5.17,6.14,0.81,7.16,9.05,6.74,1.36,68.490
5.14,6.78,7.36,2.26,8.9,0.84,2.48,5.29,1.45,4.93,8.31,0.01,139.208
9.6,7.17,3.81,8.66,4.1,8.34,2.83,5.8,1.73,8.15,5.97,6.7,133.675
8.84,0.99,1.18,5.09,4.1,5.92,6.46,6.21,4.2,0.76,0.01,2.4,130.339
5.85,2.99,1.72,8.78,8.79,1.12,4.67,6.77,0.48,6.37,4.08,9.54,91.664
8.46,0.01,9.19,2.87,5.64,1.38,9.28,5.89,0.87,8.34,3.76,6.34,79.901
5.46,3.52,7.99,9.36,7.8,7.1,3.13,5.25,1.1,3.56,3.82,0.9,232.151
4.63,8.54,0.6,9.02,4.58,8.11,8.07,6.77,6.71,0.44,5.4,0.88,125.504
8.43,4.67,1.7,4.23,8.62,8.84,3.67,4.84,7.56,6.52,6.71,7.78,98.409
1.74,7.13,4.31,8.47,4.23,2.03,7.58,5.55,4.52,5.67,7.48,1.72,85.824
2.83,7.33,8.18,2.73,9.93,9.39,0.16,6.51,4.41,7.26,9.02,5.7,122.172
4.43,9.24,9.23,6.49,7.33,8.83,9.07,5.97,3.96,6.12,5.93,0.92,142.477
7.29,8.54,0.07,7.81,7.05,2.11,8.53,4.31,8.54,5.37,4.51,9.38,80.881
5.9,7.63,5.29,2.93,4.2,3.74,5.76,4.29,4.94,7.74,5.16,6.4,86.585
9.67,9.98,9.42,7.95,9.82,4.11,1.65,4.12,2.36,6.94,8.26,4.06,186.017
1.68,5.51,1.71,0.35,0.73,0.56,1.73,4.22,9.42,6.47,1.6,6.03,35.765
1.33,7.48,9.26,7.21,3.22,8.65,3.99,6.63,4.62,9.25,8.11,3.92,101.725
7.39,3.71,3.0,2.46,5.73,6.16,8.54,3.15,2.5,1.56,4.37,7.88,101.607
9.06,8.39,3.19,7.86,8.72,6.81,9.97,1.9,2.62,8.46,0.97,3.82,158.724
3.54,8.7,1.3,0.5,9.84,2.55,2.36,3.23,4.84,7.97,7.2,7.49,79.873
8.53,2.85,7.12,3.62,0.77,1.76,9.39,8.77,6.27,6.77,5.24,0.3,67.093
9.24,1.27,4.3,9.25,7.51,9.86,0.62,0.71,5.88,9.38,9.42,9.66,116.148
2.39,2.46,3.88,6.27,3.53,0.42,9.15,7.15,5.3,5.65,7.35,5.37,47.411
9.83,8.42,1.28,8.84,8.98,7.96,2.88,3.34,9.16,2.16,7.29,7.19,141.505
3.84,5.8,0.66,9.88,5.04,7.91,1.34,8.61,5.15,1.68,2.21,6.42,130.382
4.95,8.2,3.72,5.95,1.48,6.86,6.43,8.85,1.22,0.36,1.97,0.58,160.536
6.12,2.46,4.71,3.01,5.85,5.35,2.43,9.0,9.82,2.87,1.62,0.08,106.507
3.35,3.92,9.33,1.38,2.36,2.79,4.24,8.78,3.36,5.49,5.61,8.53,64.232
4.48,7.95,1.08,5.67,7.88,0.59,3.85,7.0,7.5,8.13,6.43,7.06,69.177
6.53,5.98,0.21,2.68,3.01,7.19,8.04,3.07,4.45,6.87,5.29,4.96,78.335
3.03,8.86,8.86,6.22,2.67,3.2,6.16,3.36,5.8,3.28,4.19,4.61,119.854
0.37,7.53,9.77,6.06,2.07,1.18,1.48,7.42,9.6,0.06,9.29,7.04,77.329
0.24,4.05,5.81,0.73,6.83,3.02,2.54,5.08,4.0,2.96,6.06,0.1,99.711
3.56,9.38,1.94,2.31,9.52,2.6,2.18,2.79,8.59,4.18,5.94,1.46,116.587
0.72,6.68,4.92,8.99,3.34,5.77,1.38,7.72,6.33,9.66,5.14,5.67,84.735
2.91,4.16,5.31,3.16,4.1,8.57,5.07,6.11,8.94,1.15,9.02,3.69,83.019
3.34,8.7,0.6,3.88,9.76,7.07,0.79,6.1,5.95,4.0,1.51,1.67,166.583
1.29,9.8,8.6,6.98,1.05,1.21,5.22,4.92,7.89,7.71,3.26,0.38,98.468
3.44,1.96,2.56,7.08,8.68,2.15,9.06,1.38,4.64,5.75,5.37,6.02,80.292
3.86,1.2,4.38,2.14,5.07,0.52,5.08,4.18,9.29,7.76,5.62,7.08,44.014
8.72,6.22,0.96,3.18,6.23,0.46,6.03,0.94,5.62,8.51,7.2,1.39,86.797
6.47,4.53,6.53,7.62,7.64,8.69,6.0,8.94,4.04,8.41,7.16,4.34,106.660
1.95,3.83,2.44,4.65,1.24,4.41,5.95,0.96,5.09,4.2,2.45,6.71,73.028
7.81,4.87,8.96,3.52,9.31,7.35,4.15,9.27,6.35,2.93,7.42,8.43,108.482
8.54,1.04,4.59,4.67,0.98,0.04,7.21,0.95,2.3,6.42,8.28,5.75,64.251
5.74,9.95,6.14,1.35,9.06,9.11,1.38,2.73,3.94,1.16,9.54,2.35,195.972
7.88,9.36,0.42,7.94,5.39,2.96,8.17,6.28,3.29,6.42,9.51,2.43,94.044
5.66,0.46,5.1,9.86,6.75,1.36,6.59,9.42,8.03,9.22,7.48,5.1,63.678
3.23,1.94,5.17,4.89,3.3,9.19,5.28,9.74,6.93,7.28,8.19,9.35,59.269
6.57,5.51,7.5,0.68,2.16,9.04,9.43,5.49,9.59,9.12,1.88,7.14,73.763
5.12,2.01,2.26,6.31,8.49,5.39,7.82,5.58,8.97,6.28,6.88,9.66,65.457
2.04,3.51,6.39,3.99,9.59,5.97,4.02,7.33,8.22,3.78,6.73,6.97,84.993
8.18,9.85,5.32,4.04,9.27,4.57,4.3,8.55,6.51,5.12,3.81,9.85,108.102
6.74,7.18,7.81,6.2,4.4,3.08,3.54,7.92,2.71,8.3,1.96,5.27,119.226
7.55,5.85,8.26,2.81,9.1,0.82,8.88,3.34,8.16,0.88,7.78,5.38,99.913
4.99,7.18,7.87,2.42,7.27,8.84,5.75,2.84,4.68,5.46,0.97,8.03,139.091
2.61,7.83,2.38,2.04,1.26,9.06,3.18,7.12,7.42,7.6,6.69,6.78,64.914
2.71,9.14,1.37,7.27,2.6,8.19,3.18,4.04,6.89,2.58,2.41,3.5,138.407
4.51,8.58,3.19,5.07,3.64,1.75,6.17,7.04,8.01,7.0,1.05,0.35,90.277
8.9,4.82,7.89,4.05,6.85,7.84,6.27,6.11,3.31,5.11,2.44,1.46,163.360
5.44,3.83,5.1,2.85,9.51,0.11,1.2,8.9,8.86,2.91,7.07,1.73,87.512
4.61,7.36,6.93,6.3,7.68,0.81,0.83,6.38,4.7,2.01,0.74,1.35,210.431
8.27,8.5,3.53,2.79,0.96,3.65,0.33,4.52,9.21,9.07,7.59,6.27,74.885
7.23,6.42,7.65,3.72,0.82,9.4,7.87,7.58,6.84,2.02,6.95,7.85,90.105
1.3,7.87,0.22,8.02,6.42,7.7,9.26,3.19,6.86,5.98,3.6,2.56,100.254
3.82,9.05,4.91,6.28,8.37,1.35,9.62,6.8,4.79,1.46,2.02,8.6,101.472
3.37,5.41,2.12,0.71,6.97,2.28,9.75,1.01,7.7,8.58,9.4,1.69,54.708
0.59,7.34,7.88,3.6,9.71,6.41,5.36,3.23,5.07,5.02,7.41,1.71,127.806
5.25,1.54,7.67,3.09,6.04,6.24,6.32,4.87,5.26,2.34,7.58,6.82,89.876
6.98,5.13,1.68,4.49,4.3,7.12,7.36,9.9,7.84,2.31,0.88,5.7,87.379
1.16,3.78,2.59,3.68,7.86,6.08,5.89,3.68,9.62,2.71,3.04,6.59,79.765
7.84,3.06,1.69,4.47,1.47,5.1,2.51,7.1,5.15,1.56,8.77,3.5,82.651
7.38,2.51,6.98,9.69,4.2,9.25,2.7,1.38,1.59,1.73,6.11,4.8,218.514
0.94,4.11,4.43,4.74,7.86,5.87,0.59,6.03,7.36,7.91,6.0,3.33,89.526
3.73,6.72,2.48,1.1,5.44,3.68,0.65,8.92,6.46,6.79,9.37,8.59,56.768
4.98,0.11,6.06,1.93,1.66,4.9,4.57,6.68,4.79,5.91,3.2,9.21,57.159
8.56,3.74,4.03,5.21,1.43,4.58,5.3,4.69,2.22,2.55,0.08,8.48,118.139
3.18,5.71,7.84,2.26,7.28,5.12,2.57,8.84,5.58,8.67,3.56,5.62,90.098
8.11,2.08,0.62,9.14,4.17,7.81,0.32,1.81,7.99,8.88,4.9,6.72,104.278
0.11,4.85,6.53,8.08,7.12,1.97,3.9,8.24,7.38,2.34,3.04,2.98,102.798
2.22,2.14,2.72,6.28,8.88,9.42,9.41,7.15,6.44,6.68,5.53,9.55,70.733
9.09,9.93,8.07,3.67,2.63,0.85,4.72,0.79,8.24,2.36,2.28,2.53,163.671
0.54,8.84,5.21,7.74,2.19,6.52,5.86,0.39,0.5,1.46,3.08,5.21,188.121
6.35,7.51,3.78,1.15,1.01,0.04,2.68,2.96,4.49,1.4,5.9,7.38,79.968
9.94,6.94,3.9,0.17,2.77,0.36,5.75,4.9,0.24,6.53,1.22,6.52,95.707
7.06,7.25,7.76,3.05,7.94,6.97,6.81,2.17,4.21,1.69,4.2,9.64,139.380
6.83,3.62,0.62,9.49,3.11,5.5,9.49,3.18,0.69,3.69,4.98,3.44,114.527
4.49,3.64,7.12,6.67,1.61,6.46,7.74,1.06,4.91,2.0,4.58,7.8,106.764
1.06,3.1,5.37,4.51,5.2,7.96,9.97,1.91,2.21,9.13,5.9,4.63,80.593
8.85,4.6,4.39,9.41,2.64,0.19,4.17,6.07,6.75,8.21,6.66,7.45,76.520
5.18,9.47,7.12,2.23,6.13,7.07,8.39,5.94,8.54,0.34,8.22,0.91,115.028
6.87,6.75,3.55,5.83,4.39,0.95,9.03,5.58,3.76,5.24,8.65,1.81,83.182
1.27,9.1,8.07,3.84,4.8,4.15,0.75,2.38,9.75,8.58,5.2,8.88,87.873
1.62,5.18,0.86,0.6,4.26,6.58,8.48,6.25,9.25,0.6,4.18,7.58,52.559
2.23,5.66,1.61,4.4,7.39,2.87,5.96,8.74,2.26,3.97,6.06,6.46,72.227
7.39,2.82,5.48,0.44,5.06,1.38,6.82,7.93,3.02,4.06,3.71,6.26,70.975
4.89,2.93,0.71,1.88,9.71,0.57,6.13,9.67,4.99,2.51,4.05,2.98,68.216
5.17,4.27,2.42,6.27,2.98,1.8,5.97,5.41,9.22,1.86,7.92,7.23,60.915
1.32,0.39,4.95,8.36,3.57,8.93,2.19,5.42,4.24,0.16,9.45,1.76,118.519
6.99,7.09,7.66,3.4,3.55,9.89,3.15,7.23,1.87,1.38,9.67,1.03,158.570
7.41,5.38,9.84,3.47,9.46,0.29,5.67,3.09,5.7,1.63,2.49,7.14,139.386
1.53,9.56,5.74,0.18,6.9,2.05,0.72,0.62,9.06,7.15,4.71,2.09,106.612
2.45,8.1,8.03,9.64,0.91,2.31,6.1,9.27,6.85,0.83,9.2,5.7,82.846
8.49,3.96,4.94,8.11,5.46,9.29,5.02,9.15,8.06,3.76,2.67,6.25,115.296
7.43,7.29,2.07,9.87,2.63,3.65,6.65,8.75,9.69,6.82,5.71,7.67,72.731
2.71,2.49,5.82,5.14,5.24,1.75,1.23,4.53,9.58,6.25,5.99,3.25,75.089
6.54,7.52,9.03,0.14,6.84,9.99,7.21,5.24,7.09,8.75,7.69,2.77,103.381
1.9,6.72,9.86,7.45,9.11,5.93,0.31,5.56,6.43,7.23,4.06,2.62,156.314
3.88,0.76,5.88,4.22,7.24,9.85,9.17,1.54,9.61,1.69,5.34,0.98,112.354
8.14,9.02,5.14,4.27,4.7,0.46,5.89,7.0,9.43,7.93,9.48,8.57,65.694
0.95,5.52,3.82,4.14,2.48,6.56,5.41,0.29,1.69,5.11,0.97,9.12,103.896
9.76,3.63,3.15,7.11,0.83,0.99,7.82,5.68,2.61,5.94,9.43,8.13,64.302
9.88,2.95,1.9,4.98,4.63,6.07,1.97,9.31,8.66,5.83,0.17,4.61,99.542
8.39,2.4,6.86,1.62,9.07,2.35,1.14,2.97,8.97,2.3,1.42,0.11,181.490
0.17,2.0,8.38,6.33,3.76,5.94,6.83,6.09,5.62,4.36,9.8,5.63,69.345
1.08,8.25,8.92,4.04,5.32,8.8,7.03,9.72,9.63,2.53,0.15,4.55,108.331
9.66,4.29,4.53,1.91,2.66,7.93,3.4,1.56,8.11,7.76,6.47,4.47,97.513
8.35,7.47,2.09,6.59,6.31,1.34,4.98,7.6,0.73,4.52,2.02,6.01,124.323
5.33,2.1,8.72,2.46,0.57,6.96,3.89,4.31,4.32,9.16,9.33,2.53,77.937
3.66,6.33,5.09,2.5,1.51,6.81,1.67,1.56,6.9,8.23,4.86,0.66,108.459
1.57,8.3,2.05,0.18,7.63,9.96,7.58,8.95,1.49,0.52,4.53,7.62,96.742
1.82,9.34,1.57,6.69,1.1,8.83,6.91,5.93,7.82,1.18,3.23,8.92,86.349
3.82,3.95,0.17,2.35,4.29,6.95,6.94,4.81,0.89,0.1,0.19,1.49,149.307
0.13,0.67,0.46,3.64,1.19,0.72,8.94,3.89,0.71,5.88,9.22,5.8,19.774
0.2,0.78,1.86,6.24,3.65,4.82,1.95,5.03,9.2,3.71,2.14,4.51,66.127
6.92,7.66,5.82,7.32,8.3,9.24,0.88,4.77,3.84,4.76,9.86,3.26,165.364
2.66,4.82,6.01,1.31,7.67,3.04,5.74,3.75,0.16,0.27,1.66,6.15,143.880
2.62,7.91,7.79,2.12,1.21,0.16,9.02,4.23,8.0,5.27,0.39,2.47,74.234
0.98,0.43,5.74,7.2,8.63,6.47,2.33,9.26,1.84,4.72,9.72,4.23,91.745
3.36,8.39,5.24,0.01,5.01,7.49,8.05,6.14,8.83,7.93,7.07,6.8,65.819
6.48,5.54,7.41,6.29,1.32,3.09,9.99,1.68,0.07,0.63,0.95,6.28,153.724
2.61,8.21,0.93,9.54,7.41,8.45,9.61,2.19,8.0,2.54,8.2,3.49,109.168
4.38,5.53,6.21,4.03,7.13,3.7,5.84,3.25,0.27,0.15,3.18,4.75,177.638
2.66,5.59,4.4,8.48,5.96,2.8,7.06,3.9,7.05,6.77,5.13,5.62,84.126
9.22,7.72,5.39,4.58,9.64,8.66,6.07,4.91,7.32,9.02,7.15,3.5,119.068
6.56,9.7,4.04,5.31,5.69,6.33,6.29,4.76,3.18,4.37,2.4,4.34,148.500
5.16,3.26,4.76,2.13,9.65,5.23,2.32,0.01,3.25,6.95,7.14,3.14,132.354
4.22,2.85,5.3,9.14,3.46,0.84,0.45,4.3,9.87,7.02,9.02,5.64,71.102
9.17,3.5,6.82,7.23,8.88,5.65,7.65,9.05,8.14,1.74,1.19,7.27,117.723
3.63,4.89,5.62,6.05,1.45,9.5,8.63,5.61,0.15,9.73,1.6,8.31,91.507
7.86,7.23,0.35,1.12,1.64,2.0,0.16,1.95,4.55,1.17,6.22,6.49,98.345
0.07,4.3,4.57,8.18,2.9,3.64,8.67,3.37,3.46,9.19,2.16,9.27,65.504
8.06,2.57,5.12,1.06,5.47,6.46,7.17,9.21,7.95,6.66,4.77,8.75,64.570
5.02,5.57,9.7,7.08,7.18,8.82,8.2,6.14,9.56,9.29,5.23,9.68,90.166
8.36,9.4,4.14,2.14,3.44,8.9,4.81,2.65,6.46,9.77,0.34,3.65,131.431
3.76,8.68,5.71,7.28,1.13,9.58,1.42,2.83,0.1,1.25,6.29,8.91,173.750
8.74,0.94,8.13,3.17,7.8,2.34,7.17,1.06,2.26,3.89,7.88,4.9,114.580
9.43,5.86,5.65,1.8,1.51,2.37,6.75,5.66,0.17,0.14,3.3,8.32,109.367
5.81,3.92,3.95,7.04,8.99,5.5,8.99,8.27,6.93,1.73,9.7,3.69,89.570
4.47,8.95,2.55,8.39,0.61,4.87,0.59,4.57,2.14,4.77,3.75,2.95,158.977
7.74,1.81,1.84,3.72,2.26,9.64,0.57,2.82,2.76,5.11,2.15,1.69,178.874
9.92,9.4,6.41,1.81,3.69,5.57,9.26,4.14,8.87,3.04,6.97,7.92,91.542
6.92,1.71,3.3,0.28,7.93,7.32,3.15,7.99,7.09,3.13,9.44,9.07,68.874
4.02,3.69,4.78,4.71,0.23,2.29,4.38,3.19,3.63,4.26,7.0,1.01,84.022
5.72,0.59,5.57,5.67,6.41,3.81,1.65,4.55,4.21,1.37,5.09,4.46,130.192
7.33,4.9,5.24,9.62,5.27,9.79,5.38,7.87,4.97,9.25,3.19,3.34,123.971
4.23,0.41,9.49,5.6,9.64,4.32,4.47,2.4,0.62,0.94,8.63,5.37,150.201
0.13,8.62,0.55,5.78,9.37,7.99,7.18,0.56,6.65,1.84,1.36,3.15,156.413
8.01,9.93,0.42,9.24,0.55,9.51,3.25,4.96,0.03,1.8,8.31,6.86,149.385
5.18,0.33,1.19,5.46,5.15,0.43,8.61,0.32,3.14,9.34,0.11,0.74,79.695
1.41,9.29,5.71,2.29,0.34,1.56,0.28,9.06,8.79,4.77,0.65,4.7,72.920
9.57,1.39,2.31,1.43,1.51,9.22,9.91,3.71,5.61,7.06,8.52,1.91,69.254
7.71,9.35,2.41,6.06,2.54,9.42,6.85,7.31,2.3,3.62,7.46,6.41,110.427
6.63,5.04,4.7,4.95,6.28,9.93,6.86,6.74,0.17,8.63,0.4,2.99,145.522
5.31,1.45,3.75,6.42,7.42,3.64,7.16,6.87,6.03,2.58,2.78,1.1,105.543
0.5,2.42,6.22,5.28,0.88,4.99,4.39,1.74,7.19,7.4,4.39,8.37,60.603
2.66,3.33,7.01,6.49,4.41,6.64,4.43,9.99,9.14,7.6,1.64,7.66,75.482
6.97,5.07,8.1,3.53,2.16,8.2,1.83,9.95,6.96,2.88,0.89,4.32,126.836
4.28,4.94,4.6,1.58,4.94,0.67,2.05,6.37,1.7,6.95,9.98,4.08,67.491
2.63,0.51,3.75,9.91,7.54,1.68,7.25,4.76,0.07,5.32,5.1,0.69,112.204
1.61,6.46,7.94,0.61,8.67,9.02,3.76,3.57,9.15,4.9,5.95,0.04,125.356
3.9,0.78,3.52,8.12,6.79,9.43,3.17,6.93,2.33,0.85,5.66,5.26,134.463
6.78,8.11,9.64,3.05,5.14,4.45,3.01,2.96,8.89,2.38,8.96,2.36,130.147
7.95,5.95,8.95,1.66,3.28,5.69,1.02,7.21,1.84,8.2,6.42,2.87,121.480
6.77,0.45,3.38,4.33,6.89,3.29,7.65,3.57,2.94,8.3,0.67,6.88,83.672
8.71,9.41,1.22,0.01,2.75,9.31,2.89,4.6,7.65,1.27,5.36,4.69,118.707
9.05,2.76,5.05,9.65,2.02,6.31,9.39,9.39,5.09,2.26,3.35,5.71,99.005
3.92,0.57,9.98,0.11,3.24,8.09,6.58,5.08,3.01,4.62,8.23,2.85,85.314
7.47,1.39,2.15,1.39,2.39,3.0,3.0,1.53,5.69,7.17,7.19,9.01,52.962
6.32,6.05,1.87,8.99,6.65,0.96,9.67,3.71,4.94,9.33,4.96,3.04,86.508
9.8,7.04,0.55,6.42,9.76,4.41,1.59,9.82,6.45,7.88,3.39,4.78,112.002
0.52,4.83,8.86,4.41,0.64,9.56,7.66,3.45,3.71,8.44,7.4,5.92,78.786
4.76,9.45,6.96,6.29,6.88,9.73,7.84,7.99,8.15,4.75,7.95,8.2,98.195
3.15,8.76,3.95,4.35,2.64,4.17,7.23,3.72,5.68,4.68,8.75,6.85,73.205
7.81,9.6,8.57,8.43,9.74,0.35,5.76,4.38,3.6,1.15,3.18,9.74,160.014
2.75,3.0,3.31,8.75,4.38,3.17,3.26,2.27,7.85,7.86,7.39,6.38,72.436
4.93,3.15,6.09,7.55,1.14,5.87,5.86,1.55,9.66,0.06,1.18,9.99,101.519
4.3,6.26,7.99,0.41,3.22,1.44,7.05,9.88,2.36,9.78,1.66,0.15,76.490
8.5,2.24,5.72,5.3,6.9,4.18,8.48,0.86,2.71,5.69,1.87,8.97,114.906
2.07,0.91,2.39,8.67,7.9,0.6,8.09,9.81,8.93,6.83,8.73,0.2,52.923
1.17,1.69,5.75,5.35,1.19,3.71,2.05,0.46,0.91,5.26,3.39,7.55,96.126
4.07,9.99,8.3,3.49,4.26,0.05,9.62,2.61,3.67,0.7,4.34,2.33,129.609
0.22,2.25,8.28,4.53,1.94,1.78,8.31,3.32,3.27,8.0,4.36,2.05,64.824
5.63,0.93,7.95,0.29,7.15,1.73,1.37,2.83,4.64,8.0,3.84,2.65,101.500
8.01,9.09,4.04,4.93,2.78,0.82,0.96,5.92,4.57,0.94,5.44,8.63,112.132
4.38,0.71,6.69,0.1,4.99,4.87,8.8,7.61,6.54,6.73,0.69,9.62,54.364
4.21,7.07,5.53,4.38,4.73,1.47,0.35,2.41,3.42,4.13,7.36,3.3,130.615
4.77,0.95,8.6,7.23,2.37,2.0,1.11,9.38,7.39,7.29,2.97,1.4,87.745
8.02,6.47,8.04,2.87,4.83,0.13,4.61,4.27,1.17,7.63,4.83,6.06,106.265
9.88,9.51,7.3,9.83,2.09,3.89,0.39,5.32,8.63,9.73,4.46,3.37,133.229
9.94,1.42,7.67,7.23,9.65,7.35,3.88,1.89,1.53,6.58,1.54,2.77,237.823
0.29,4.97,7.73,2.06,7.7,3.44,6.88,0.35,7.32,8.85,6.58,8.09,68.794
9.05,3.79,4.98,9.28,4.6,4.35,3.25,9.87,6.61,2.77,5.37,7.33,102.415
1.32,2.12,4.03,3.96,8.02,9.46,1.28,0.88,2.25,7.63,9.0,7.34,101.868
4.88,9.6,3.64,9.13,9.27,5.39,2.07,1.9,0.92,9.41,8.4,9.31,130.928
1.95,2.32,5.06,3.46,4.45,8.28,1.63,2.17,7.79,7.43,3.77,4.09,94.940
4.16,8.85,3.32,0.58,7.94,2.62,8.84,3.79,5.0,4.87,1.88,1.06,107.980
8.53,5.76,6.88,1.84,2.43,3.77,8.84,8.15,5.48,8.19,0.4,8.01,74.763
9.63,4.14,6.79,8.08,5.09,5.28,7.82,8.2,3.48,3.42,4.63,0.39,139.621
0.28,4.23,7.55,3.45,9.42,3.02,7.95,5.73,3.59,3.94,7.24,6.8,79.291
4.34,9.11,3.44,0.6,1.45,8.39,8.81,8.47,5.84,4.25,5.49,7.19,68.240
8.25,6.36,7.31,1.06,7.4,1.17,2.88,1.7,8.09,4.46,2.45,2.9,140.347
0.91,7.42,6.08,6.46,4.44,8.88,7.26,3.89,6.79,5.61,8.32,3.21,97.463
4.92,4.74,5.79,5.37,2.76,4.96,0.76,9.17,2.11,10.0,3.56,1.81,104.123
3.17,9.99,3.12,6.46,5.44,5.24,8.74,7.74,5.14,1.92,6.68,5.86,92.627
8.73,7.06,6.44,6.72,2.63,5.71,2.32,7.45,5.35,6.78,8.39,4.52,107.124
2.48,5.08,7.97,9.23,4.31,6.65,8.85,9.41,8.14,3.57,8.23,0.96,91.216
2.38,9.61,2.79,7.17,3.21,2.96,3.8,8.1,4.6,2.57,0.18,4.36,119.102
7.2,0.07,5.39,0.91,3.65,2.64,8.15,9.64,3.24,3.01,9.36,3.43,53.923
0.74,6.78,0.38,7.64,2.29,1.18,6.47,7.16,4.94,1.16,8.37,8.77,51.560
2.87,9.04,4.9,4.67,5.95,1.09,5.96,3.83,9.21,9.72,7.57,2.25,74.001
6.91,3.25,5.61,6.46,7.99,5.74,2.68,3.67,6.27,7.35,6.29,4.5,116.905
3.58,4.77,5.13,3.24,7.16,2.2,4.91,4.69,4.36,0.68,8.49,2.69,101.007
8.86,7.11,8.84,5.05,2.94,6.15,0.16,6.5,8.81,0.85,3.05,1.43,187.260
1.13,3.28,2.61,1.41,3.89,5.02,4.86,3.08,7.97,9.82,4.12,5.52,49.025
2.88,1.05,1.76,7.05,3.6,2.21,9.68,9.36,1.36,1.38,6.03,9.83,49.283
2.53,6.58,7.68,4.43,4.25,0.28,8.86,9.7,1.11,0.66,0.45,5.26,98.886
2.7,7.26,1.7,0.4,1.32,8.48,9.37,0.87,7.5,1.12,7.24,6.47,67.117
8.07,8.24,2.36,6.41,6.88,7.35,4.85,2.29,2.88,5.82,9.88,7.56,118.119
2.64,8.07,5.23,9.37,6.62,7.16,2.25,0.47,4.3,6.22,6.75,2.22,176.002
2.73,6.61,0.82,2.87,2.52,8.11,8.67,9.56,9.12,0.15,8.1,2.15,62.675
8.17,1.56,5.63,7.64,1.58,7.02,7.05,1.99,1.51,1.97,3.26,5.74,146.840
3.1,0.07,1.52,6.56,3.82,3.31,6.71,3.36,9.07,6.76,7.1,9.18,43.575
2.92,3.86,7.38,0.93,1.96,1.38,4.42,0.25,2.05,6.96,4.47,8.22,69.890
4.98,8.88,0.07,2.64,8.22,4.3,3.47,8.62,9.91,5.92,0.13,8.81,78.920
5.57,0.11,8.75,2.9,8.49,1.79,8.28,2.98,4.1,5.95,3.28,5.28,92.434
4.45,2.55,8.03,8.93,8.74,3.82,8.83,8.52,4.37,3.96,3.75,0.23,123.129
6.29,6.54,3.7,2.68,3.64,9.06,6.48,5.77,5.65,0.43,8.23,8.6,90.757
5.06,2.14,0.26,3.74,6.87,1.02,2.91,4.18,7.44,7.35,2.89,9.2,56.197
8.22,3.38,2.21,1.83,9.93,1.95,6.37,0.57,7.14,5.84,9.66,6.56,76.148
3.54,4.41,8.59,2.78,9.55,5.45,4.14,0.35,4.59,8.65,4.84,2.23,138.387
8.8,7.72,6.06,3.74,2.06,8.22,1.44,7.27,0.66,6.01,9.41,2.0,136.618
0.84,7.26,9.58,1.7,9.12,5.65,2.34,6.85,0.15,7.03,8.58,1.98,126.810
4.74,8.83,0.92,4.5,9.19,5.83,0.11,1.94,6.32,7.47,4.78,8.13,118.296
8.8,6.22,9.84,5.95,4.65,0.5,7.31,5.77,2.53,4.05,5.09,7.02,113.189
5.68,3.89,0.26,7.21,1.71,5.68,1.88,0.06,5.3,6.6,9.15,6.32,83.350
3.81,1.01,5.87,5.55,6.37,0.06,6.09,1.76,6.98,7.58,5.62,7.77,63.324
6.74,7.84,9.96,1.96,1.39,9.93,2.88,0.96,8.43,3.62,4.88,7.84,132.192
4.13,1.63,5.16,5.75,9.47,2.77,8.25,9.43,5.32,6.65,7.73,2.59,72.329
7.66,2.99,2.41,1.54,4.53,4.77,1.48,7.4,2.44,0.54,1.87,4.45,131.463
0.65,8.01,7.59,3.93,5.59,7.21,2.23,4.25,4.64,2.66,5.28,9.15,116.909
6.2,6.49,2.46,9.2,7.87,6.64,0.6,9.04,6.01,7.98,3.03,1.48,138.095
6.58,7.26,6.53,3.22,6.56,1.3,7.3,8.14,1.85,9.11,0.97,3.86,100.704
5.0,9.06,5.66,9.85,2.89,4.08,6.33,0.75,9.06,6.72,7.28,0.15,120.634
4.5,5.32,6.8,9.74,3.72,1.06,2.64,8.95,5.84,3.06,3.26,6.29,103.662
8.4,1.71,6.35,6.18,8.73,1.91,6.01,8.78,1.63,9.58,6.93,3.14,92.265
9.93,7.83,8.67,0.9,4.71,9.29,2.39,9.83,1.77,5.46,5.47,8.57,123.410
4.21,1.8,7.14,7.26,4.78,6.09,3.83,9.9,3.07,2.57,7.48,8.07,89.576
4.94,0.71,0.98,8.6,3.95,8.35,0.17,1.89,4.75,7.77,3.49,5.87,114.996
7.13,3.1,1.03,0.94,0.62,2.83,1.98,2.57,1.72,2.37,2.99,9.95,72.521
6.89,5.85,8.8,8.08,1.09,3.77,8.38,7.76,0.42,9.47,4.92,4.67,96.800
8.32,2.79,9.99,2.97,8.13,8.0,2.84,1.61,7.63,2.47,0.41,6.96,183.394
9.93,1.2,6.86,3.66,6.53,0.87,4.8,3.89,7.91,5.18,9.89,7.89,73.433
0.72,8.79,6.57,2.11,1.11,3.57,9.07,4.36,7.65,9.31,0.35,3.34,67.107
10.0,1.25,4.22,6.64,8.87,0.62,4.72,6.72,3.49,1.63,9.4,5.35,100.926
0.01,5.43,3.61,2.9,1.33,8.7,7.68,1.93,0.64,4.97,2.79,7.91,84.799
4.3,2.76,0.9,1.77,3.09,7.58,8.46,5.99,0.96,2.67,1.61,9.59,69.672
4.27,4.22,6.17,8.52,4.13,8.43,5.8,8.51,8.7,9.25,6.44,6.63,78.844
8.34,4.98,7.49,6.65,4.7,1.25,7.25,7.61,1.13,2.76,3.37,6.86,115.286
8.81,3.76,7.8,7.19,9.14,7.83,3.56,5.6,0.06,6.52,9.15,5.44,146.818
3.91,6.34,2.49,5.04,7.3,3.14,7.6,4.46,2.95,2.48,9.85,0.68,100.714
4.34,7.75,0.65,5.12,5.05,2.94,9.65,1.49,4.39,6.1,6.54,7.05,73.396
1.94,9.26,6.5,5.41,0.26,7.69,1.41,8.28,4.27,5.83,4.37,4.86,107.030
6.14,3.29,2.07,6.84,0.6,4.3,6.7,5.56,5.73,3.43,0.7,3.12,92.076
2.79,6.36,2.14,8.98,5.17,6.74,0.5,8.76,6.3,1.32,4.14,2.08,139.307
5.03,0.85,6.53,5.39,4.83,4.0,2.75,3.19,3.96,2.53,9.96,8.55,86.070
1.46,1.63,8.35,9.28,2.63,9.13,5.0,5.42,3.78,1.21,6.01,1.34,142.707
2.48,0.59,9.36,1.12,0.82,7.04,9.11,1.36,7.17,1.68,9.66,0.58,72.429
5.93,0.03,2.52,9.42,3.92,5.76,5.34,5.81,1.27,1.85,5.7,6.06,105.955
7.86,3.76,3.02,8.02,6.84,3.34,3.69,7.38,9.91,5.38,3.39,0.06,110.164
9.82,1.23,4.88,5.37,0.6,6.19,8.34,5.8,3.49,3.96,0.77,0.82,121.182
4.48,8.81,1.29,4.18,5.84,4.54,1.0,1.59,2.84,3.25,1.83,1.7,238.657
3.93,0.34,5.48,4.13,0.37,7.95,4.52,7.68,9.14,2.25,5.51,2.59,70.054
5.71,0.54,9.66,1.3,9.35,2.49,9.57,9.72,5.17,7.02,7.94,5.27,65.003
2.27,4.01,3.82,3.53,1.17,8.0,7.97,8.64,8.04,0.45,7.65,4.85,60.638
5.43,3.86,8.23,5.2,7.16,9.7,8.21,9.72,7.43,3.18,7.29,9.04,88.210
7.91,6.09,8.85,0.83,2.67,7.46,5.84,9.1,1.92,6.81,6.2,2.0,106.087
7.51,3.99,9.12,8.77,2.54,7.4,1.37,8.92,6.74,5.27,9.94,8.03,97.666
4.46,7.68,5.86,1.43,9.99,4.32,5.28,6.39,1.68,6.65,5.23,6.02,107.968
2.95,2.37,4.83,1.05,2.88,0.3,7.51,7.69,8.02,2.34,1.59,9.52,39.215
4.79,3.92,9.36,9.83,9.14,0.48,1.88,2.64,6.74,4.42,8.28,1.96,144.753
4.67,7.79,5.31,5.96,5.2,9.82,3.41,4.91,3.19,5.37,6.18,7.42,127.133
8.18,3.1,5.17,6.81,7.73,7.94,3.11,9.17,7.64,3.41,4.55,6.81,112.223
7.52,7.76,9.27,9.72,6.79,6.14,2.39,6.52,0.25,2.15,4.91,9.38,184.375
5.61,2.17,9.73,1.4,0.75,6.63,3.74,6.5,4.93,7.53,5.61,1.71,87.575
0.71,6.38,2.4,3.31,5.43,3.6,1.35,9.69,3.98,7.55,4.14,0.14,81.304
4.45,7.54,3.03,5.43,4.33,7.08,0.22,2.77,9.51,1.38,2.83,1.59,174.098
7.88,3.59,6.05,8.86,3.81,7.11,6.38,2.12,6.74,5.1,1.87,8.21,122.617
2.6,0.43,9.96,0.95,0.24,1.09,5.25,9.66,8.23,0.58,7.39,7.63,39.417
5.49,3.28,2.61,8.9,7.56,4.54,8.81,2.94,6.45,3.96,9.67,5.71,86.255
1.27,3.18,4.38,6.52,8.82,9.72,6.74,3.82,3.97,8.33,4.42,7.85,96.470
8.79,0.42,8.15,7.47,2.96,8.27,8.05,6.12,7.77,0.81,2.74,3.1,126.128
0.24,6.83,5.01,5.21,3.77,3.36,1.85,0.92,8.72,4.38,5.74,4.29,94.286
4.62,7.16,9.02,9.3,6.65,1.57,9.21,3.57,1.47,5.03,6.03,6.47,120.579
2.67,9.43,7.18,2.94,5.55,3.9,1.69,9.32,2.57,0.81,4.55,6.08,126.579
2.94,8.43,6.06,0.4,2.34,0.96,8.5,3.46,8.94,6.86,7.34,2.42,56.317
6.83,6.83,7.75,1.11,7.69,9.46,6.59,3.04,2.63,9.51,8.52,8.03,103.523
1.35,6.31,1.08,2.18,3.39,2.32,6.11,8.62,9.69,9.41,3.71,1.8,42.272
3.31,5.73,4.44,7.01,5.01,5.18,6.08,0.52,1.25,8.4,3.36,8.71,108.333
2.89,7.08,7.8,8.01,6.46,2.08,2.07,5.94,6.0,4.65,9.53,8.87,92.607
6.36,3.61,0.27,7.06,3.43,0.93,2.35,1.96,4.56,1.53,4.8,9.39,88.085
4.15,4.27,9.1,5.36,7.86,4.89,5.23,7.81,4.58,7.13,5.36,1.77,111.763
9.66,6.11,2.68,0.97,3.27,2.57,7.95,0.95,8.14,5.85,4.18,8.92,70.186
0.02,6.14,0.36,8.25,4.56,5.52,0.2,6.25,6.98,3.79,1.17,0.6,130.858
8.88,4.99,9.19,4.0,5.94,5.28,5.49,4.66,8.27,2.2,5.33,0.31,145.773
7.86,3.81,5.23,2.63,5.92,3.75,7.67,5.38,3.81,3.05,6.23,0.26,110.606
9.19,8.21,4.01,0.47,0.49,0.16,0.1,4.73,2.2,0.05,0.89,4.58,179.522
1.67,8.32,7.01,3.02,7.59,4.14,7.81,3.23,7.72,6.79,4.01,0.62,105.202
7.82,0.5,5.08,4.92,5.37,2.0,3.55,6.37,8.92,1.27,4.56,2.31,95.219
5.45,0.77,10.0,3.26,4.01,6.09,0.56,8.08,5.02,9.93,0.02,8.85,91.128
3.51,5.63,2.18,2.79,5.63,6.04,8.25,8.32,9.61,8.97,0.89,2.6,66.718
8.54,6.14,1.24,9.64,5.28,0.89,3.89,5.77,7.43,9.55,9.85,7.64,71.901
8.29,4.61,7.45,2.78,8.09,7.21,2.86,8.22,4.7,1.89,4.11,8.34,127.590
9.75,6.13,1.62,4.18,5.59,3.85,7.68,1.8,2.79,0.08,0.68,4.57,176.818
9.81,0.91,9.0,5.99,5.0,3.08,3.06,7.27,0.65,8.94,2.89,9.95,103.144
2.18,1.97,9.43,2.03,3.52,4.6,7.61,5.67,7.61,3.05,8.68,3.45,65.789
2.81,9.55,9.16,7.7,3.61,5.14,3.6,4.68,1.08,2.98,5.99,3.58,173.300
7.87,5.25,2.18,3.13,3.11,1.69,6.68,9.07,0.39,7.4,9.2,0.96,68.932
2.94,2.72,1.07,9.73,9.19,7.93,7.82,1.73,8.1,3.59,3.76,5.92,108.603
6.16,1.61,1.91,8.58,6.57,4.06,2.79,2.53,5.88,2.76,1.16,6.68,132.523
2.01,2.07,5.7,7.87,0.54,7.09,2.47,2.32,7.63,2.5,6.88,0.4,113.874
0.04,0.72,9.14,5.69,1.19,5.87,4.18,7.0,4.38,4.13,3.43,7.72,73.444
7.1,0.69,6.21,5.45,4.19,1.0,4.2,6.93,5.02,9.5,7.5,1.48,71.152
1.3,7.64,7.94,0.2,9.93,7.52,0.3,4.83,6.59,9.86,2.86,1.3,134.149
5.7,5.2,8.02,1.32,8.56,2.16,2.78,0.94,6.22,2.98,4.0,7.98,124.337
0.72,1.1,1.78,8.43,5.45,7.0,2.04,8.33,6.91,5.93,2.2,5.61,78.917
6.66,9.59,6.56,2.34,4.57,8.5,5.98,9.73,8.58,1.39,8.96,2.69,102.384
1.87,2.39,1.15,3.2,9.65,3.98,0.19,5.54,0.57,1.1,8.31,1.38,130.135
8.86,4.72,0.79,0.43,2.09,1.3,2.38,4.28,6.27,1.31,7.88,6.52,63.513
7.08,6.38,8.14,5.97,2.49,9.55,6.93,1.53,5.67,1.57,9.57,3.66,136.917
9.13,7.84,8.56,3.89,4.53,3.96,3.06,3.61,8.94,1.69,6.21,5.61,130.185
9.88,0.21,1.67,9.27,1.24,4.36,0.45,7.27,2.27,4.8,7.94,2.15,107.034
2.94,5.61,4.71,3.82,3.99,5.58,2.88,7.47,3.69,7.63,5.26,4.77,84.069
2.47,3.85,8.06,9.99,1.27,0.03,5.87,9.59,6.25,1.91,2.75,8.04,74.600
3.18,6.21,4.09,7.74,3.93,8.34,2.14,8.23,5.58,6.95,0.18,4.36,122.048
1.65,4.69,9.34,0.07,1.42,6.1,7.79,8.89,1.77,1.88,3.44,9.46,70.027
2.06,0.95,0.44,1.59,9.11,7.24,7.96,5.98,5.05,4.48,2.75,6.59,65.194
8.3,1.61,6.42,5.43,7.08,2.72,7.11,2.75,8.29,0.7,4.69,8.45,98.656
2.73,0.19,0.66,0.53,7.21,9.31,7.98,8.46,0.63,0.12,0.48,6.53,85.248
1.41,7.92,4.27,5.16,7.37,0.59,6.35,4.45,2.65,3.99,5.67,8.35,84.933
5.07,2.31,9.09,4.33,3.82,7.34,3.37,1.15,3.1,0.66,1.89,3.04,241.938
7.98,2.37,9.17,6.98,2.22,8.46,9.16,2.36,5.47,5.97,9.21,6.29,96.672
9.95,7.99,3.03,8.73,9.87,8.55,2.41,9.19,0.74,7.03,5.11,6.49,155.376
1.84,1.65,6.44,2.82,7.67,2.36,1.32,1.13,2.09,9.93,1.22,4.92,110.529
3.75,7.47,3.25,4.78,8.56,2.77,4.54,6.12,7.65,8.26,8.41,1.6,83.598
7.18,9.81,9.1,4.01,0.46,9.76,0.65,4.03,0.75,1.93,8.25,8.84,164.908
7.06,7.33,8.11,5.51,1.72,1.27,7.51,5.06,1.53,2.59,7.1,0.77,126.221
1.64,0.16,5.83,4.22,0.02,3.72,6.42,4.18,2.04,5.28,1.41,4.2,66.256
4.26,1.76,9.48,7.52,0.27,7.18,4.61,0.85,7.13,4.56,0.32,4.89,136.270
6.08,0.62,6.86,3.27,5.43,6.59,8.56,0.7,4.39,6.42,0.67,2.88,122.142
0.98,5.95,7.04,3.83,1.84,0.01,0.49,6.36,8.82,1.05,5.8,8.67,63.001
3.26,3.23,9.06,0.3,1.39,1.59,4.97,7.6,9.86,3.01,5.63,8.13,48.036
1.2,0.48,8.04,3.34,5.43,3.25,1.07,7.14,0.28,1.79,2.19,4.69,126.690
5.31,5.53,9.57,7.18,9.49,6.39,3.92,9.54,9.59,9.94,8.22,5.9,92.273
9.74,8.1,6.59,1.6,1.65,9.68,6.19,3.92,7.88,8.9,7.32,5.02,95.233
9.96,3.95,5.24,2.37,8.81,1.29,8.8,9.73,9.8,6.2,1.26,6.92,74.034
4.72,2.14,7.38,3.14,3.99,5.65,1.09,1.72,7.83,3.7,1.65,9.79,104.810
2.71,2.43,5.25,7.83,4.69,5.91,8.0,3.21,6.05,6.98,0.36,7.61,89.475
6.63,0.43,4.42,1.78,9.2,8.44,6.43,3.91,5.34,9.76,0.56,2.36,108.956
4.73,3.46,0.92,5.55,2.87,9.89,5.23,0.39,8.41,1.86,9.55,0.06,107.529
9.08,6.33,3.78,8.77,9.68,9.42,7.48,7.08,9.54,2.34,6.76,0.17,141.025
9.77,3.12,0.38,9.39,9.5,5.62,8.07,8.01,5.83,6.04,3.49,0.17,119.519
5.64,5.72,8.69,6.87,0.76,4.93,1.9,8.69,9.05,9.79,7.32,4.69,78.692
1.05,1.51,2.58,8.37,4.84,7.58,7.19,0.68,3.76,3.17,0.11,2.14,152.082
5.53,1.02,1.34,5.37,8.5,8.52,6.74,7.59,1.98,9.64,3.66,7.25,82.149
4.27,8.08,3.52,0.46,8.69,9.84,1.34,7.46,2.65,5.52,7.72,8.8,104.091
3.22,0.72,5.78,5.67,2.85,8.6,0.76,3.88,4.51,7.22,8.86,7.29,82.534
4.59,3.89,7.14,8.27,0.63,3.65,3.02,9.87,4.83,0.56,0.3,7.39,108.471
0.57,9.73,0.31,0.84,2.33,3.26,4.69,4.08,7.07,8.85,8.98,7.81,41.080
2.96,2.74,8.33,5.14,1.14,0.08,9.94,9.89,2.21,4.48,7.96,2.56,55.049
5.14,3.53,2.83,4.99,3.07,5.93,1.38,1.99,3.99,4.74,7.92,5.91,98.303
6.41,6.08,3.04,4.84,6.14,4.08,4.4,3.49,5.21,0.04,0.71,3.97,171.661
8.72,5.94,2.79,0.43,7.26,8.96,6.53,1.38,3.2,2.56,8.39,8.37,112.060
5.79,1.98,7.12,9.93,0.52,3.88,3.71,4.46,3.97,3.82,4.23,3.51,123.291
8.55,9.21,2.74,1.73,6.64,2.98,5.63,1.71,9.73,8.01,1.81,3.47,104.908
9.69,0.79,1.67,1.7,5.21,9.28,6.93,5.81,8.55,5.08,7.79,1.36,79.786
5.26,7.86,4.93,7.78,9.6,9.13,7.98,2.02,5.24,9.8,8.89,0.92,127.862
1.57,4.44,3.86,8.01,5.76,3.99,7.73,7.29,3.63,4.5,5.64,8.66,73.778
8.64,7.9,4.72,6.9,4.06,2.23,8.83,3.99,7.95,8.47,9.34,5.41,78.313
6.88,2.13,8.82,3.56,4.82,0.76,9.07,0.9,9.3,9.52,4.46,9.6,62.940
3.32,1.04,0.29,3.63,3.52,9.46,1.72,2.6,4.63,0.77,5.95,4.34,106.247
8.34,5.67,0.56,5.0,7.3,0.14,3.27,8.25,6.86,3.14,0.26,9.7,85.801
8.78,5.51,2.08,7.4,5.35,5.03,7.26,9.79,0.16,8.66,9.31,1.03,94.311
4.29,2.23,7.6,3.62,6.75,0.41,5.6,4.51,8.04,1.18,8.07,2.63,82.917
5.45,8.88,8.82,7.01,6.49,8.45,0.07,4.13,2.37,2.43,2.17,5.21,275.336
6.6,9.34,2.84,3.77,2.97,9.85,8.91,0.35,7.27,7.54,5.25,0.28,119.493
7.29,2.89,9.09,1.12,5.23,8.94,5.63,9.75,8.39,2.12,6.75,9.18,82.640
9.88,1.3,2.52,6.19,7.29,8.77,5.01,9.3,0.22,8.96,0.06,4.08,130.112
7.54,3.35,1.47,3.72,8.51,8.01,7.23,0.03,4.83,6.07,4.3,5.17,117.988
8.09,4.66,4.14,2.05,9.3,3.3,0.61,4.86,1.99,5.18,9.38,7.32,107.498
0.3,4.73,2.33,8.32,1.22,6.83,1.02,6.04,0.47,2.84,2.28,9.85,105.467
1.78,9.87,2.07,9.97,6.31,7.21,7.85,3.61,4.29,7.76,0.29,5.96,125.034
5.33,8.72,1.16,3.18,2.37,0.02,9.5,2.16,2.71,2.24,8.76,7.38,63.450
4.94,0.15,0.65,0.18,10.0,9.79,2.97,9.47,2.41,8.75,9.88,9.8,59.404
9.66,6.32,5.96,8.21,3.08,5.3,9.9,3.21,7.37,5.79,2.07,1.56,128.863
4.0,5.68,6.2,0.63,5.17,9.1,4.47,3.97,1.72,0.08,2.13,6.31,164.775
4.7,6.59,0.23,0.93,5.69,3.67,4.55,8.12,0.48,0.8,6.08,8.14,77.423
9.3,1.88,5.73,2.56,6.12,7.21,7.97,0.29,0.55,5.05,5.75,4.92,133.714
6.83,4.23,8.27,9.65,8.28,7.65,0.32,2.58,6.31,4.4,7.48,2.34,191.677
5.26,5.32,8.95,0.63,8.08,1.13,1.15,3.02,9.56,4.12,4.71,4.93,106.839
9.25,3.47,8.03,1.42,5.62,2.59,9.2,3.06,3.08,8.84,5.58,6.51,83.761
6.59,9.39,0.52,6.39,6.21,3.17,3.67,3.02,5.58,3.29,5.42,6.55,117.218
6.51,7.56,9.67,3.04,4.88,8.44,8.76,7.21,4.56,0.93,9.6,6.89,105.665
6.07,7.75,6.34,6.48,8.22,8.13,1.07,7.77,6.74,8.2,0.6,8.25,131.750
0.75,1.18,9.8,2.56,2.82,1.29,8.93,3.71,4.7,1.78,4.85,9.28,55.338
5.53,7.26,5.41,4.71,8.12,7.43,4.65,3.86,5.71,9.86,3.5,8.74,105.892
4.76,5.18,1.56,7.72,8.8,9.9,6.03,5.8,2.71,3.55,0.61,2.69,177.279
1.16,7.57,7.65,8.41,5.15,6.39,1.13,7.68,8.45,2.99,1.26,9.11,118.648
1.98,0.1,0.37,8.69,0.67,6.83,2.46,5.05,7.83,7.67,3.8,6.91,55.279
9.92,3.95,1.35,4.94,1.89,8.15,7.17,9.86,4.66,3.03,9.51,3.93,79.140
3.78,2.17,4.73,9.22,5.98,3.21,9.4,6.03,3.79,1.69,1.56,8.27,94.632
5.07,8.43,7.5,6.63,5.15,9.7,5.06,7.86,7.94,3.77,6.09,3.28,124.941
3.38,9.72,5.41,3.06,6.08,1.49,6.65,8.89,7.44,3.19,9.35,0.22,81.533
4.64,3.54,3.29,1.94,2.64,1.66,2.34,5.62,3.42,5.37,7.82,6.2,57.556
3.71,3.48,1.42,2.36,1.67,9.12,1.84,2.0,6.46,4.09,4.51,1.48,106.771
3.12,0.55,5.28,4.61,2.1,6.19,5.0,7.24,6.04,6.23,7.23,1.26,66.212
1.03,5.62,6.85,0.06,7.06,3.34,2.41,2.95,3.51,2.38,8.61,9.43,81.803
6.57,1.12,6.88,8.65,5.93,4.37,8.96,1.77,4.48,0.79,5.79,5.64,122.202
7.52,4.28,0.22,8.02,4.22,5.17,5.57,7.16,7.34,1.9,4.77,7.02,87.174
6.63,6.15,9.84,8.27,2.13,2.96,8.42,3.98,4.72,2.64,9.14,5.94,103.272
2.74,1.21,1.69,6.51,5.49,7.16,7.56,5.08,2.7,0.28,3.52,9.24,87.385
0.31,5.62,0.53,2.24,7.92,4.73,3.02,8.54,6.83,4.63,0.51,0.66,88.260
5.07,1.65,2.52,1.82,9.95,8.87,2.49,7.8,2.92,3.48,8.33,5.41,98.193
2.96,3.79,9.64,4.45,1.25,0.24,5.28,3.74,4.29,2.4,8.73,2.31,83.477
1.39,7.4,7.7,5.71,8.44,5.05,7.09,7.4,8.39,5.39,5.44,4.16,94.243
5.66,9.71,7.84,8.21,3.93,5.5,7.6,1.91,0.24,6.17,0.15,6.19,183.513
7.71,4.42,0.63,0.55,0.66,7.47,2.86,9.68,1.94,1.0,0.79,3.58,108.010
4.84,0.26,0.5,5.43,1.3,2.45,2.42,3.26,7.01,1.41,4.94,6.81,57.176
8.05,1.49,4.58,4.43,6.06,8.0,0.53,5.7,9.15,1.03,8.14,7.29,102.418
6.76,4.66,3.08,7.04,9.38,0.17,8.0,2.07,6.26,0.73,3.89,0.35,145.962
0.31,9.82,4.49,8.99,6.1,1.97,0.2,9.2,3.42,4.65,8.49,5.18,101.734
3.47,5.8,9.38,1.26,1.0,7.8,7.58,4.09,1.93,3.13,6.72,4.22,103.759
8.73,4.45,9.76,8.46,1.39,5.65,4.68,7.18,9.86,8.31,1.75,9.68,92.716
5.32,6.19,8.6,8.41,0.4,0.8,0.17,1.66,9.04,2.55,0.14,1.85,192.862
8.89,9.38,9.32,6.4,5.2,9.58,3.69,3.46,5.67,0.45,1.8,7.75,213.716
5.44,9.97,7.86,4.47,0.06,4.59,5.11,7.58,3.78,3.55,5.41,7.89,97.209
5.36,4.29,8.24,9.7,3.13,2.17,2.14,3.64,2.88,5.07,1.68,5.24,159.274
7.35,5.89,4.83,5.43,0.73,9.89,3.47,3.8,9.27,3.27,1.93,3.77,133.751
2.21,7.58,5.88,9.07,7.33,6.15,8.97,1.89,3.04,7.63,6.92,0.72,131.025
7.8,1.64,9.58,9.44,6.57,0.49,2.45,4.51,4.8,0.39,6.47,1.6,175.668
6.43,4.45,0.27,5.88,4.48,4.94,9.55,4.8,0.33,8.58,9.48,0.11,80.518
3.36,5.88,7.47,4.26,9.94,1.54,6.88,7.38,2.17,4.21,6.39,1.12,115.275
7.28,5.36,8.42,2.46,4.68,9.62,3.13,0.87,9.68,9.95,6.34,8.89,97.324
0.7,8.44,7.99,9.31,6.42,5.34,2.93,3.19,6.13,9.16,0.51,6.58,134.035
0.91,4.46,4.17,2.09,3.74,5.99,4.9,8.13,0.01,1.11,3.76,3.25,100.945
9.05,2.58,4.69,0.33,2.99,7.36,4.7,8.3,9.5,4.19,1.82,0.31,93.685
7.3,5.99,7.21,3.02,5.81,2.21,8.69,7.54,7.29,8.25,3.48,3.43,81.541
2.1,2.65,3.49,8.88,5.32,3.53,9.65,2.59,4.76,1.21,0.76,3.46,115.782
8.74,5.06,0.21,2.1,7.45,3.2,3.07,8.04,1.58,2.43,6.75,5.41,98.094
4.83,5.74,0.56,6.02,9.11,9.16,0.87,4.13,1.63,7.32,8.69,8.32,114.406
8.59,8.62,0.73,8.03,9.86,6.67,9.5,7.2,5.83,9.88,8.65,4.91,92.452
1.03,3.17,1.87,9.13,4.51,5.79,7.87,4.32,1.2,7.71,8.17,4.99,74.431
6.97,3.56,2.21,4.42,5.43,3.65,4.42,4.29,3.94,8.82,7.27,5.32,77.041
2.87,5.05,8.89,1.93,0.01,4.73,7.22,7.25,6.43,9.25,2.63,0.04,71.542
8.87,9.47,8.38,8.49,5.03,5.43,7.57,2.9,1.84,2.15,3.38,5.82,193.026
5.13,2.39,6.4,7.42,1.99,0.55,4.19,10.0,3.08,0.92,5.11,5.54,82.802
0.42,9.55,0.95,4.19,0.17,9.92,4.91,8.38,3.81,0.43,9.54,10.0,67.979
5.19,1.79,5.44,1.49,5.27,1.53,2.51,5.27,6.28,0.88,6.55,5.72,76.112
0.01,3.2,2.4,0.21,6.51,5.47,7.76,0.03,8.77,4.62,4.0,9.2,51.774
7.77,9.1,0.19,9.46,0.45,0.87,9.6,3.99,6.3,0.23,0.85,5.55,104.977
6.53,0.11,0.37,3.91,5.04,3.01,2.62,4.36,4.83,6.16,2.01,3.05,82.371
0.18,3.93,5.61,4.7,4.03,4.52,2.11,7.7,9.05,6.08,6.17,2.85,67.638
1.35,4.57,5.87,9.15,0.33,4.4,8.82,5.07,8.39,0.2,8.86,0.66,80.219
3.43,6.44,2.77,4.2,7.92,2.92,8.45,7.56,5.15,2.05,4.63,9.01,75.115
1.24,7.74,7.64,2.0,3.7,8.86,1.39,8.16,5.3,1.49,6.91,7.12,102.667
9.17,1.53,0.23,3.71,7.27,4.64,9.69,4.71,8.12,2.02,7.87,4.66,71.621
9.52,0.86,6.99,6.34,0.41,6.58,1.46,2.26,7.38,4.28,1.66,2.71,155.443
5.37,4.85,2.8,6.57,7.69,6.7,8.8,8.56,2.39,2.3,6.11,9.78,89.562
7.66,7.08,0.38,1.33,8.64,4.97,4.39,4.55,8.68,3.93,1.41,7.55,98.525
6.57,9.69,6.75,4.03,4.95,6.51,6.08,1.91,5.61,1.16,9.5,6.12,126.728
1.6,7.72,7.8,7.37,3.74,4.83,3.59,7.54,3.25,2.82,2.23,4.65,137.292
9.18,8.5,4.4,8.11,7.15,3.51,6.48,4.68,2.89,1.26,0.82,3.41,209.058
9.71,4.55,2.35,4.44,8.52,4.6,5.82,8.58,5.59,7.45,0.31,1.05,118.646
3.64,2.21,7.49,8.31,1.05,3.0,4.98,5.52,7.7,2.94,2.13,9.21,79.126
8.37,6.78,1.44,6.13,3.0,2.87,6.72,6.83,1.92,1.84,0.58,1.32,148.829
4.67,8.06,1.5,2.67,3.73,0.19,6.11,5.94,8.89,2.74,4.28,6.26,60.842
7.45,6.16,3.95,1.6,8.59,2.21,9.02,9.45,6.87,4.5,3.77,4.58,78.450
3.92,7.08,7.47,4.1,8.26,1.87,8.64,8.21,5.31,3.05,7.51,8.8,78.757
4.83,0.18,0.62,5.14,6.52,3.1,4.84,7.53,8.27,2.05,6.52,1.42,66.569
5.1,8.66,4.05,5.22,5.5,0.67,8.43,7.68,7.23,2.75,4.14,2.84,88.298
6.3,2.28,0.28,0.1,0.71,4.91,1.31,0.98,1.78,5.53,1.46,4.42,94.186
0.02,0.96,2.89,3.21,8.84,9.57,5.62,1.2,4.86,1.2,8.1,5.01,98.076
1.97,0.92,2.07,7.74,5.97,4.74,2.31,5.73,3.95,4.56,9.81,0.88,85.940
9.25,1.65,0.52,4.34,7.75,4.4,9.08,6.93,7.05,5.44,3.74,3.71,77.636
7.61,7.69,2.41,3.83,5.79,8.4,8.53,0.7,0.14,0.73,4.45,8.75,153.348
4.47,4.94,9.11,2.25,2.95,1.36,8.66,2.49,2.92,0.53,2.74,7.46,101.129
6.97,7.02,0.05,2.76,9.48,6.76,2.62,0.88,1.37,4.4,5.17,8.24,145.679
5.5,2.57,6.76,4.65,4.45,9.65,5.73,1.86,4.04,4.38,4.83,9.57,110.424
1.91,3.64,1.94,9.64,8.18,2.78,6.71,5.3,1.22,4.44,4.1,6.73,98.561
5.23,6.31,3.54,9.19,5.96,7.96,6.8,4.45,0.85,2.2,4.67,1.8,183.871
2.37,7.16,8.81,3.85,3.16,9.95,4.39,6.44,8.34,5.9,3.25,7.92,97.406
1.34,3.79,2.75,7.71,2.85,7.85,5.61,4.67,6.09,2.43,9.03,0.84,91.699
5.5,9.36,4.31,4.63,4.58,0.83,7.63,5.46,1.49,8.3,3.43,3.29,98.682
4.07,6.31,5.62,7.36,0.69,2.03,1.57,8.37,1.25,0.06,4.11,8.09,111.215
7.62,6.99,1.71,2.56,4.57,9.33,0.38,7.66,4.56,5.47,3.08,7.87,112.957
4.09,7.83,6.62,8.73,1.85,7.41,3.68,8.05,7.47,0.88,1.08,9.85,117.801
4.9,6.64,8.49,4.88,3.7,6.82,9.34,7.52,8.33,3.76,4.43,7.9,85.828
6.52,2.75,2.87,0.21,0.12,3.3,3.59,1.98,8.73,2.9,0.47,1.19,83.616
3.76,6.11,8.69,0.29,7.49,1.35,3.43,6.42,7.57,1.86,6.69,6.93,84.164
8.99,4.2,7.04,3.47,5.3,1.64,8.21,6.25,2.89,4.19,2.07,8.73,94.743
9.26,7.76,9.07,9.55,0.98,1.23,6.1,7.19,5.0,9.35,4.47,3.26,107.012
7.52,5.3,1.74,2.64,3.05,4.16,4.74,0.33,0.95,0.61,1.98,0.73,261.349
9.83,8.83,5.96,7.32,5.24,4.04,0.14,0.99,9.33,6.91,2.28,7.7,150.713
2.67,1.6,2.74,4.49,6.76,3.91,5.18,8.71,0.78,5.23,8.58,5.82,64.636
2.44,2.31,0.9,3.84,6.0,7.33,7.28,1.21,6.28,9.43,3.86,7.85,63.548
1.31,1.64,9.02,0.36,9.87,3.1,2.07,3.73,4.49,8.84,4.69,4.13,90.519
3.76,6.39,1.49,0.26,2.45,2.72,9.59,3.41,3.28,1.72,0.28,0.65,90.174
5.12,5.83,3.45,1.87,7.83,1.89,3.73,5.52,1.62,3.42,7.51,6.71,91.161
9.24,0.54,5.23,5.3,9.62,8.31,6.79,2.3,7.7,4.08,0.48,2.66,159.267
3.9,6.33,3.34,2.24,1.49,3.16,3.23,0.74,2.17,6.76,9.6,8.05,66.972
0.26,4.13,7.47,8.59,5.97,8.58,6.01,2.86,8.19,3.75,3.42,3.53,126.081
9.46,1.41,0.41,3.92,5.87,3.75,8.22,8.77,5.0,2.5,9.22,3.22,67.208
5.62,2.4,3.84,6.44,3.52,7.36,3.33,7.02,5.39,3.45,2.36,7.05,102.028
7.07,7.57,6.74,4.98,6.72,7.49,8.09,7.27,6.18,4.41,1.62,5.72,121.868
9.0,5.08,0.58,0.51,5.58,4.56,7.71,4.57,3.17,6.1,0.12,9.37,81.540
7.65,6.11,3.15,2.72,3.0,7.63,4.69,2.74,2.99,4.48,2.51,6.67,125.664
0.86,7.01,8.41,8.84,5.96,4.13,8.06,2.86,2.67,0.98,4.39,5.4,144.540
5.09,0.43,0.48,1.86,1.91,5.26,2.24,5.92,3.82,1.26,1.59,0.24,99.735
5.46,7.14,6.0,2.98,2.62,0.21,8.75,1.97,6.22,8.45,1.39,0.85,88.346
1.96,7.24,3.6,2.37,5.53,1.86,2.27,1.91,3.29,9.92,2.21,8.89,79.186
7.57,8.32,3.28,1.86,8.46,1.1,5.88,7.91,5.96,7.65,2.3,2.49,95.030
0.97,4.22,7.76,0.12,8.72,0.35,3.11,2.22,9.6,8.89,0.81,0.29,88.844
9.23,5.01,7.52,0.28,7.15,1.7,4.31,8.66,0.98,5.9,6.09,6.23,96.021
5.2,2.76,4.67,0.43,9.32,4.99,3.98,4.39,0.1,4.52,2.45,2.56,152.056
7.18,8.71,5.55,9.03,5.44,1.45,4.77,8.24,6.92,7.56,9.86,0.74,98.083
5.27,4.23,2.17,6.8,2.77,1.49,6.76,2.64,0.21,5.52,8.76,9.62,67.830
5.87,5.95,4.78,2.12,10.0,2.13,0.23,0.7,9.77,1.84,5.24,0.22,171.389
8.07,1.92,9.86,8.16,3.56,2.62,6.26,0.05,0.75,7.92,7.89,3.37,130.297
3.42,7.2,5.8,5.77,2.37,9.18,9.1,9.55,3.65,9.38,1.37,8.01,82.172
8.43,7.66,6.78,7.88,5.62,3.5,7.15,8.84,9.66,7.45,4.71,1.46,101.528
7.47,5.0,9.6,6.75,4.96,7.47,2.88,7.7,1.48,3.59,9.15,5.95,134.146
6.63,4.15,5.25,6.56,6.73,0.87,8.3,3.27,0.29,5.01,0.81,1.31,158.978
4.08,5.4,2.07,3.25,4.89,2.73,1.96,6.88,8.77,5.28,3.05,6.9,68.270
1.72,1.17,9.6,8.29,0.85,5.51,8.0,2.21,5.69,6.97,5.47,8.57,73.530
2.45,8.8,3.74,4.2,0.23,7.96,1.68,2.16,2.88,0.02,1.1,9.16,161.059
5.43,7.96,1.33,9.98,4.84,4.16,8.79,1.32,3.43,3.29,1.26,5.91,140.417
2.37,6.38,3.61,0.62,9.2,0.28,5.32,5.39,5.49,4.62,1.31,8.28,73.857
4.71,4.53,9.83,9.09,7.23,4.61,3.13,9.79,9.6,6.96,0.55,9.48,101.240
6.66,4.58,3.42,6.5,3.4,3.48,3.57,6.92,0.13,6.35,2.25,3.02,126.079
9.35,3.31,9.04,2.34,7.9,1.65,9.2,3.39,4.65,6.86,4.53,1.89,110.059
3.43,3.37,1.19,7.47,8.13,8.33,8.81,4.65,2.21,0.57,8.41,9.71,92.899
4.9,9.19,8.94,6.88,5.51,6.7,9.05,1.79,5.89,0.88,3.81,1.05,187.450
3.25,7.24,6.02,1.33,2.88,6.32,0.56,5.28,2.57,5.4,7.87,6.32,96.571
9.43,4.43,6.74,1.13,9.72,1.0,1.4,7.63,3.78,2.85,5.75,7.06,113.980
4.55,2.39,5.73,2.25,2.93,7.46,8.25,8.07,9.89,6.8,5.72,6.61,55.823
2.41,4.91,7.88,9.52,7.86,4.77,5.22,8.66,8.95,4.13,0.17,1.75,129.328
1.34,4.92,5.6,2.84,3.64,6.64,3.43,3.2,0.17,4.89,1.93,5.62,129.834
2.64,5.1,9.14,5.72,2.26,8.9,2.13,9.49,7.08,4.84,9.69,5.36,87.484
3.51,9.67,5.28,6.41,5.97,7.35,6.81,3.52,1.97,8.53,2.05,5.57,134.236
8.21,3.61,1.28,4.92,6.32,9.67,6.76,4.4,5.61,0.99,5.02,7.47,112.430
2.81,1.55,8.5,5.48,1.98,0.66,9.69,3.32,3.89,3.59,3.98,1.52,80.723
1.71,2.83,6.71,0.87,6.29,9.34,3.17,0.2,5.39,3.99,1.79,1.44,173.655
6.63,4.73,3.19,8.45,1.24,7.95,5.65,4.31,3.05,4.71,0.48,3.91,145.590
6.11,7.61,3.85,0.84,3.69,8.23,0.37,9.52,3.29,9.04,0.56,3.13,117.059
6.64,7.5,4.7,1.0,2.22,3.99,9.71,1.61,6.66,0.47,0.08,8.83,95.212
9.25,7.46,9.44,8.49,0.5,3.92,2.06,5.48,0.94,6.12,2.23,9.35,149.198
1.06,6.08,7.56,1.86,0.88,6.51,7.86,0.69,7.25,1.56,5.07,9.66,74.634
4.39,3.98,0.01,0.58,6.31,9.48,5.67,7.01,9.88,5.67,2.17,7.54,65.235
7.68,4.65,1.49,7.45,3.38,1.76,6.99,9.45,9.82,2.08,6.71,0.06,75.221
9.98,6.24,4.09,4.85,3.36,4.32,2.82,4.94,1.56,2.94,6.98,6.51,127.534
4.22,8.97,8.65,5.31,1.19,9.88,7.62,8.02,5.49,1.79,5.3,4.81,115.713
0.39,4.86,8.29,3.92,3.83,4.44,9.08,9.57,5.74,1.22,2.03,2.22,86.169
9.95,3.68,2.34,6.57,8.37,6.0,8.88,6.3,8.65,3.95,5.77,4.2,97.775
1.27,1.88,9.09,4.3,1.38,7.61,3.01,0.4,9.43,3.55,5.5,1.2,110.567
7.59,8.38,7.35,5.61,9.15,1.39,2.29,6.17,4.55,9.06,1.57,6.08,132.806
1.54,8.19,8.7,6.35,4.37,5.86,3.1,9.16,2.81,4.44,0.58,4.24,143.896
5.72,6.87,6.17,5.73,0.97,8.17,3.11,2.2,9.67,6.61,9.96,0.32,105.522
7.69,8.42,9.34,2.71,3.77,2.97,4.51,3.92,7.38,9.3,1.24,5.67,108.994
